SKU,Category,Date,Historical_Price,Recommended_Price,Historical_Volume,Simulated_Volume,Historical_Revenue,Simulated_Revenue,Historical_Margin,Simulated_Margin
SKU0001,Electronics,2025-01-01,11760.661000000002,10272.49,14.6,17.954633795128235,171705.65060000002,184438.79611411685,54905.65060000002,40801.725753090956
SKU0002,Electronics,2025-01-01,19571.524000000005,24843.99,21.300000000000004,13.171060094993798,416873.4612000002,327221.685289425,33473.461200000114,90142.60357953663
SKU0003,Electronics,2025-01-01,37434.674000000006,36240.99,10.3,11.217321912960532,385577.1422000001,406526.8512743835,76577.14220000007,70007.19388556753
SKU0004,Electronics,2025-01-01,13330.321000000004,11458.99,8.900000000000002,11.389770893407489,118639.85690000006,130515.27076984748,38539.85690000004,28007.332729180078
SKU0005,Electronics,2025-01-01,7261.856000000002,7815.49,26.100000000000005,23.5236451135863,189534.44160000008,183848.8131487826,32934.44160000005,42706.94246726479
SKU0006,Electronics,2025-01-01,45548.46800000001,46752.49,28.40000000000001,26.226113917949547,1293576.4912000007,1226136.1286877969,100776.49120000027,124639.34413391599
SKU0007,Electronics,2025-01-01,18431.392,14513.99,10.2,15.353977441578998,188000.1984,222847.47504730316,65600.1984,38599.745748355184
SKU0008,Groceries,2025-01-01,694.7820000000002,776.49,38.2,33.84840235339384,26540.672400000007,26282.94594338678,5530.672400000006,7666.32464902017
SKU0009,Groceries,2025-01-01,1019.1050000000002,1113.99,54.40000000000001,50.57917808846534,55439.31200000003,56344.69859876951,9199.312000000016,13352.397223573966
SKU0010,Groceries,2025-01-01,606.816,544.49,61.40000000000001,69.15334337538424,37258.50240000001,37653.303934462965,11470.502400000005,8608.899716801585
SKU0011,Groceries,2025-01-01,655.3070000000001,675.49,57.3,55.76489446232884,37549.091100000005,37668.628560358506,7753.091100000007,8670.883439947513
SKU0012,Groceries,2025-01-01,456.76700000000005,479.49,62.60000000000001,59.62228421168353,28593.614200000007,28588.289056660135,6057.6142000000045,7124.266740454065
SKU0013,Groceries,2025-01-01,393.388,329.49,46.3,55.24366825128295,18213.8644,18202.236252115217,5249.864399999999,2734.0091417559934
SKU0014,Apparel,2025-01-01,569.0240000000001,649.49,30.90000000000001,26.45446368277948,17582.841600000007,17181.909617328445,2132.8416000000043,3954.6777759387046
SKU0015,Apparel,2025-01-01,1953.38,2099.99,39.2,35.89825128938535,76572.49600000001,75385.96872519633,13852.496000000005,17948.766662179773
SKU0016,Apparel,2025-01-01,3261.5740000000005,2770.49,25.100000000000005,30.792241440183908,81865.50740000003,85309.5969876151,26645.507400000017,17566.66581921051
SKU0017,Apparel,2025-01-01,3343.2410000000004,3674.49,42.60000000000001,37.78555675335313,142422.06660000005,138842.65043462854,23142.066600000024,33043.09152523977
SKU0018,Apparel,2025-01-01,2424.4040000000005,2640.99,32.7,29.401919623792534,79278.01080000002,77650.17570723983,17148.010800000015,21786.52842203402
SKU0019,Apparel,2025-01-01,2235.6550000000007,1840.49,22.300000000000004,28.28969959003092,49855.10650000002,52066.90919845601,16405.106500000016,9632.359813409628
SKU0020,Home & Kitchen,2025-01-01,6571.426000000001,6303.99,22.300000000000004,23.61532630217666,146542.79980000007,148870.78085565864,35042.79980000004,30794.149344775335
SKU0021,Home & Kitchen,2025-01-01,4549.018,5013.99,25.500000000000004,22.398079264538254,115999.95900000002,112303.74545160215,19099.959000000003,27191.04424635679
SKU0022,Home & Kitchen,2025-01-01,4770.926000000001,3989.49,11.200000000000005,14.246852429635016,53434.37120000004,56837.6752995046,17594.371200000023,11247.747524672546
SKU0023,Home & Kitchen,2025-01-01,7211.424000000001,8749.49,26.1,19.656627736412197,188218.16640000005,171985.46781346115,18568.166400000024,44217.38752678187
SKU0024,Home & Kitchen,2025-01-01,2287.2830000000004,2425.49,22.800000000000004,21.188448240829807,52150.052400000015,51392.36932365028,11110.05240000001,13253.162490156632
SKU0025,Home & Kitchen,2025-01-01,1915.235,1773.49,16.800000000000004,18.481839368207844,32175.948000000008,32777.35730112293,8655.948,6902.782185631948
SKU0026,Beauty & Personal Care,2025-01-01,1210.0080000000005,1152.49,34.400000000000006,35.9338285790864,41624.275200000026,41413.37809911129,10664.275200000018,9072.932377933526
SKU0027,Beauty & Personal Care,2025-01-01,638.5930000000001,623.49,31.500000000000004,32.185990073338594,20115.679500000006,20067.64295082588,4365.679500000003,3974.6479141565833
SKU0028,Beauty & Personal Care,2025-01-01,733.8890000000001,855.49,33.00000000000001,28.27513526619361,24218.33700000001,24189.095468875974,2768.3370000000045,5810.257545850125
SKU0029,Beauty & Personal Care,2025-01-01,2296.871,2261.99,40.400000000000006,41.01991529911693,92793.58840000002,92786.6382074495,20073.588400000008,18950.790669039023
SKU0030,Beauty & Personal Care,2025-01-01,2924.737,2667.99,40.00000000000001,43.84403950760827,116989.48000000003,116975.45896590379,28989.480000000007,20518.572049165585
SKU0031,Beauty & Personal Care,2025-01-01,467.89400000000006,606.49,42.50000000000001,33.1740962688374,19885.495000000006,20119.757646087197,760.4950000000027,5191.414325110365
SKU0032,Sports & Fitness,2025-01-01,3834.0970000000007,3814.49,28.700000000000003,28.891306703084595,110038.58390000003,110205.60050584916,23938.58390000002,23531.680396595366
SKU0033,Sports & Fitness,2025-01-01,1113.56,1135.99,22.1,21.57371881477992,24609.676,24507.52883640184,4719.6759999999995,5091.181903099913
SKU0034,Sports & Fitness,2025-01-01,1982.3660000000004,2353.99,35.50000000000001,28.709996635287272,70373.99300000003,67583.04497949989,6473.993000000017,15905.05103598279
SKU0035,Sports & Fitness,2025-01-01,824.6130000000002,843.99,30.200000000000003,29.381489463430157,24903.31260000001,24797.683292240417,3763.3126000000057,4230.640667839309
SKU0036,Sports & Fitness,2025-01-01,3509.6390000000006,3249.99,20.6,22.74513603113932,72298.56340000001,73921.46464984247,18738.563400000014,14784.110968880243
SKU0037,Sports & Fitness,2025-01-01,581.683,730.99,27.9,21.2740097326786,16228.955699999999,15551.08837449073,883.9556999999998,3850.3830215175
SKU0038,Books & Stationery,2025-01-01,539.695,575.49,42.60000000000001,39.53868493788528,22991.007000000005,22754.1177949036,3821.007000000003,4961.709572855224
SKU0039,Books & Stationery,2025-01-01,347.98600000000005,313.49,45.8,51.63275049345271,15937.758800000001,16186.350952192492,2197.758800000002,696.5258041566775
SKU0040,Books & Stationery,2025-01-01,519.99,673.99,63.10000000000001,46.72183187959775,32811.369000000006,31490.047468530087,1261.3690000000008,8129.131528731213
SKU0041,Books & Stationery,2025-01-01,282.24300000000005,250.49,51.30000000000001,58.79727542602546,14479.065900000005,14728.129521465118,1654.065900000003,28.81066495875301
SKU0042,Books & Stationery,2025-01-01,950.241,987.99,28.100000000000005,26.82597960480156,26701.772100000006,26503.799589747894,4221.7721,5043.0159059066455
SKU0043,Books & Stationery,2025-01-01,682.1600000000001,848.99,51.70000000000001,40.01983473940353,35267.67200000001,33976.4394954062,1662.6720000000046,7963.546914793908
SKU0044,Pet Supplies,2025-01-01,2063.853,2058.99,44.7,44.820006683161246,92254.22910000001,92283.94556056216,20734.229100000004,20571.93486750417
SKU0045,Pet Supplies,2025-01-01,1430.2690000000002,1338.49,30.100000000000005,31.857715345911465,43051.09690000001,42641.23341334904,9941.09690000001,7597.746532846426
SKU0046,Pet Supplies,2025-01-01,549.779,567.49,46.2,45.062426543751606,25399.789800000002,25572.4764393136,4609.7898000000005,5294.384494625377
SKU0047,Pet Supplies,2025-01-01,402.20900000000006,415.49,43.50000000000001,42.40289548887807,17496.091500000006,17617.97904667395,2271.091500000003,2776.9656255666255
SKU0048,Pet Supplies,2025-01-01,1008.3300000000002,1146.99,31.6,27.745400765225217,31863.228000000006,31823.697223705673,3423.228000000005,6852.836535002976
SKU0049,Pet Supplies,2025-01-01,2359.7500000000005,2363.99,30.90000000000001,30.84577496184005,72916.27500000004,72919.10355204025,17296.27500000002,17396.708620728165
SKU0001,Electronics,2025-01-02,11798.234000000002,10161.99,11.500000000000002,14.49734687900726,135679.69100000005,147321.894011003,43679.691000000035,31343.1189789449
SKU0002,Electronics,2025-01-02,19484.859000000004,25026.99,25.40000000000001,15.405148192133886,494915.41860000027,385544.4897530529,37715.418600000114,108251.82229464292
SKU0003,Electronics,2025-01-02,36888.645,36505.49,25.40000000000001,26.07231708466692,936971.5830000002,951782.7106111373,174971.58299999998,169613.19807112977
SKU0004,Electronics,2025-01-02,13247.934,11606.99,9.3,11.531608737177628,123205.7862,133847.26729633336,39505.786199999995,30062.7886617347
SKU0005,Electronics,2025-01-02,6950.557000000001,7752.99,21.700000000000003,18.56642848781471,150827.08690000002,143945.33440174258,20627.086900000017,32546.763474854306
SKU0006,Electronics,2025-01-02,44933.863000000005,45787.99,27.40000000000001,25.868317003280104,1231187.8462000005,1184458.2402630192,80387.84620000016,97988.92612525495
SKU0007,Electronics,2025-01-02,18210.365,14626.49,9.400000000000002,13.717197128262928,171177.43100000004,200634.44662456642,58377.431000000026,36028.08108541129
SKU0008,Groceries,2025-01-02,658.5690000000002,783.49,54.70000000000001,45.3475417411298,36023.724300000016,35529.34547875779,5938.724300000012,10588.197521136399
SKU0009,Groceries,2025-01-02,1000.77,1116.99,75.10000000000002,68.67593157944572,75157.82700000002,76710.32881492507,11322.827000000003,18335.786972396214
SKU0010,Groceries,2025-01-02,605.3190000000002,550.99,52.00000000000001,57.669344116064586,31476.588000000014,31775.231914510427,9636.58800000001,7554.107385763301
SKU0011,Groceries,2025-01-02,653.7350000000001,685.49,42.50000000000001,40.72234140335591,27783.73750000001,27914.757808586444,5683.737500000007,6739.140278841371
SKU0012,Groceries,2025-01-02,453.6070000000001,487.49,56.70000000000001,52.73723981601937,25719.51690000001,25708.877037911283,5307.516900000006,6723.47070414431
SKU0013,Groceries,2025-01-02,384.8490000000001,338.99,68.80000000000001,78.01236478857722,26477.61120000001,26445.41153967979,7213.6112000000085,4601.9493988781705
SKU0014,Apparel,2025-01-02,585.1210000000001,628.99,20.000000000000004,18.346075632256326,11702.420000000004,11539.498111932908,1702.4200000000021,2366.4602958047435
SKU0015,Apparel,2025-01-02,1978.2480000000005,2108.99,34.60000000000001,32.00169223320969,68447.38080000003,67491.2489029169,13087.38080000002,16288.541329781392
SKU0016,Apparel,2025-01-02,3299.231,2814.99,22.600000000000005,27.59261825074813,74562.62060000002,77672.94444967348,24842.62060000001,16969.184298027587
SKU0017,Apparel,2025-01-02,3222.3170000000005,3667.49,32.2,27.28341187095872,103758.60740000002,100061.6402026224,13598.607400000015,23668.086963937974
SKU0018,Apparel,2025-01-02,2415.4290000000005,2659.49,26.40000000000001,23.402482855716105,63767.32560000004,62238.66912994842,13607.325600000018,17773.95170408782
SKU0019,Apparel,2025-01-02,2220.6280000000006,1833.99,23.1,29.18129711879932,51296.50680000002,53518.20710290677,16646.506800000014,9746.261424707785
SKU0020,Home & Kitchen,2025-01-02,6556.248000000001,6238.49,22.700000000000003,24.3084824638788,148826.82960000006,151648.22476608324,35326.829600000034,30105.81244668925
SKU0021,Home & Kitchen,2025-01-02,4492.5560000000005,4992.99,27.500000000000007,23.898458817611736,123545.29000000005,119324.76589174721,19045.29000000002,28510.622384822622
SKU0022,Home & Kitchen,2025-01-02,4759.543000000001,4038.49,18.700000000000003,23.17609948713151,89003.45410000002,93596.44601778573,29163.454100000014,19432.927658964894
SKU0023,Home & Kitchen,2025-01-02,7395.180000000001,8765.99,20.300000000000004,15.77515730184732,150122.15400000007,138284.8711564206,18172.154000000028,35746.348694413005
SKU0024,Home & Kitchen,2025-01-02,2278.023,2421.99,20.600000000000005,19.07463992482549,46927.27380000002,46198.58715152809,9847.273800000004,11864.235286842202
SKU0025,Home & Kitchen,2025-01-02,1867.0870000000004,1752.99,26.40000000000001,28.5056673651086,49291.09680000003,49970.14983436173,12331.096800000016,10062.215523209685
SKU0026,Beauty & Personal Care,2025-01-02,1224.215,1162.99,32.800000000000004,34.3445651612278,40154.252,39942.385836856316,10634.251999999999,9032.277191751298
SKU0027,Beauty & Personal Care,2025-01-02,634.942,620.49,41.0,41.85244207140558,26032.622,25969.021780886447,5532.622,5042.800745183658
SKU0028,Beauty & Personal Care,2025-01-02,731.989,861.49,34.50000000000001,29.282192367047767,25253.620500000005,25226.31590228798,2828.620500000002,6192.890863706933
SKU0029,Beauty & Personal Care,2025-01-02,2402.51,2255.49,30.500000000000004,32.492421957358324,73276.55500000002,73286.33280060212,18376.555000000008,14799.973277357136
SKU0030,Beauty & Personal Care,2025-01-02,2794.677,2682.49,34.2,35.635174331626786,95577.95340000001,95590.99879284552,20337.953400000006,17193.6152632666
SKU0031,Beauty & Personal Care,2025-01-02,474.10100000000006,613.99,45.2,35.32503336960751,21429.365200000004,21689.217238605317,1089.3652000000027,5792.952222281936
SKU0032,Sports & Fitness,2025-01-02,3905.973,3786.49,23.700000000000003,24.679934304040344,92571.56010000002,93450.32444290572,21471.560100000002,19410.521530784685
SKU0033,Sports & Fitness,2025-01-02,1140.431,1138.49,35.00000000000001,35.07093883997793,39915.08500000001,39927.91315992647,8415.085000000003,8364.068203946335
SKU0034,Sports & Fitness,2025-01-02,1980.497,2372.99,37.00000000000001,29.59990910348152,73278.38900000001,70240.2883034706,6678.389000000004,16960.451917203867
SKU0035,Sports & Fitness,2025-01-02,850.1620000000001,839.99,30.40000000000001,30.835606077211093,25844.92480000001,25901.600748796547,4564.924800000006,4316.676494748781
SKU0036,Sports & Fitness,2025-01-02,3387.6280000000006,3290.99,14.1,14.648066037957008,47765.554800000005,48206.63885025613,11105.554800000009,10121.66715156791
SKU0037,Sports & Fitness,2025-01-02,555.4820000000001,728.99,31.000000000000007,22.474527372691167,17219.942000000006,16383.705709418135,169.94200000000265,4022.7156544379923
SKU0038,Books & Stationery,2025-01-02,543.3330000000001,570.99,47.2,44.56200221043979,25645.317600000006,25444.45764213902,4405.317600000004,5391.556647441111
SKU0039,Books & Stationery,2025-01-02,348.65600000000006,314.99,48.7,54.71531074774072,16979.547200000005,17234.77573243085,2369.547200000003,820.1825081086339
SKU0040,Books & Stationery,2025-01-02,548.0330000000001,662.49,47.80000000000001,38.32999583828302,26195.97740000001,25393.238942904118,2295.9774000000066,6228.241023762608
SKU0041,Books & Stationery,2025-01-02,296.63200000000006,250.49,55.0,66.70398757591843,16314.760000000004,16708.68184789181,2564.7600000000034,32.68495391220064
SKU0042,Books & Stationery,2025-01-02,913.022,988.49,51.10000000000001,46.55569639619299,46655.42420000001,46019.840330672814,5775.424200000003,8775.283213718418
SKU0043,Books & Stationery,2025-01-02,682.1820000000001,847.99,42.7,33.061755893051725,29129.171400000007,28036.038379748934,1374.1714000000056,6545.897049265312
SKU0044,Pet Supplies,2025-01-02,2025.326,2053.99,33.900000000000006,33.35899206099091,68658.55140000001,68519.03610335471,14418.551400000004,15144.648805769255
SKU0045,Pet Supplies,2025-01-02,1409.5060000000003,1310.49,30.200000000000003,32.14192838790076,42567.081200000015,42121.67573306007,9347.08120000001,6765.554506369232
SKU0046,Pet Supplies,2025-01-02,541.806,566.49,40.50000000000001,39.10152882199459,21943.143000000004,22150.625062371717,3718.1430000000023,4554.937092474151
SKU0047,Pet Supplies,2025-01-02,418.119,418.49,50.00000000000001,49.96525281745614,20905.950000000004,20909.95865157722,3405.950000000002,3422.1201654675715
SKU0048,Pet Supplies,2025-01-02,1032.5300000000002,1163.49,43.8,38.868428022955975,45224.814000000006,45223.02732042905,5804.8140000000085,10241.44209976867
SKU0049,Pet Supplies,2025-01-02,2343.1050000000005,2363.99,41.400000000000006,41.04492240202282,97004.54700000004,97029.78610915791,22484.547000000024,23148.92578551684
SKU0001,Electronics,2025-01-03,11916.528000000002,10161.99,14.8,18.8720324784896,176364.61440000005,191777.40532608653,57964.614400000035,40801.145498169724
SKU0002,Electronics,2025-01-03,19398.998000000003,25026.99,23.40000000000001,14.035596561840428,453936.55320000026,351268.7347972148,32736.55320000009,98627.99668408709
SKU0003,Electronics,2025-01-03,37275.77900000001,36731.99,16.200000000000003,16.81969644395203,603867.6198000002,617820.9215822815,117867.61980000018,113230.02826372058
SKU0004,Electronics,2025-01-03,12940.728000000005,11606.99,11.900000000000002,14.158204182039048,153994.66320000007,164334.1343588854,46894.66320000006,36910.296720533974
SKU0005,Electronics,2025-01-03,6935.4000000000015,7752.99,20.40000000000001,17.391214936021367,141482.1600000001,134833.9154868243,19082.16000000004,30486.62587069609
SKU0006,Electronics,2025-01-03,45194.82800000001,46359.49,22.300000000000004,20.618311780433327,1007844.6644000004,955854.418801881,71244.66440000021,89885.32402368124
SKU0007,Electronics,2025-01-03,18181.157,14626.49,12.000000000000002,17.349770678428744,218173.88400000002,253766.24733033124,74173.884,45568.99918918631
SKU0008,Groceries,2025-01-03,661.9540000000001,783.49,71.70000000000002,59.82217253203333,47462.10180000002,46870.07395712279,8027.101800000007,13967.879064504463
SKU0009,Groceries,2025-01-03,1010.6940000000002,1116.99,64.7,59.63219950062781,65391.901800000014,66608.57052020627,10396.901800000012,15921.20094467262
SKU0010,Groceries,2025-01-03,602.7820000000002,550.99,57.600000000000016,63.57458829005067,34720.24320000002,35028.962401935016,10528.243200000012,8327.635320113737
SKU0011,Groceries,2025-01-03,653.714,685.49,63.80000000000001,61.15014547161429,41706.95320000001,41917.81321933688,8530.953200000005,10119.73757409745
SKU0012,Groceries,2025-01-03,453.22600000000006,487.49,47.80000000000001,44.410779524267696,21664.202800000006,21649.810910285258,4456.202800000004,5661.930281548889
SKU0013,Groceries,2025-01-03,388.501,352.49,51.30000000000001,56.51496562329607,19930.101300000002,19920.960232555633,5566.1013,4096.769858032732
SKU0014,Apparel,2025-01-03,594.047,628.99,27.300000000000004,25.52285422186405,16217.483100000003,16053.62007701027,2567.4831000000013,3292.1929660782444
SKU0015,Apparel,2025-01-03,2000.7930000000003,2108.99,28.000000000000007,26.246589775652343,56022.20400000003,55353.79537095303,11222.204000000012,13359.25172990928
SKU0016,Apparel,2025-01-03,3308.6760000000004,2814.99,28.40000000000001,34.74293886196542,93966.39840000003,97801.02546704403,31486.39840000002,21366.559970720107
SKU0017,Apparel,2025-01-03,3310.5270000000005,3667.49,29.40000000000001,25.778956593227957,97329.49380000004,94544.06551609759,15009.49380000002,22362.987055059315
SKU0018,Apparel,2025-01-03,2426.3290000000006,2659.49,33.300000000000004,29.71362793802701,80796.75570000004,79023.09636490344,17526.755700000023,22567.203282652128
SKU0019,Apparel,2025-01-03,2231.0650000000005,1833.99,25.800000000000004,32.74823607320508,57561.47700000002,60059.93747589738,18861.477000000017,10937.583366089764
SKU0020,Home & Kitchen,2025-01-03,6735.456000000001,6238.49,15.400000000000002,17.148529908198107,103726.02240000003,106980.9323469948,26726.02240000002,21238.28280600427
SKU0021,Home & Kitchen,2025-01-03,4488.795000000001,4992.99,24.1,20.90463695962888,108179.95950000003,104376.64329305741,16599.959500000026,24939.022846467655
SKU0022,Home & Kitchen,2025-01-03,4821.101000000001,4038.49,16.300000000000004,20.573564589361474,78583.94630000003,83086.13485849042,26423.946300000018,17250.728172533698
SKU0023,Home & Kitchen,2025-01-03,7331.752000000001,8765.99,23.800000000000004,18.296793909789614,174495.69760000007,160389.51244527666,19795.697600000036,41460.352031644165
SKU0024,Home & Kitchen,2025-01-03,2271.121,2421.99,18.6,17.1499402610094,42242.850600000005,41536.983812762155,8762.850600000002,10667.091342945234
SKU0025,Home & Kitchen,2025-01-03,1855.943,1752.99,21.000000000000004,22.524735748588125,38974.80300000001,39485.6365199175,9574.803000000002,7951.006471894122
SKU0026,Beauty & Personal Care,2025-01-03,1220.228,1162.99,29.300000000000004,30.594732523848013,35752.680400000005,35581.36797791,9382.680400000003,8046.108706446789
SKU0027,Beauty & Personal Care,2025-01-03,639.883,620.49,22.500000000000007,23.13971583024736,14397.367500000006,14357.962275510185,3147.3675000000017,2788.1043603865046
SKU0028,Beauty & Personal Care,2025-01-03,730.3590000000002,861.49,31.40000000000001,26.57777545329184,22933.27260000001,22896.487775256388,2523.2726000000057,5620.933730616691
SKU0029,Beauty & Personal Care,2025-01-03,2391.4490000000005,2255.49,39.7,42.08081504303377,94940.52530000002,94912.85752141224,23480.525300000023,19167.390443951444
SKU0030,Beauty & Personal Care,2025-01-03,2819.9210000000003,2682.49,35.5,37.32284180013818,100107.19550000002,100118.14990045266,22007.19550000001,18007.89794014866
SKU0031,Beauty & Personal Care,2025-01-03,471.051,613.99,36.00000000000001,27.917421055840027,16957.836000000003,17141.01735407522,757.8359999999997,4578.177878947206
SKU0032,Sports & Fitness,2025-01-03,3893.7350000000006,3786.49,24.1,24.993450791817,93839.01350000002,94637.45148870714,21539.013500000015,19657.099113256147
SKU0033,Sports & Fitness,2025-01-03,1125.998,1138.49,22.1,21.807337004621708,24884.555800000002,24827.435106391767,4994.555800000001,5200.831802232231
SKU0034,Sports & Fitness,2025-01-03,1975.849,2372.99,28.200000000000003,22.44752636122943,55718.9418,53267.755579933815,4958.941799999999,12862.208129720846
SKU0035,Sports & Fitness,2025-01-03,859.5390000000002,839.99,31.800000000000004,32.67519684069716,27333.34020000001,27446.83859421721,5073.340200000008,4574.200805729196
SKU0036,Sports & Fitness,2025-01-03,3394.6100000000006,3290.99,24.100000000000005,25.07708035808652,81810.10100000002,82528.42068765915,19150.101000000017,17328.011756634198
SKU0037,Sports & Fitness,2025-01-03,557.9050000000001,728.99,36.10000000000001,26.35110041359512,20140.370500000008,19209.688690506708,285.3705000000032,4716.58346302939
SKU0038,Books & Stationery,2025-01-03,546.8770000000001,570.99,51.60000000000001,49.0889962220477,28218.85320000001,28029.325952827014,4998.853200000004,5939.277652905552
SKU0039,Books & Stationery,2025-01-03,354.21700000000004,337.99,60.400000000000006,63.72692436529367,21394.706800000004,21539.06316622561,3274.7068000000027,2420.985856637507
SKU0040,Books & Stationery,2025-01-03,546.0200000000001,662.49,45.60000000000001,36.40007269520992,24898.51200000001,24114.68415984962,2098.5120000000047,5914.647812244661
SKU0041,Books & Stationery,2025-01-03,291.62700000000007,250.49,59.500000000000014,70.76015801884901,17351.80650000001,17724.71198214149,2476.8065000000047,34.67247742923666
SKU0042,Books & Stationery,2025-01-03,930.1530000000002,988.49,45.50000000000001,42.36054068259102,42321.96150000002,41872.9708593344,5921.961500000012,7984.5383132615825
SKU0043,Books & Stationery,2025-01-03,680.913,847.99,55.1,42.63374792475574,37518.306300000004,36152.99190271362,1703.3063000000006,8441.055751622389
SKU0044,Pet Supplies,2025-01-03,2013.476,2053.99,33.2,32.45091591599596,66847.40320000002,66653.85678229653,13727.403200000004,14732.391316702997
SKU0045,Pet Supplies,2025-01-03,1419.487,1310.49,39.6,42.380012923082695,56211.68520000001,55538.58313557064,12651.685200000004,8920.568920179678
SKU0046,Pet Supplies,2025-01-03,543.936,566.49,32.5,31.46898304494436,17677.920000000002,17826.86420513053,3052.920000000001,3665.8218349055687
SKU0047,Pet Supplies,2025-01-03,412.4570000000001,418.49,34.0,33.61162273732278,14023.538000000004,14066.127999342212,2123.5380000000036,2302.060041279238
SKU0048,Pet Supplies,2025-01-03,1033.937,1163.49,34.5,30.634210991420066,35670.826499999996,35642.598146407334,4620.8264999999965,8071.808254129273
SKU0049,Pet Supplies,2025-01-03,2357.9480000000003,2363.99,30.90000000000001,30.822727790410067,72860.59320000003,72864.62026925149,17240.593200000014,17383.71024651337
SKU0001,Electronics,2025-01-04,11854.161000000002,10161.99,16.200000000000003,20.470031331542017,192037.40820000006,208016.25369081667,62437.40820000004,44256.00303848052
SKU0002,Electronics,2025-01-04,19376.115000000005,25026.99,23.200000000000003,13.87893817235589,449525.8680000002,347348.04685016914,31925.868000000126,97527.15974776313
SKU0003,Electronics,2025-01-04,36829.103,34608.99,6.0,7.130803597274847,220974.61800000002,246789.9103900492,40974.61800000002,32865.80247180378
SKU0004,Electronics,2025-01-04,13138.951,11606.99,10.500000000000004,12.821240283634038,137958.98550000004,148816.00775973743,43458.9855,33424.845207031096
SKU0005,Electronics,2025-01-04,6937.957,7752.99,23.100000000000005,19.72198483617748,160266.80670000004,152904.35121503563,21666.806700000012,34572.442197970755
SKU0006,Electronics,2025-01-04,44906.17800000001,45924.99,29.40000000000001,27.456890233631142,1320241.6332000007,1260957.4094106078,85441.63320000024,107768.01959809984
SKU0007,Electronics,2025-01-04,18147.369,14626.49,10.8,15.606932191714986,195991.5852,228274.63763279733,66391.58519999999,40991.45133221749
SKU0008,Groceries,2025-01-04,661.7320000000001,783.49,56.400000000000006,47.00486626647498,37321.68480000001,36827.84267112048,6301.684800000005,10975.166224559243
SKU0009,Groceries,2025-01-04,995.297,1116.99,71.10000000000001,64.72366144679,70765.61670000001,72295.68259944997,10330.616700000002,17280.570369678462
SKU0010,Groceries,2025-01-04,611.575,550.99,52.80000000000001,59.220412697861214,32291.16000000001,32629.855192394552,10115.160000000005,7757.281859292841
SKU0011,Groceries,2025-01-04,649.7790000000001,685.49,50.70000000000001,48.323194217389634,32943.79530000001,33125.06640407842,6579.795300000007,7997.005411035811
SKU0012,Groceries,2025-01-04,449.277,487.49,56.00000000000001,51.58483627134783,25159.512000000002,25147.091833919356,4999.512,6576.550776234136
SKU0013,Groceries,2025-01-04,388.77,318.49,53.30000000000001,64.97876599636173,20721.441000000003,20695.087182181247,5797.441000000001,2501.0327031999636
SKU0014,Apparel,2025-01-04,594.3900000000001,628.99,40.400000000000006,37.82563803293928,24013.356000000007,23791.94806633848,3813.3560000000048,4879.129049868839
SKU0015,Apparel,2025-01-04,2000.839,2108.99,17.800000000000004,16.663787374800265,35614.93420000001,35143.76093558001,7134.934200000001,8481.701135899582
SKU0016,Apparel,2025-01-04,3282.9310000000005,2814.99,21.6,26.217599806115757,70911.30960000002,73802.2812782178,23391.30960000001,16123.561704763124
SKU0017,Apparel,2025-01-04,3273.982000000001,3667.49,19.700000000000003,16.985384210469338,64497.445400000026,62293.72673805419,9337.445400000019,14734.650948740042
SKU0018,Apparel,2025-01-04,2418.0480000000007,2659.49,26.1,23.166803485469075,63111.05280000002,61611.882201570144,13521.05280000002,17594.955579178903
SKU0019,Apparel,2025-01-04,2225.7610000000004,1833.99,24.500000000000004,31.021415905569008,54531.14450000002,56892.9665566545,17781.144500000013,10360.842698300992
SKU0020,Home & Kitchen,2025-01-04,6653.447000000001,6238.49,20.300000000000004,22.192367904033595,135064.97410000005,138446.86524563454,33564.97410000003,27485.025725466563
SKU0021,Home & Kitchen,2025-01-04,4489.594000000001,4992.99,16.800000000000004,14.53750266639568,75425.17920000004,72585.60543828696,11585.179200000019,17343.095305983377
SKU0022,Home & Kitchen,2025-01-04,4812.309000000001,4038.49,19.200000000000003,24.132701311154083,92396.33280000003,97459.67291808265,30956.332800000026,20235.028722389583
SKU0023,Home & Kitchen,2025-01-04,7348.725000000001,8765.99,23.6,18.20343143601565,173429.91000000003,159571.09793379882,20029.910000000033,41248.7935996971
SKU0024,Home & Kitchen,2025-01-04,2271.9110000000005,2421.99,20.000000000000004,18.45444860616227,45438.220000000016,44696.48997963895,9438.220000000012,11478.482488546866
SKU0025,Home & Kitchen,2025-01-04,1880.7290000000005,1752.99,16.700000000000003,18.223858518689955,31408.174300000013,31946.241744678304,8028.17430000001,6432.839818512367
SKU0026,Beauty & Personal Care,2025-01-04,1216.989,1162.99,35.300000000000004,36.76359328482717,42959.71170000001,42755.69135432115,11189.711700000002,9668.457397976697
SKU0027,Beauty & Personal Care,2025-01-04,646.4460000000001,620.49,31.000000000000007,32.16514583165087,20039.82600000001,19958.151337081046,4539.8260000000055,3875.578421255613
SKU0028,Beauty & Personal Care,2025-01-04,733.4280000000001,861.49,43.30000000000001,36.86125277723817,31757.432400000012,31755.600655062914,3612.4324000000056,7795.786349858101
SKU0029,Beauty & Personal Care,2025-01-04,2353.2160000000003,2255.49,31.000000000000004,32.34581115975851,72949.69600000003,72955.65361272372,17149.696000000014,14733.193525158398
SKU0030,Beauty & Personal Care,2025-01-04,2797.5670000000005,2682.49,32.300000000000004,33.69266515407727,90361.41410000002,90380.23734916073,19301.414100000016,16256.374010190733
SKU0031,Beauty & Personal Care,2025-01-04,468.294,613.99,62.80000000000001,48.59160193383647,29408.863200000003,29834.757671356256,1148.863199999999,7968.536801129843
SKU0032,Sports & Fitness,2025-01-04,3911.0680000000007,3786.49,6.600000000000001,6.9144279807423095,25813.04880000001,26181.412404800947,6013.048800000006,5438.128462574017
SKU0033,Sports & Fitness,2025-01-04,1125.9050000000002,1138.49,27.500000000000007,27.136236481936447,30962.387500000015,30894.333872319825,6212.387500000007,6471.721038577023
SKU0034,Sports & Fitness,2025-01-04,1977.5840000000003,2372.99,29.40000000000001,23.436802640368484,58140.969600000026,55615.298297568006,5220.96960000001,13429.053544904733
SKU0035,Sports & Fitness,2025-01-04,848.3600000000001,839.99,29.800000000000004,30.15153346285329,25281.128000000008,25326.986593462138,4421.128000000004,4220.913169464832
SKU0036,Sports & Fitness,2025-01-04,3388.6120000000005,3290.99,22.500000000000004,23.36166484515162,76243.77000000002,76883.00538874553,17743.770000000015,16142.676791351312
SKU0037,Sports & Fitness,2025-01-04,558.57,728.99,27.000000000000004,19.67038039569366,15081.390000000003,14339.51060465672,231.39000000000138,3520.801387025208
SKU0038,Books & Stationery,2025-01-04,547.6860000000001,570.99,42.00000000000001,40.01595223975979,23002.81200000001,22848.708569380444,4102.812000000007,4841.530061488537
SKU0039,Books & Stationery,2025-01-04,352.78200000000004,300.49,52.000000000000014,62.48421254182298,18344.664000000008,18775.881026692387,2744.664000000003,30.617264145493827
SKU0040,Books & Stationery,2025-01-04,549.1860000000001,662.49,65.4,52.6426480658892,35916.764400000015,34875.22791717094,3216.76440000001,8553.903884226336
SKU0041,Books & Stationery,2025-01-04,290.75500000000005,250.49,42.2,50.06831055972379,12269.861000000003,12541.611112105213,1719.8610000000024,24.533472174265114
SKU0042,Books & Stationery,2025-01-04,924.351,988.49,44.10000000000001,40.75375957262016,40763.879100000006,40284.6837999393,5483.879100000001,7681.676141843174
SKU0043,Books & Stationery,2025-01-04,686.1100000000001,847.99,47.60000000000001,37.13090427405503,32658.83600000001,31486.635515355923,1718.8360000000064,7351.547737220155
SKU0044,Pet Supplies,2025-01-04,2011.0960000000005,2053.99,30.000000000000007,29.28116538702932,60332.88000000003,60143.220893304344,12332.880000000017,13293.356274057434
SKU0045,Pet Supplies,2025-01-04,1418.1660000000002,1310.49,28.200000000000003,30.175346394545063,39992.28120000001,39544.489696587356,8972.281200000005,6351.608662587791
SKU0046,Pet Supplies,2025-01-04,545.461,566.49,34.400000000000006,33.384495538363126,18763.858400000005,18911.982877527327,3283.858400000001,3888.959885263921
SKU0047,Pet Supplies,2025-01-04,411.36800000000005,418.49,40.8,40.25227619083847,16783.8144,16845.175063103994,2503.814400000002,2756.8783963105275
SKU0048,Pet Supplies,2025-01-04,1039.4260000000002,1163.49,40.7,36.35170165592155,42304.63820000001,42294.84135964817,5674.638200000007,9578.30986931877
SKU0049,Pet Supplies,2025-01-04,2337.9370000000004,2363.99,47.00000000000001,46.49852797652633,109883.03900000003,109922.05515122847,25283.03900000002,26224.704793481076
SKU0001,Electronics,2025-01-05,11916.158,10161.99,15.500000000000004,19.7515113136316,184700.44900000002,200714.66045401117,60700.44900000001,42702.56994495838
SKU0002,Electronics,2025-01-05,19527.726,25026.99,19.800000000000004,11.979368394692573,386648.9748000001,299807.5330202871,30248.97479999998,84178.90191582078
SKU0003,Electronics,2025-01-05,37220.98300000001,32376.49,1.5000000000000002,2.4978029720549904,55831.47450000002,80870.09294670868,10831.474500000013,5936.003785058968
SKU0004,Electronics,2025-01-05,13054.839000000004,11319.99,1.1000000000000003,1.5945254614049182,14360.322900000008,18050.01227784906,4460.322900000006,3699.283125204796
SKU0005,Electronics,2025-01-05,6940.657000000001,7752.99,22.1,18.87266158589853,153388.51970000003,146319.55654885544,20788.519700000026,33083.58703346426
SKU0006,Electronics,2025-01-05,45390.967,46797.99,17.700000000000003,16.092551390608868,803420.1159000001,753099.0590521998,60020.11589999995,77211.90064662741
SKU0007,Electronics,2025-01-05,18335.768000000004,14626.49,10.800000000000002,15.880906089723023,198026.29440000007,232281.9141122729,68426.29440000006,41711.04103559662
SKU0008,Groceries,2025-01-05,661.3000000000001,783.49,50.900000000000006,42.37511321409643,33660.170000000006,33200.47745211241,5665.170000000004,9894.165184359375
SKU0009,Groceries,2025-01-05,1009.0430000000002,1116.99,59.20000000000001,54.48358649990784,59735.34560000002,60857.621284532055,9415.345600000015,14546.572759610393
SKU0010,Groceries,2025-01-05,612.7030000000001,550.99,61.70000000000001,69.322438605311,37803.77510000001,38195.97044714031,11889.775100000008,9080.54623290969
SKU0011,Groceries,2025-01-05,649.5930000000001,685.49,53.00000000000001,50.504484226972,34428.42900000001,34620.31889274703,6868.429000000005,8357.987094721597
SKU0012,Groceries,2025-01-05,450.3090000000001,487.49,63.30000000000001,58.453949712201776,28504.55970000001,28495.715945201246,5716.559700000006,7452.294048808605
SKU0013,Groceries,2025-01-05,388.75200000000007,313.99,39.50000000000001,48.89713553442071,15355.704000000005,15353.21158645276,4295.704000000003,1662.0136368149604
SKU0014,Apparel,2025-01-05,594.432,628.99,35.50000000000001,33.23307743795907,21102.336000000007,20903.273377701873,3352.336000000001,4286.73465872234
SKU0015,Apparel,2025-01-05,1995.0000000000005,2108.99,23.700000000000003,22.127031515798222,47281.500000000015,46665.68819650329,9361.500000000013,11262.437771226132
SKU0016,Apparel,2025-01-05,3294.835,2814.99,20.500000000000004,25.00640385025552,67544.11750000001,70392.77677443078,22444.117500000004,15378.688303868637
SKU0017,Apparel,2025-01-05,3309.0070000000005,3667.49,27.200000000000003,23.826880607674664,90004.99040000002,87384.84635984074,13844.990400000015,20669.58065835169
SKU0018,Apparel,2025-01-05,2426.2040000000006,2659.49,24.4,21.742792307225777,59199.377600000014,57824.73871314387,12839.377600000014,16513.4333294149
SKU0019,Apparel,2025-01-05,2247.2790000000005,1833.99,20.000000000000004,25.67072212860523,44945.580000000016,47079.84767664071,14945.58000000001,8573.76448373286
SKU0020,Home & Kitchen,2025-01-05,6688.071000000001,6238.49,15.800000000000002,17.418498561566604,105671.52180000003,108665.12909134764,26671.521800000017,21572.63628351462
SKU0021,Home & Kitchen,2025-01-05,4527.309000000001,4992.99,20.300000000000004,17.792653915752926,91904.37270000004,88838.5430748152,14764.372700000025,21226.458194954077
SKU0022,Home & Kitchen,2025-01-05,4818.244000000001,4038.49,19.700000000000003,24.794391813813007,94919.40680000003,100131.90339616568,31879.406800000015,20789.849591964063
SKU0023,Home & Kitchen,2025-01-05,7429.834000000001,8765.99,21.800000000000004,17.074783969333605,161970.38120000006,149677.3855273387,20270.38120000002,38691.28972667025
SKU0024,Home & Kitchen,2025-01-05,2284.0820000000003,2421.99,17.200000000000003,15.96852157911363,39286.21040000001,38675.59957939742,8326.210400000007,9932.260736992885
SKU0025,Home & Kitchen,2025-01-05,1880.0020000000004,1752.99,26.0,28.31122031188334,48880.05200000001,49629.286094528376,12480.05200000001,9993.5776578917
SKU0026,Beauty & Personal Care,2025-01-05,1222.0020000000002,1162.99,32.800000000000004,34.288911711989826,40081.66560000001,39877.661431927045,10561.665600000008,9017.640891136205
SKU0027,Beauty & Personal Care,2025-01-05,636.2180000000001,620.49,37.0,37.83924644779063,23540.066000000003,23478.874028389608,5040.0660000000025,4559.250804494293
SKU0028,Beauty & Personal Care,2025-01-05,731.0840000000002,861.49,42.0,35.635586001637755,30705.528000000006,30699.70098455091,3405.5280000000075,7536.570083486369
SKU0029,Beauty & Personal Care,2025-01-05,2348.8410000000003,2255.49,32.400000000000006,33.74184101622152,76102.44840000002,76104.38499367746,17782.448400000016,15369.071164478733
SKU0030,Beauty & Personal Care,2025-01-05,2809.7870000000003,2682.49,42.7,44.72157691132183,119977.90490000002,119965.18284885169,26037.904900000012,21577.71364394366
SKU0031,Beauty & Personal Care,2025-01-05,471.39400000000006,613.99,50.2,39.04255000815191,23663.978800000004,23971.735279505192,1073.9788000000033,6402.587775836832
SKU0032,Sports & Fitness,2025-01-05,3886.9360000000006,3786.49,1.5000000000000002,1.5833289073228074,5830.404000000001,5995.259074288737,1330.4040000000011,1245.2723523203144
SKU0033,Sports & Fitness,2025-01-05,1133.8620000000003,1138.49,21.600000000000005,21.493864280885155,24491.41920000001,24470.549545144942,5051.419200000008,5126.0716923483005
SKU0034,Sports & Fitness,2025-01-05,1965.1200000000003,2372.99,41.80000000000001,33.144862268930936,82142.01600000003,78652.42671555042,6902.016000000016,18991.67463147473
SKU0035,Sports & Fitness,2025-01-05,850.2560000000001,839.99,16.1,16.33941911208247,13689.121600000002,13724.948659958154,2419.1216000000018,2287.355281500425
SKU0036,Sports & Fitness,2025-01-05,3391.9400000000005,3290.99,22.500000000000004,23.391142253036907,76318.65000000002,76980.01524332193,17818.650000000016,16163.045385425967
SKU0037,Sports & Fitness,2025-01-05,558.2910000000002,728.99,35.10000000000001,25.634857811606867,19596.01410000001,18687.55499608329,291.01410000000595,4588.383199699513
SKU0038,Books & Stationery,2025-01-05,548.8370000000001,570.99,27.200000000000006,25.96292593412217,14928.366400000006,14824.571079124416,2688.3664000000035,3141.2544087694414
SKU0039,Books & Stationery,2025-01-05,354.254,304.49,40.400000000000006,48.08688540247688,14311.861600000002,14641.975736200186,2191.861600000001,215.91011545712163
SKU0040,Books & Stationery,2025-01-05,552.8200000000002,662.49,48.400000000000006,39.20930885507797,26756.488000000012,25975.775023400605,2556.488000000008,6371.12059586162
SKU0041,Books & Stationery,2025-01-05,290.64200000000005,250.49,49.2,58.31737309618346,14299.586400000004,14607.918786862996,1999.5864000000026,28.575512817130427
SKU0042,Books & Stationery,2025-01-05,917.84,988.49,42.8,39.22216769280931,39283.551999999996,38770.720542665076,5043.552000000001,7392.986388417627
SKU0043,Books & Stationery,2025-01-05,686.6200000000001,847.99,45.2,35.27875120148438,31035.224000000006,29916.028231346743,1655.2240000000054,6984.839950381894
SKU0044,Pet Supplies,2025-01-05,2018.368,2053.99,32.400000000000006,31.75668626466973,65395.12320000001,65227.91602076898,13555.1232,14417.217997297405
SKU0045,Pet Supplies,2025-01-05,1415.0290000000005,1310.49,35.2,37.57800214040826,49809.02080000002,49245.59602498362,11089.020800000017,7909.793670534535
SKU0046,Pet Supplies,2025-01-05,536.897,566.49,42.2,40.45293840853099,22657.053400000004,22916.185079048722,3667.053400000002,4712.362795209775
SKU0047,Pet Supplies,2025-01-05,412.9990000000001,418.49,36.8,36.41829259041194,15198.363200000002,15240.691266161492,2318.363200000003,2494.288859517314
SKU0048,Pet Supplies,2025-01-05,1031.795,1163.49,43.60000000000001,38.66285168298639,44986.26200000001,44983.84130463784,5746.262000000004,10187.274789950085
SKU0049,Pet Supplies,2025-01-05,2342.4750000000004,2363.99,34.300000000000004,33.9954616337234,80346.89250000002,80364.93134750577,18606.892500000016,19173.100406803653
SKU0001,Electronics,2025-01-06,11845.822000000002,10161.99,21.700000000000003,27.30675507141274,257054.33740000008,277490.9719681456,83454.33740000005,59036.931396843625
SKU0002,Electronics,2025-01-06,19272.037000000004,25026.99,23.9,14.153401767919604,460601.6843000001,354217.0445117063,30401.68430000009,99455.8126891534
SKU0003,Electronics,2025-01-06,37639.554,32050.99,1.4000000000000004,2.5345425441502205,52695.37560000001,81234.59773713328,10695.375599999998,5198.321412626665
SKU0004,Electronics,2025-01-06,12981.71,11475.99,1.3000000000000005,1.7614233904542247,16876.223000000005,20214.077214618777,5176.223000000001,4361.266700530756
SKU0005,Electronics,2025-01-06,6921.707000000001,7752.99,22.000000000000004,18.71321738506523,152277.55400000006,145083.38725423688,20277.55400000003,32804.0829438455
SKU0006,Electronics,2025-01-06,45409.94900000001,46604.99,27.40000000000001,25.308895026372703,1244232.6026000006,1179520.7996151494,93432.60260000025,116547.20850749598
SKU0007,Electronics,2025-01-06,18288.399000000005,14626.49,15.000000000000004,21.79574984815698,274325.98500000016,318795.3171965696,94325.9850000001,57246.31901868582
SKU0008,Groceries,2025-01-06,668.683,783.49,51.10000000000001,43.05682607872284,34169.70130000001,33734.59266441856,6064.701300000001,10053.338321120997
SKU0009,Groceries,2025-01-06,1010.8860000000002,1116.99,88.60000000000002,81.70127029032597,89564.49960000004,91259.5019015912,14254.499600000021,21813.42215481413
SKU0010,Groceries,2025-01-06,605.6670000000001,550.99,54.80000000000001,60.80723657213586,33190.55160000001,33504.179278881136,10174.55160000001,7965.139918584076
SKU0011,Groceries,2025-01-06,649.2090000000001,685.49,53.60000000000001,51.04967636063338,34797.60240000001,34994.04264845057,6925.602400000004,8448.210940921219
SKU0012,Groceries,2025-01-06,450.5610000000001,487.49,60.10000000000001,55.52634471675493,27078.71610000001,27068.53778597086,5442.716100000006,7079.053687939087
SKU0013,Groceries,2025-01-06,387.244,331.49,58.50000000000001,68.2597951102357,22653.774000000005,22627.43948109203,6273.774000000002,3514.696850226037
SKU0014,Apparel,2025-01-06,597.337,628.99,30.90000000000001,29.084725491124303,18457.713300000007,18294.001486662277,3007.7133000000003,3751.638741100124
SKU0015,Apparel,2025-01-06,2013.0500000000004,2108.99,33.00000000000001,31.176148486235142,66430.65000000002,65750.18539598504,13630.650000000016,15868.347818008819
SKU0016,Apparel,2025-01-06,3299.542000000001,2814.99,27.200000000000003,33.16964949409635,89747.54240000003,93372.23162938627,29907.542400000024,20399.002742374305
SKU0017,Apparel,2025-01-06,3307.653,3667.49,37.7,33.05366613113246,124698.5181,121223.98999926698,19138.518099999994,28673.72483209609
SKU0018,Apparel,2025-01-06,2409.1510000000003,2659.49,22.500000000000004,19.863681152637355,54205.897500000014,52827.261388627514,11455.897500000008,15086.26719861654
SKU0019,Apparel,2025-01-06,2239.5530000000003,1833.99,30.300000000000004,38.59136572144157,67858.45590000002,70776.17881946663,22408.45590000001,12889.13023730427
SKU0020,Home & Kitchen,2025-01-06,6698.025000000001,6238.49,17.6,19.432033497737574,117885.24000000002,121226.54665530087,29885.240000000013,24066.379166613006
SKU0021,Home & Kitchen,2025-01-06,4510.178000000001,4992.99,22.800000000000004,19.8967803925099,102832.05840000004,99344.425531998,16192.058400000022,23736.66004046038
SKU0022,Home & Kitchen,2025-01-06,4794.138000000001,4038.49,22.600000000000005,28.224836864456897,108347.51880000005,113985.72142874052,36027.51880000003,23666.24346247846
SKU0023,Home & Kitchen,2025-01-06,7426.086000000001,8765.99,24.6,19.280118892912533,182681.71560000003,169009.32941408234,22781.71560000003,43688.55661015087
SKU0024,Home & Kitchen,2025-01-06,2261.9120000000003,2421.99,29.500000000000004,27.106722808187698,66726.40400000001,65652.21157420252,13626.40400000001,16860.11051946466
SKU0025,Home & Kitchen,2025-01-06,1866.1920000000005,1752.99,18.6,20.0943645040449,34711.17120000001,35225.22003194567,8671.17120000001,7093.10972628281
SKU0026,Beauty & Personal Care,2025-01-06,1221.7200000000005,1162.99,29.800000000000008,31.15029653992022,36407.25600000002,36227.48337296182,9587.256000000018,8192.216487033618
SKU0027,Beauty & Personal Care,2025-01-06,639.5430000000001,620.49,35.10000000000001,36.06551595551678,22447.95930000001,22378.291995238607,4897.959300000005,4345.534017480217
SKU0028,Beauty & Personal Care,2025-01-06,730.4620000000002,861.49,29.6,25.049261048706025,21621.67520000001,21579.687900849753,2381.6752000000065,5297.668219190838
SKU0029,Beauty & Personal Care,2025-01-06,2361.1460000000006,2255.49,38.60000000000001,40.40049694995147,91140.23560000004,91122.91686564602,21660.23560000003,18402.022355733385
SKU0030,Beauty & Personal Care,2025-01-06,2812.0560000000005,2682.49,36.900000000000006,38.68450023315392,103764.86640000003,103770.78503043305,22584.86640000002,18664.884517494425
SKU0031,Beauty & Personal Care,2025-01-06,469.3250000000001,613.99,36.900000000000006,28.51988857141248,17318.092500000006,17510.92638396155,713.0925000000038,4676.9765268259325
SKU0032,Sports & Fitness,2025-01-06,3926.5790000000006,3786.49,1.6000000000000003,1.721021775493611,6282.5264000000025,6516.631742688803,1482.5264000000013,1353.5664162079697
SKU0033,Sports & Fitness,2025-01-06,1127.017,1138.49,18.700000000000003,18.470756143037075,21075.217900000003,21028.77116128628,4245.2179000000015,4405.090632552912
SKU0034,Sports & Fitness,2025-01-06,1997.9680000000003,2372.99,41.30000000000001,33.42278697421336,82516.07840000004,79311.93926193855,8176.078400000015,19150.922708354505
SKU0035,Sports & Fitness,2025-01-06,850.0040000000001,839.99,17.200000000000003,17.448559860592223,14620.068800000005,14656.615797298862,2580.0688000000027,2442.6238948843056
SKU0036,Sports & Fitness,2025-01-06,3400.1450000000004,3290.99,21.300000000000004,22.21462819128702,72423.08850000003,73108.11923124366,17043.088500000013,15350.085933897413
SKU0037,Sports & Fitness,2025-01-06,560.126,728.99,31.000000000000004,22.69829632626108,17363.906000000003,16546.831038881064,313.9059999999993,4062.768059437471
SKU0038,Books & Stationery,2025-01-06,549.869,570.99,30.500000000000007,29.18236971622468,16771.004500000006,16662.84128426713,3046.0045000000014,3530.7749119660243
SKU0039,Books & Stationery,2025-01-06,351.8190000000001,313.99,46.00000000000001,52.41744489343191,16183.674000000006,16458.55352208869,2383.6740000000036,733.320054059113
SKU0040,Books & Stationery,2025-01-06,541.8390000000002,662.49,56.30000000000001,44.58738015260698,30505.535700000015,29538.6934773006,2355.53570000001,7245.003400997109
SKU0041,Books & Stationery,2025-01-06,289.22200000000004,250.49,32.60000000000001,38.48473408667968,9428.637200000003,9640.041041372393,1278.6372000000015,18.857519702473393
SKU0042,Books & Stationery,2025-01-06,921.335,988.49,50.80000000000001,46.77688391846298,46803.818000000014,46238.48198456147,6163.818000000003,8816.974849791088
SKU0043,Books & Stationery,2025-01-06,687.0530000000001,847.99,57.900000000000006,45.28488208190748,39780.36870000001,38401.12715663673,2145.368700000007,8965.953803396864
SKU0044,Pet Supplies,2025-01-06,2029.226,2053.99,27.200000000000003,26.822290453533043,55194.94720000001,55092.71636865233,11674.947200000004,12177.05164299946
SKU0045,Pet Supplies,2025-01-06,1430.306,1310.49,46.10000000000001,49.64286028008038,65937.10660000001,65056.471968442536,15227.106600000005,10449.32566035412
SKU0046,Pet Supplies,2025-01-06,542.4000000000001,566.49,39.60000000000001,38.264945503781455,21479.040000000008,21676.708978437156,3659.0400000000045,4457.483501735502
SKU0047,Pet Supplies,2025-01-06,413.9980000000001,418.49,53.00000000000001,52.55403471072503,21941.894000000008,21993.337986091316,3391.894000000006,3599.4258373375574
SKU0048,Pet Supplies,2025-01-06,1020.263,1163.49,41.400000000000006,36.2947703772219,42238.88820000001,42228.60238619391,4978.888200000002,9563.3090466942
SKU0049,Pet Supplies,2025-01-06,2332.983,2363.99,43.2,42.65039135628763,100784.86560000002,100825.09866235038,23024.86560000001,24054.39422103265
SKU0001,Electronics,2025-01-07,11720.373,10161.99,16.500000000000004,20.490445287582062,193386.15450000003,208223.70010795604,61386.154500000004,44300.137807299536
SKU0002,Electronics,2025-01-07,19705.868,25026.99,31.500000000000007,19.633341505272625,620734.8420000001,491363.44151904294,53734.84199999997,137963.2944241357
SKU0003,Electronics,2025-01-07,37172.80000000001,32344.49,1.8000000000000005,2.91464847404747,66911.04000000004,94272.81842234365,12911.040000000023,6833.364200919557
SKU0004,Electronics,2025-01-07,13218.254000000004,11507.99,1.3000000000000005,1.8246846474960887,17183.730200000013,20998.452676538513,5483.730200000008,4576.290849073715
SKU0005,Electronics,2025-01-07,7015.662000000001,7752.99,21.40000000000001,18.554149116736816,150135.1668000001,143850.13256056936,21735.166800000035,32525.237860148467
SKU0006,Electronics,2025-01-07,45454.92500000001,46106.49,21.40000000000001,20.48072920193381,972735.3950000006,944294.536141669,73935.39500000025,84103.90966044912
SKU0007,Electronics,2025-01-07,18292.537000000004,14626.49,14.900000000000002,21.661397534427405,272558.8013000001,316830.21442332707,93758.80130000006,56893.44401019823
SKU0008,Groceries,2025-01-07,667.1610000000001,783.49,55.00000000000001,46.24069842416589,36693.85500000001,36229.124808349734,6443.855000000004,10796.740675058494
SKU0009,Groceries,2025-01-07,1008.881,1116.99,63.500000000000014,58.43903881997058,64063.943500000016,65275.82197151893,10088.943500000001,15602.638974543945
SKU0010,Groceries,2025-01-07,609.1220000000001,550.99,61.30000000000001,68.4325429965438,37339.178600000014,37705.64686566567,11593.178600000007,8963.978807117273
SKU0011,Groceries,2025-01-07,654.8990000000001,685.49,65.9,63.26657146330024,43157.84410000001,43368.60207237768,8889.844100000008,10469.984911461557
SKU0012,Groceries,2025-01-07,448.4240000000001,487.49,48.60000000000001,44.67223460885352,21793.406400000007,21777.267649470003,4297.406400000005,5695.263190282736
SKU0013,Groceries,2025-01-07,389.316,342.49,55.10000000000001,62.58319882474398,21451.3116,21434.11976548657,6023.311599999999,3910.824094558252
SKU0014,Apparel,2025-01-07,591.5670000000001,628.99,24.700000000000003,22.972066866385024,14611.704900000004,14449.200338287517,2261.7049000000034,2963.1669050950045
SKU0015,Apparel,2025-01-07,1985.519,2108.99,24.300000000000004,22.555565085667745,48248.11170000001,47569.46121002241,9368.111700000001,11480.55707295402
SKU0016,Apparel,2025-01-07,3305.8290000000006,2814.99,19.6,24.0183205567799,64794.24840000002,67611.33218412985,21674.248400000015,14771.026959214067
SKU0017,Apparel,2025-01-07,3284.657,3667.49,25.300000000000004,21.94330913438468,83101.82210000002,80476.86681726447,12261.822100000007,19035.601240987362
SKU0018,Apparel,2025-01-07,2417.4660000000003,2659.49,30.800000000000004,27.349879111933888,74457.95280000003,72736.72999939705,15937.952800000014,20771.95968672266
SKU0019,Apparel,2025-01-07,2255.2230000000004,1833.99,19.500000000000004,25.14399937868198,43976.848500000015,46113.843420508965,14726.848500000011,8397.844352485994
SKU0020,Home & Kitchen,2025-01-07,6695.249000000002,6238.49,17.900000000000002,19.75020997791712,119844.95710000004,123211.48744513617,30344.957100000032,24460.43755555057
SKU0021,Home & Kitchen,2025-01-07,4506.116000000001,4992.99,21.200000000000003,18.469501837370853,95529.65920000004,92218.03797897429,14969.659200000022,22033.93099696505
SKU0022,Home & Kitchen,2025-01-07,4754.073,4038.49,22.90000000000001,28.288388479723256,108868.27170000006,114242.37399147757,35588.27170000002,23719.530856363148
SKU0023,Home & Kitchen,2025-01-07,7429.028000000002,8765.99,30.90000000000001,24.28499000202459,229556.96520000012,212881.9795078475,28706.96520000007,55029.544494687696
SKU0024,Home & Kitchen,2025-01-07,2254.1220000000003,2421.99,14.000000000000004,12.766105614214938,31557.708000000013,30919.380136572436,6357.708000000006,7940.390030985546
SKU0025,Home & Kitchen,2025-01-07,1868.8410000000003,1752.99,10.900000000000002,11.82864168212255,20370.366900000008,20735.49058234401,5110.3669000000045,4175.392227372439
SKU0026,Beauty & Personal Care,2025-01-07,1237.2920000000004,1162.99,41.10000000000001,43.433147849467495,50852.701200000025,50512.316617452205,13862.701200000018,11422.483552931457
SKU0027,Beauty & Personal Care,2025-01-07,639.325,620.49,37.20000000000001,38.21001370700871,23782.890000000007,23708.931405061838,5182.890000000003,4603.92455155748
SKU0028,Beauty & Personal Care,2025-01-07,728.6220000000001,861.49,56.80000000000001,48.08321281759445,41385.72960000001,41423.207010229446,4465.729600000005,10169.118678793051
SKU0029,Beauty & Personal Care,2025-01-07,2379.121,2255.49,42.900000000000006,45.23532619923774,102064.29090000002,102027.82588911871,24844.290900000007,20604.23873049079
SKU0030,Beauty & Personal Care,2025-01-07,2844.9140000000007,2682.49,39.10000000000001,41.4665663946942,111236.13740000005,111233.64968810324,25216.137400000032,20007.203619775995
SKU0031,Beauty & Personal Care,2025-01-07,472.0690000000001,613.99,32.400000000000006,25.15628407979807,15295.035600000005,15445.706862155217,715.0356000000025,4125.379026246086
SKU0032,Sports & Fitness,2025-01-07,3865.734,3786.49,2.0000000000000004,2.078832995962455,7731.468000000002,7871.480350881876,1731.4680000000003,1634.9813629945108
SKU0033,Sports & Fitness,2025-01-07,1139.1170000000002,1138.49,20.300000000000004,20.3135570122594,23124.07510000001,23126.781522887202,4854.075100000005,4844.580211853744
SKU0034,Sports & Fitness,2025-01-07,1986.188,2372.99,26.500000000000007,21.22091753887616,52633.98200000002,50357.025110577735,4933.982000000004,12159.373540600647
SKU0035,Sports & Fitness,2025-01-07,854.7960000000002,839.99,26.600000000000005,27.15754220122516,22737.573600000007,22812.06387360712,4117.573600000005,3801.78433274951
SKU0036,Sports & Fitness,2025-01-07,3395.2470000000003,3290.99,20.300000000000004,21.134271428226143,68923.51410000001,69552.67592757795,16143.51410000001,14603.570214189978
SKU0037,Sports & Fitness,2025-01-07,560.5100000000002,728.99,32.900000000000006,24.124996605021416,18440.77900000001,17586.88127509456,345.7790000000072,4318.133142332784
SKU0038,Books & Stationery,2025-01-07,553.701,570.99,39.3,37.91947198791763,21760.4493,21651.639310381088,4075.4493000000007,4587.876915818155
SKU0039,Books & Stationery,2025-01-07,353.6010000000001,315.49,52.60000000000001,59.93837122118296,18599.41260000001,18909.956736571014,2819.4126000000065,928.4453702161246
SKU0040,Books & Stationery,2025-01-07,549.3850000000001,662.49,54.20000000000001,43.61286841306091,29776.667000000012,28893.08919496872,2676.6670000000063,7086.6549884382675
SKU0041,Books & Stationery,2025-01-07,292.56100000000004,250.49,49.10000000000001,58.63826672840872,14364.745100000004,14688.299432799102,2089.745100000002,28.732750696920807
SKU0042,Books & Stationery,2025-01-07,926.778,988.49,53.400000000000006,49.51572077146327,49489.94520000001,48945.79482538373,6769.945200000002,9333.218208213113
SKU0043,Books & Stationery,2025-01-07,684.0730000000001,847.99,56.10000000000001,43.64761903225284,38376.49530000001,37012.74446316009,1911.4953000000055,8641.792092195741
SKU0044,Pet Supplies,2025-01-07,2020.3270000000005,2053.99,40.7,39.94094994173093,82227.30890000002,82038.3117708159,17107.30890000002,18132.791864046416
SKU0045,Pet Supplies,2025-01-07,1423.0180000000005,1310.49,37.60000000000001,40.32809819908552,53505.47680000003,52849.56940891958,12145.47680000002,8488.661389925512
SKU0046,Pet Supplies,2025-01-07,540.347,566.49,53.3,51.36144880140619,28800.495099999996,29095.747131508593,4815.495099999998,5983.0951708758075
SKU0047,Pet Supplies,2025-01-07,413.0000000000001,418.49,30.700000000000003,30.37994926158701,12679.100000000004,12713.70496648155,1934.1000000000038,2080.7227249260945
SKU0048,Pet Supplies,2025-01-07,1032.116,1163.49,46.50000000000001,41.254660463710415,47993.39400000001,47999.38490292243,6143.394,10870.190485583058
SKU0049,Pet Supplies,2025-01-07,2347.38,2363.99,38.7,38.4355993044105,90843.60600000001,90861.37239963337,21183.606000000007,21677.293651694472
SKU0001,Electronics,2025-01-08,11382.444000000003,10214.99,16.300000000000004,19.216604771204903,185533.8372000001,196297.42557181037,55133.83720000007,42564.58740217114
SKU0002,Electronics,2025-01-08,21668.482000000004,24706.99,18.6,14.27335406939948,403033.7652000001,352651.61625911226,68233.76520000007,95731.24300992164
SKU0003,Electronics,2025-01-08,35853.39600000001,37979.99,16.1,13.88414462976535,577239.6756000002,527319.6741970417,94239.67560000013,110795.33530408116
SKU0004,Electronics,2025-01-08,13357.085000000005,11229.99,3.7000000000000006,5.078824389334646,49421.214500000024,57035.147103984185,16121.21450000002,11325.727599972366
SKU0005,Electronics,2025-01-08,6875.095000000001,7965.99,22.300000000000004,18.071811875090315,153314.61850000007,143959.8726788507,19514.61850000003,35529.0014283088
SKU0006,Electronics,2025-01-08,47042.75200000001,47965.49,16.400000000000006,15.432767503178807,771501.1328000004,740240.255346048,82701.13280000015,92064.0202125381
SKU0007,Electronics,2025-01-08,18686.127000000004,14679.99,15.900000000000002,23.769184652252587,297109.4193000001,348931.3930032214,106309.41930000008,63701.17717619041
SKU0008,Groceries,2025-01-08,675.8770000000002,789.99,55.400000000000006,46.81615451045536,37443.585800000015,36984.293901714635,6973.585800000011,11235.408920964182
SKU0009,Groceries,2025-01-08,1046.667,1130.49,54.10000000000001,50.79564697310347,56624.684700000005,57423.97094662375,10639.684699999998,14247.671019485793
SKU0010,Groceries,2025-01-08,632.2810000000001,515.99,57.30000000000001,71.62001767561635,36229.70130000001,36955.212920441285,12163.701300000006,6874.805496682415
SKU0011,Groceries,2025-01-08,664.6580000000001,691.99,58.000000000000014,55.94507428337559,38550.16400000002,38713.43195335307,8390.16400000001,9621.993325997768
SKU0012,Groceries,2025-01-08,440.801,431.49,71.80000000000001,73.35110909034145,31649.511800000004,31650.270061391435,5801.5118,5243.870788868511
SKU0013,Groceries,2025-01-08,356.8400000000001,280.49,51.900000000000006,65.9226639121775,18519.996000000006,18490.648000726665,3987.996000000005,32.30210531696758
SKU0014,Apparel,2025-01-08,616.6720000000001,646.99,22.800000000000004,21.53850542036532,14060.121600000006,13935.197621922158,2660.1216000000036,3165.9449117394984
SKU0015,Apparel,2025-01-08,1956.7680000000005,2107.99,29.500000000000004,26.92641885011042,57724.656000000025,56760.62167184426,10524.656000000015,13678.351511667586
SKU0016,Apparel,2025-01-08,3035.284000000001,2791.99,25.500000000000004,28.316595666278037,77399.74200000004,79059.65193429161,21299.742000000027,16763.141468479927
SKU0017,Apparel,2025-01-08,3198.522000000001,3693.49,31.90000000000001,26.529801928245657,102032.85180000006,97987.55812395604,12712.851800000031,23704.112724868206
SKU0018,Apparel,2025-01-08,2262.7540000000004,2670.99,38.400000000000006,31.26963823876756,86889.75360000003,83520.89103936576,13929.753600000016,24108.578385707395
SKU0019,Apparel,2025-01-08,1990.255,1865.49,28.500000000000004,30.834076443243458,56722.26750000001,57520.66126410624,13972.267500000005,11269.546599241052
SKU0020,Home & Kitchen,2025-01-08,6721.916,6381.49,22.200000000000006,23.849698088094524,149226.53520000004,152196.60985219432,38226.53520000001,32948.1194117217
SKU0021,Home & Kitchen,2025-01-08,4459.518,5247.49,18.500000000000004,14.835896108463883,82501.08300000001,77851.21647020314,12201.083000000002,21474.811258040383
SKU0022,Home & Kitchen,2025-01-08,4403.821000000001,3971.49,17.700000000000003,20.27016863436654,77947.63170000003,80502.77202970037,21307.631700000016,15638.232399727438
SKU0023,Home & Kitchen,2025-01-08,7687.448000000001,9022.49,26.1,20.642416388524204,200642.39280000003,186245.99544129573,30992.392800000034,52070.28891588841
SKU0024,Home & Kitchen,2025-01-08,2182.8600000000006,2384.49,28.500000000000004,25.5441032888644,62211.510000000024,60909.65885126426,10911.510000000018,14930.272931308347
SKU0025,Home & Kitchen,2025-01-08,1969.1930000000004,1739.99,23.800000000000004,27.678361707398064,46866.79340000002,48160.072587255556,13546.793400000013,9410.366196898269
SKU0026,Beauty & Personal Care,2025-01-08,1137.2820000000002,1176.49,42.2,40.94342064127597,47993.30040000001,48169.52495025477,10013.300400000007,11320.446373106393
SKU0027,Beauty & Personal Care,2025-01-08,636.407,621.99,41.80000000000001,42.66449480605736,26601.81260000001,26536.88912441962,5701.812600000003,5204.641721390938
SKU0028,Beauty & Personal Care,2025-01-08,712.7950000000001,848.49,41.3,34.684848154898475,29438.4335,29429.746810949808,2593.433500000003,6884.595510265799
SKU0029,Beauty & Personal Care,2025-01-08,2158.3450000000003,2258.99,29.100000000000005,27.796682127190746,62807.83950000002,62792.42695850262,10427.83950000001,12758.399129559275
SKU0030,Beauty & Personal Care,2025-01-08,2678.340000000001,2748.49,32.5,31.665757173759932,87046.05000000003,87033.01693450742,15546.050000000034,17368.351152235577
SKU0031,Beauty & Personal Care,2025-01-08,510.572,582.49,38.60000000000001,34.03205960691254,19708.079200000004,19823.334400430485,2338.0792000000006,4508.907577319843
SKU0032,Sports & Fitness,2025-01-08,3571.429,3755.99,18.000000000000004,16.838156953707195,64285.722000000016,63243.949136554686,10285.722000000003,12729.478275433099
SKU0033,Sports & Fitness,2025-01-08,1094.775,1165.99,24.200000000000003,22.429908684184827,26493.555000000004,26153.049226672665,4713.555000000003,5966.131410906322
SKU0034,Sports & Fitness,2025-01-08,1970.0510000000004,2370.49,31.90000000000001,25.359044471189264,62844.62690000003,60113.36132850943,5424.626900000014,14467.081280368759
SKU0035,Sports & Fitness,2025-01-08,867.0120000000002,843.49,27.800000000000004,28.721115526690824,24102.933600000008,24225.973735608444,4642.933600000006,4121.192866924866
SKU0036,Sports & Fitness,2025-01-08,3301.4980000000005,3226.99,24.700000000000003,25.43292423630517,81547.00060000003,82071.7921813144,17327.000600000014,15946.189166920973
SKU0037,Sports & Fitness,2025-01-08,574.9670000000001,725.49,36.400000000000006,27.692200308408133,20928.798800000008,20090.414401747017,908.7988000000037,4859.7042321225435
SKU0038,Books & Stationery,2025-01-08,524.8000000000001,533.99,36.0,35.27902412654253,18892.800000000003,18838.646093332445,2692.8000000000025,2963.0852363883073
SKU0039,Books & Stationery,2025-01-08,346.9140000000001,300.49,54.70000000000001,64.47081100172184,18976.19580000001,19372.833997907397,2566.195800000006,31.590697390844287
SKU0040,Books & Stationery,2025-01-08,521.5450000000001,653.99,48.500000000000014,37.26678453030074,25294.93250000001,24372.10441497138,1044.9325000000038,5738.712149821011
SKU0041,Books & Stationery,2025-01-08,295.151,250.49,37.50000000000001,45.28562183828321,11068.162500000002,11343.595414271562,1693.1625000000008,22.189954700759188
SKU0042,Books & Stationery,2025-01-08,997.5850000000002,953.49,53.2,56.09024896375583,53071.52200000001,53481.49148445155,10511.522000000008,8609.292313446884
SKU0043,Books & Stationery,2025-01-08,681.6790000000001,867.99,60.900000000000006,45.9367765262179,41514.25110000001,39872.66265699187,1929.2511000000054,10013.75791495024
SKU0044,Pet Supplies,2025-01-08,1837.351,1986.49,52.20000000000001,47.77904900849898,95909.72220000002,94912.60306489313,12389.722200000007,18466.124651294773
SKU0045,Pet Supplies,2025-01-08,1293.2010000000002,1371.99,40.60000000000001,38.60969228073773,52503.96060000002,52972.11171224936,7843.960600000012,10501.450203437857
SKU0046,Pet Supplies,2025-01-08,541.475,597.99,43.30000000000001,40.04195365589603,23445.867500000008,23944.687866689266,3960.867500000002,5925.808721536054
SKU0047,Pet Supplies,2025-01-08,409.59100000000007,422.99,36.400000000000006,35.486232755837165,14909.112400000005,15010.321593391562,2169.1124000000027,2590.140128848555
SKU0048,Pet Supplies,2025-01-08,1054.292,1114.99,61.900000000000006,58.55366832449253,65260.6748,65286.754645125926,9550.674799999995,12588.45315308265
SKU0049,Pet Supplies,2025-01-08,2169.4400000000005,2308.49,37.7,35.48735820192081,81787.88800000002,81922.21153555217,13927.88800000002,18044.966772094707
SKU0001,Electronics,2025-01-09,11350.738,10247.99,12.000000000000004,14.060685741828282,136208.85600000003,144093.7668753988,40208.85600000001,31608.280940772554
SKU0002,Electronics,2025-01-09,21474.759000000005,24552.49,22.6,17.295968630947552,485329.55340000015,424659.0968516535,78529.55340000014,113331.66149459756
SKU0003,Electronics,2025-01-09,37031.624,38793.99,16.200000000000003,14.377871781905046,599912.3088000001,557775.0141285065,113912.30880000007,126438.86067135513
SKU0004,Electronics,2025-01-09,13270.106000000002,11108.99,7.800000000000002,10.454441609880076,103506.82680000004,116138.28729974167,33306.82680000002,22048.31281082098
SKU0005,Electronics,2025-01-09,7098.801000000001,8083.49,20.300000000000004,16.851585622575207,144105.66030000005,136219.62386423047,22305.660300000032,35110.11012877921
SKU0006,Electronics,2025-01-09,48639.00400000001,49106.99,18.6,18.055125200680067,904685.4744000002,886632.852678544,123485.47440000017,128317.5942499812
SKU0007,Electronics,2025-01-09,18300.173000000003,14715.99,11.800000000000002,17.07962107128643,215942.04140000007,251343.53288884036,74342.04140000005,46388.080033403225
SKU0008,Groceries,2025-01-09,699.4220000000001,785.99,63.2,55.74156795083596,44203.47040000001,43812.31499367755,9443.47040000001,13154.452620717779
SKU0009,Groceries,2025-01-09,1052.024,1137.99,72.10000000000002,67.63306817025443,75850.93040000001,76965.75524706785,14565.930399999996,19477.647302351575
SKU0010,Groceries,2025-01-09,616.839,542.99,74.20000000000002,85.31092019068964,45769.45380000002,46322.97655434257,14605.453800000007,10492.39007425292
SKU0011,Groceries,2025-01-09,652.9320000000001,694.49,59.20000000000001,56.01944073970475,38653.57440000001,38904.941399317555,7869.574400000009,9774.832214671082
SKU0012,Groceries,2025-01-09,442.50000000000006,449.49,55.400000000000006,54.53374871063849,24514.500000000007,24512.374707944895,4570.500000000004,4880.225172115039
SKU0013,Groceries,2025-01-09,351.1350000000001,280.49,64.4,80.44356871043344,22613.09400000001,22563.616587589477,4581.094000000007,39.417348668113114
SKU0014,Apparel,2025-01-09,606.971,653.49,36.8,33.76158827771554,22336.532799999997,22062.860323604327,3936.5328,5182.066184746558
SKU0015,Apparel,2025-01-09,1909.0220000000004,2119.49,24.500000000000007,21.52957906961236,46771.039000000026,45631.727542252695,7571.039000000012,11184.401030872921
SKU0016,Apparel,2025-01-09,2893.5320000000006,2770.99,24.6,25.97491726854144,71180.88720000001,71976.23600195564,17060.887200000016,14831.418011164471
SKU0017,Apparel,2025-01-09,3186.358,3698.99,26.800000000000004,22.11011729899788,85394.39440000002,81785.10278782017,10354.394400000006,19876.7743506261
SKU0018,Apparel,2025-01-09,2210.938,2682.99,30.6,24.034152983722308,67654.7028,64483.39211379711,9514.702800000003,18818.501444724723
SKU0019,Apparel,2025-01-09,1951.386,1883.49,31.100000000000005,32.46532318318019,60688.104600000006,61148.11156228805,14038.1046,12450.126787517771
SKU0020,Home & Kitchen,2025-01-09,6758.215000000001,6423.99,14.500000000000004,15.574713773894132,97994.11750000004,100051.80553635817,25494.117500000022,22178.2366668875
SKU0021,Home & Kitchen,2025-01-09,4441.532,5378.49,22.800000000000004,17.63121472929427,101266.92960000002,94829.31210936194,14626.929600000007,27830.69613804371
SKU0022,Home & Kitchen,2025-01-09,4421.5610000000015,3930.49,15.300000000000002,17.87598789151421,67649.88330000003,70261.39164771768,18689.883300000027,13058.230394872211
SKU0023,Home & Kitchen,2025-01-09,7558.673000000001,9132.99,19.1,14.410094910412855,144370.65430000002,131607.2527158515,20220.654300000013,37941.63579816794
SKU0024,Home & Kitchen,2025-01-09,2114.153,2346.49,23.9,20.982896772961585,50528.25669999999,49236.157448786624,7508.256699999994,11466.943257455772
SKU0025,Home & Kitchen,2025-01-09,1980.9160000000004,1750.49,20.6,23.975568998985025,40806.86960000001,41968.9937770333,11966.869600000009,8403.197178454262
SKU0026,Beauty & Personal Care,2025-01-09,1097.429,1180.49,30.000000000000004,28.09152234349625,32922.87000000001,33161.76121127389,5922.8700000000035,7879.391102127263
SKU0027,Beauty & Personal Care,2025-01-09,630.7550000000001,636.99,41.2,40.83929203864072,25987.106000000007,26014.220635693753,5387.106000000005,5594.574616373393
SKU0028,Beauty & Personal Care,2025-01-09,711.1040000000002,837.49,49.40000000000001,41.96338158848532,35128.53760000002,35143.91244654057,3018.5376000000083,7867.714414025113
SKU0029,Beauty & Personal Care,2025-01-09,2147.9330000000004,2291.49,37.60000000000001,35.24918838533563,80762.28080000004,80773.16269311272,13082.28080000002,17324.6235995086
SKU0030,Beauty & Personal Care,2025-01-09,2765.723000000001,2750.99,41.400000000000006,41.62147190992382,114500.93220000005,114500.25300948131,23420.93220000004,22933.014807648917
SKU0031,Beauty & Personal Care,2025-01-09,507.0730000000001,568.99,30.300000000000004,27.119666294221524,15364.311900000004,15430.818924749105,1729.311900000003,3226.9690923494195
SKU0032,Sports & Fitness,2025-01-09,3682.069,3685.99,24.700000000000006,24.665768094840043,90947.10430000002,90917.77453989944,16847.104300000003,16920.470255379318
SKU0033,Sports & Fitness,2025-01-09,1096.9330000000002,1172.49,18.6,17.147811538732878,20402.953800000007,20105.637551048912,3662.9538000000043,4672.607166189322
SKU0034,Sports & Fitness,2025-01-09,1933.789,2384.99,26.700000000000006,20.54645864915499,51632.16630000001,49003.09841364815,3572.1663000000003,12019.472845169172
SKU0035,Sports & Fitness,2025-01-09,884.6510000000001,852.99,23.1,24.126637319289504,20435.438100000003,20579.780366980754,4265.438100000002,3691.1342434781013
SKU0036,Sports & Fitness,2025-01-09,3293.1580000000004,3236.99,28.600000000000005,29.23397885788689,94184.31880000002,94630.09722319127,19824.318800000012,18621.752192685362
SKU0037,Sports & Fitness,2025-01-09,585.0090000000001,735.49,35.00000000000001,26.732334379316622,20475.31500000001,19661.36461264358,1225.3150000000048,4958.58070401944
SKU0038,Books & Stationery,2025-01-09,554.9900000000001,545.49,38.8,39.5866687736718,21533.612000000005,21594.131949350234,4073.6120000000046,3780.131001197921
SKU0039,Books & Stationery,2025-01-09,356.61300000000006,300.49,53.2,64.71550634597642,18971.811600000005,19446.362501902455,3011.811600000003,31.710598109529034
SKU0040,Books & Stationery,2025-01-09,527.0520000000001,660.49,54.30000000000001,41.78023125772446,28618.923600000013,27595.42494341443,1468.9236000000076,6705.309314552199
SKU0041,Books & Stationery,2025-01-09,280.153,250.49,60.00000000000001,68.16488148500551,16809.180000000004,17074.621163179032,1809.1800000000014,33.400791927653316
SKU0042,Books & Stationery,2025-01-09,996.266,935.99,38.900000000000006,41.86669005235088,38754.74740000001,39186.8032220999,7634.747399999999,5693.451180219197
SKU0043,Books & Stationery,2025-01-09,710.4730000000001,872.49,40.900000000000006,32.11609689867966,29058.345700000005,28020.973383129014,2473.345700000003,7145.510398987238
SKU0044,Pet Supplies,2025-01-09,1790.6460000000002,1937.99,44.50000000000001,40.6712086874921,79683.74700000002,78820.3957242728,8483.74700000001,13746.461824285454
SKU0045,Pet Supplies,2025-01-09,1305.3490000000002,1400.49,60.90000000000001,57.39326129738359,79495.75410000002,80378.68851437274,12505.754100000013,17246.101087250794
SKU0046,Pet Supplies,2025-01-09,543.5200000000001,600.99,40.00000000000001,36.948560819349325,21740.800000000007,22205.715566820752,3740.8000000000043,5578.863198113555
SKU0047,Pet Supplies,2025-01-09,397.7000000000001,422.49,41.400000000000006,39.47498410360768,16464.780000000006,16677.78603393321,1974.7800000000045,2861.5415976705212
SKU0048,Pet Supplies,2025-01-09,1105.136,1107.49,48.90000000000001,48.79640957874902,54041.15040000001,54041.535644368756,10031.1504,10124.767023494634
SKU0049,Pet Supplies,2025-01-09,2115.8410000000003,2263.49,39.00000000000001,36.523010754917486,82517.79900000003,82669.46961364818,12317.799000000015,16928.050254796697
SKU0001,Electronics,2025-01-10,11246.794000000002,10247.49,18.700000000000003,21.524025447613468,210315.04780000006,220567.23553416453,60715.047800000044,48375.03195325679
SKU0002,Electronics,2025-01-10,21631.874000000003,24492.99,20.000000000000007,15.58374889570714,432637.4800000002,381692.60586506606,72637.4800000001,101185.12574233754
SKU0003,Electronics,2025-01-10,37187.728,39173.49,22.700000000000003,19.909007950026183,844161.4256000002,779905.3238402711,163161.42560000008,182635.08533948564
SKU0004,Electronics,2025-01-10,13347.63,11064.49,14.700000000000005,19.73613929491625,196210.16100000005,218370.3158672079,63910.16100000001,40745.062212961646
SKU0005,Electronics,2025-01-10,7108.996000000001,8123.99,22.500000000000004,18.600239282469104,159952.41000000006,151108.15792838618,24952.410000000025,39506.72223357155
SKU0006,Electronics,2025-01-10,48625.789,49269.49,23.200000000000006,22.280875459459065,1128118.3048000003,1097767.3706410637,153718.30479999998,161970.60134378303
SKU0007,Electronics,2025-01-10,18206.742,14731.99,15.000000000000004,21.378439277463364,273101.13000000006,314946.9536511975,93101.13,58405.682321637134
SKU0008,Groceries,2025-01-10,698.6260000000001,785.49,49.30000000000001,43.43277563693227,34442.261800000015,34116.01093505393,7327.261800000006,10227.98433474118
SKU0009,Groceries,2025-01-10,1044.3270000000002,1141.99,49.30000000000001,45.816692978032506,51485.32110000002,52322.20521398334,9580.321100000014,13378.016182655712
SKU0010,Groceries,2025-01-10,612.0860000000001,484.49,56.000000000000014,72.38060095210237,34276.81600000001,35067.677355284075,10756.81600000001,4667.824955401083
SKU0011,Groceries,2025-01-10,643.3260000000001,694.99,47.20000000000001,44.03358644123931,30364.987200000014,30602.902240796906,5820.987200000008,7705.437291352467
SKU0012,Groceries,2025-01-10,441.5690000000001,409.99,42.60000000000001,45.91455658130965,18810.839400000008,18824.509052771144,3474.839400000004,2295.26868349967
SKU0013,Groceries,2025-01-10,347.6100000000001,280.49,52.400000000000006,64.84750719274082,18214.76400000001,18189.077292491875,3542.764000000007,31.775278524443593
SKU0014,Apparel,2025-01-10,601.931,655.49,36.400000000000006,32.951933186749336,21910.288400000005,21599.662684582323,3710.288400000002,5123.696091207655
SKU0015,Apparel,2025-01-10,1877.228,2121.99,30.000000000000007,25.81211613494668,56316.84000000002,54773.0523171955,8316.840000000004,13473.666501280812
SKU0016,Apparel,2025-01-10,2936.3570000000004,2763.99,37.60000000000001,40.52879380856133,110407.02320000004,112021.18079892543,27687.02320000002,22857.834420090498
SKU0017,Apparel,2025-01-10,3182.8310000000006,3698.99,37.10000000000001,30.62908458388161,118083.03010000005,113296.67758493223,14203.030100000025,27535.240750063724
SKU0018,Apparel,2025-01-10,2186.1160000000004,2689.99,30.600000000000005,23.618940967885116,66895.14960000002,63534.715014201276,8755.149600000015,18658.72717521956
SKU0019,Apparel,2025-01-10,1933.8720000000003,1891.99,26.600000000000005,27.32001917659262,51440.99520000002,51689.20308192147,11540.99520000001,10709.17431703254
SKU0020,Home & Kitchen,2025-01-10,6591.404,6440.49,18.300000000000004,18.899986309217176,120622.69320000004,121725.17282465013,29122.693200000016,27225.24127856425
SKU0021,Home & Kitchen,2025-01-10,4491.7970000000005,5413.99,13.900000000000002,10.734034287070877,62435.97830000002,58113.954289858855,9615.978300000008,17324.623998989522
SKU0022,Home & Kitchen,2025-01-10,4390.727000000001,3923.99,17.6,20.396516365690253,77276.79520000002,80035.7262538049,20956.795200000015,14766.873883596081
SKU0023,Home & Kitchen,2025-01-10,7643.484000000002,9175.49,32.0,24.532696747266836,244591.48800000007,225099.51367757938,36591.48800000007,65636.98482034494
SKU0024,Home & Kitchen,2025-01-10,2117.1470000000004,2338.49,24.700000000000003,21.82052729594292,52293.53090000001,51027.084876289555,7833.530900000011,11750.135743592298
SKU0025,Home & Kitchen,2025-01-10,1995.596,1746.49,27.000000000000004,31.74548883983609,53881.092000000004,55443.178803885334,16081.092000000002,10999.494428114807
SKU0026,Beauty & Personal Care,2025-01-10,1104.8290000000002,1181.49,37.10000000000001,34.93777793691091,40989.15590000001,41278.63525468087,7599.155900000008,9834.635111461053
SKU0027,Beauty & Personal Care,2025-01-10,622.845,638.49,32.2,31.4889386127662,20055.609000000004,20105.37241486509,3955.6090000000013,4360.903108481992
SKU0028,Beauty & Personal Care,2025-01-10,714.07,837.49,33.5,28.529145081098427,23921.345,23892.873713969122,2146.3450000000016,5348.929411255144
SKU0029,Beauty & Personal Care,2025-01-10,2160.858,2304.49,37.900000000000006,35.543056853841385,81896.51820000002,81908.61908910892,13676.51820000001,17931.116752194434
SKU0030,Beauty & Personal Care,2025-01-10,2797.3260000000005,2761.99,36.50000000000001,36.96788473191795,102102.39900000003,102104.92795071004,21802.399000000023,20775.58154049056
SKU0031,Beauty & Personal Care,2025-01-10,506.88400000000007,562.99,43.70000000000001,39.54199305220492,22150.830800000007,22261.74666846085,2485.830800000004,4467.849794968634
SKU0032,Sports & Fitness,2025-01-10,3588.582000000001,3676.99,19.300000000000004,18.69063188538668,69259.63260000003,68725.26653624796,11359.632600000017,12653.370880087923
SKU0033,Sports & Fitness,2025-01-10,1102.792,1173.99,22.6,20.9539173540936,24923.0992,24599.689434532345,4583.099199999999,5741.163815848106
SKU0034,Sports & Fitness,2025-01-10,1959.6380000000004,2389.99,38.400000000000006,30.06065320815444,75250.09920000003,71844.66056095703,6130.099200000015,17735.484786279034
SKU0035,Sports & Fitness,2025-01-10,863.7450000000001,856.49,27.300000000000004,27.57455484685445,23580.238500000007,23617.33048078237,4470.238500000004,4315.1420879842535
SKU0036,Sports & Fitness,2025-01-10,3270.5090000000005,3223.49,30.200000000000003,30.761563024608822,98769.37180000002,99159.59079419628,20249.371800000015,19179.52693021335
SKU0037,Sports & Fitness,2025-01-10,581.0020000000001,738.49,36.60000000000001,27.60583850807334,21264.67320000001,20386.635679827083,1134.6732000000027,5203.4245003867445
SKU0038,Books & Stationery,2025-01-10,549.2070000000001,515.49,62.10000000000001,66.79849417873066,34105.75470000001,34433.95576419387,6160.754700000008,4374.633383765072
SKU0039,Books & Stationery,2025-01-10,352.2060000000001,300.49,38.50000000000001,46.22678236140013,13559.931000000006,13890.685831777126,2009.9310000000032,22.651123357086487
SKU0040,Books & Stationery,2025-01-10,523.8610000000001,659.99,64.7,49.5194133508148,33893.80670000001,32682.31761740426,1543.8067000000067,7922.610941996861
SKU0041,Books & Stationery,2025-01-10,279.88,250.49,39.8,45.21049443262888,11139.223999999998,11324.776750429208,1189.2239999999997,22.15314227198856
SKU0042,Books & Stationery,2025-01-10,988.55,929.99,43.400000000000006,46.627631989955965,42903.07000000001,43363.23147433915,8183.069999999999,6061.1258823743765
SKU0043,Books & Stationery,2025-01-10,723.998,871.49,45.400000000000006,36.52253322372966,32869.50920000001,31829.022479148163,3359.5092000000027,8089.375883723883
SKU0044,Pet Supplies,2025-01-10,1789.1330000000005,1923.49,37.2,34.24566715105824,66555.74760000002,65871.19830838902,7035.747600000019,11078.13086669583
SKU0045,Pet Supplies,2025-01-10,1301.1800000000003,1404.99,44.20000000000001,41.4134807639938,57512.156000000025,58185.52633860365,8892.156000000015,12630.697498210471
SKU0046,Pet Supplies,2025-01-10,543.2650000000001,603.49,43.30000000000001,39.85742853501363,23523.37450000001,24053.559546595377,4038.3745000000054,6117.716705839242
SKU0047,Pet Supplies,2025-01-10,398.6780000000001,421.99,36.900000000000006,35.28063133548202,14711.218200000007,14888.073617260057,1796.2182000000043,2539.852649841351
SKU0048,Pet Supplies,2025-01-10,1093.515,1102.49,33.10000000000001,32.82885960670336,36195.346500000014,36193.48942779439,6405.346500000005,6647.5157817613635
SKU0049,Pet Supplies,2025-01-10,2087.9420000000005,2248.49,47.10000000000001,43.839059702829566,98342.06820000004,98571.68735121524,13562.068200000023,19661.379886122024
SKU0001,Electronics,2025-01-11,11436.388,10247.49,16.6,19.613174431068288,189844.04080000002,200985.80885062797,57044.04080000002,44080.413402081664
SKU0002,Electronics,2025-01-11,21726.140000000003,24492.99,21.6,16.995384253838274,469284.62400000007,416267.77657541836,80484.62400000007,110350.8600063294
SKU0003,Electronics,2025-01-11,36791.97900000001,36120.49,3.3000000000000007,3.4950598195241103,121413.53070000005,126243.27326052242,22413.53070000003,21391.478674799113
SKU0004,Electronics,2025-01-11,13413.274000000005,11064.49,10.8,14.698932553829671,144863.35920000006,162636.19225252286,47663.35920000006,30345.799268055813
SKU0005,Electronics,2025-01-11,7135.718000000001,8123.99,25.600000000000005,21.299264790950275,182674.38080000004,173035.01416903213,29074.380800000024,45239.42542333047
SKU0006,Electronics,2025-01-11,48678.561,50683.49,19.9,17.55822274831999,968703.3639,889912.0070822488,132903.36390000003,152466.65165280912
SKU0007,Electronics,2025-01-11,18010.474000000002,14731.99,15.900000000000002,22.23480321790408,286366.53660000005,327562.8986581307,95566.53660000005,60745.26004328176
SKU0008,Groceries,2025-01-11,705.8310000000001,785.49,48.50000000000001,43.20345362970451,34232.80350000001,33935.880791596595,7557.803500000007,10173.981295259116
SKU0009,Groceries,2025-01-11,1041.292,1141.99,68.80000000000001,63.814707199664085,71640.88960000001,72875.75747494439,13160.889599999997,18633.256355229918
SKU0010,Groceries,2025-01-11,614.8250000000002,541.99,66.50000000000001,76.3538032057801,40885.86250000002,41382.99779950076,12955.862500000014,9314.400453073114
SKU0011,Groceries,2025-01-11,657.4300000000001,694.99,51.400000000000006,48.90056731555616,33791.90200000001,33985.405278638376,7063.902000000004,8557.110274549173
SKU0012,Groceries,2025-01-11,450.16300000000007,429.49,63.900000000000006,66.98402840773616,28765.41570000001,28768.970360838604,5761.415700000005,4654.720134053587
SKU0013,Groceries,2025-01-11,351.04100000000005,280.49,61.70000000000001,77.06079788136925,21659.229700000007,21614.783197745262,4383.229700000004,37.75979096187164
SKU0014,Apparel,2025-01-11,602.7880000000001,655.49,31.000000000000007,28.0967159130097,18686.428000000007,18417.11631381873,3186.4280000000044,4368.758357313878
SKU0015,Apparel,2025-01-11,1903.3370000000004,2121.99,29.500000000000004,25.81468272606306,56148.44150000002,54778.49859787855,8948.441500000014,13475.006236177653
SKU0016,Apparel,2025-01-11,2902.8140000000003,2763.99,31.90000000000001,33.90805278807387,92599.76660000003,93721.51882570828,22419.766600000017,19123.802691945773
SKU0017,Apparel,2025-01-11,3197.7380000000003,3698.99,34.800000000000004,28.89220602081508,111281.28240000003,106871.98114893478,13841.282400000011,25973.804290652544
SKU0018,Apparel,2025-01-11,2195.228,2689.99,35.400000000000006,27.50084940000493,77711.07120000002,73977.00987751926,10451.071200000004,21725.39601750989
SKU0019,Apparel,2025-01-11,1935.974,1891.99,27.90000000000001,28.691848620706217,54013.67460000001,54284.690671889955,12163.674600000002,11246.91774083063
SKU0020,Home & Kitchen,2025-01-11,6606.702000000001,6440.49,19.6,20.30558227787023,129491.35920000004,130777.89960480043,31491.359200000024,29249.98821544928
SKU0021,Home & Kitchen,2025-01-11,4495.587,5413.99,17.300000000000004,13.427155558110645,77773.65510000003,72694.48592005545,12033.65510000001,21671.294799235
SKU0022,Home & Kitchen,2025-01-11,4376.202000000001,3923.99,13.3,15.382214962898797,58203.48660000002,60359.657692265246,15643.486600000017,11136.569810989096
SKU0023,Home & Kitchen,2025-01-11,7639.917000000001,9175.49,19.1,14.541542483005776,145922.41470000002,133425.77763739467,21772.414700000027,38905.75149785712
SKU0024,Home & Kitchen,2025-01-11,2114.8300000000004,2338.49,28.4,25.07183447132564,60061.172000000006,58630.234192850294,8941.17200000001,13500.93214446414
SKU0025,Home & Kitchen,2025-01-11,1982.164,1746.49,17.200000000000003,20.11644297609918,34093.2208,35133.16649332746,10013.220800000001,6970.146326788605
SKU0026,Beauty & Personal Care,2025-01-11,1097.3190000000002,1181.49,36.900000000000006,34.53741052425008,40491.071100000016,40805.605160296225,7281.071100000008,9721.935688471154
SKU0027,Beauty & Personal Care,2025-01-11,626.1910000000001,638.49,39.10000000000001,38.42506435057008,24484.06810000001,24534.019337195492,4934.068100000007,5321.487161910451
SKU0028,Beauty & Personal Care,2025-01-11,722.7790000000001,837.49,34.400000000000006,29.66000695863671,24863.59760000001,24839.95922778866,2503.597600000004,5560.9547046747975
SKU0029,Beauty & Personal Care,2025-01-11,2166.3900000000003,2304.49,38.60000000000001,36.29313719092174,83622.65400000002,83637.17172510724,14142.654000000015,18309.5247814481
SKU0030,Beauty & Personal Care,2025-01-11,2761.871,2761.99,43.50000000000001,43.49812990147065,120141.38850000003,120141.3998065629,24441.38850000001,24445.51402332748
SKU0031,Beauty & Personal Care,2025-01-11,510.7830000000001,562.99,33.400000000000006,30.423225389948687,17060.152200000004,17127.97166228721,2030.1522000000027,3437.5202368103023
SKU0032,Sports & Fitness,2025-01-11,3629.614000000001,3676.99,13.1,12.872862502571955,47547.94340000001,47333.38669333205,8247.943400000013,8714.799185616184
SKU0033,Sports & Fitness,2025-01-11,1105.2690000000002,1173.99,32.900000000000006,30.617369669826004,36363.35010000001,35944.48581867903,6753.350100000009,8388.853115835627
SKU0034,Sports & Fitness,2025-01-11,1962.4730000000004,2389.99,34.900000000000006,27.35051032279761,68490.30770000002,65367.44616638306,5670.307700000015,16136.527585347356
SKU0035,Sports & Fitness,2025-01-11,861.8800000000001,856.49,16.700000000000003,16.827555352535178,14393.396000000004,14412.632883892855,2703.3960000000025,2633.3441371182303
SKU0036,Sports & Fitness,2025-01-11,3296.7730000000006,3223.49,23.800000000000004,24.49635625019608,78463.19740000003,78963.75940894455,16583.197400000015,15273.233158434748
SKU0037,Sports & Fitness,2025-01-11,590.0430000000001,738.49,31.200000000000006,23.932459711206107,18409.341600000007,17673.882172128597,1249.341600000004,4511.02933096524
SKU0038,Books & Stationery,2025-01-11,549.3970000000002,542.99,47.30000000000001,47.946568818592745,25986.478100000015,26034.507402807674,4701.478100000008,4458.551434440939
SKU0039,Books & Stationery,2025-01-11,353.01500000000004,300.49,50.900000000000006,61.21282220207346,17968.463500000005,18393.840943501054,2698.4635000000026,29.994282879016552
SKU0040,Books & Stationery,2025-01-11,521.134,659.99,59.500000000000014,45.24563079293149,31007.47300000001,29861.663867026855,1257.473000000001,7238.84847056111
SKU0041,Books & Stationery,2025-01-11,280.735,250.49,57.900000000000006,65.93957352690563,16254.556500000002,16517.203772754594,1779.556500000001,32.31039102818436
SKU0042,Books & Stationery,2025-01-11,980.93,929.99,61.2,65.13089773284285,60032.916,60571.08358256653,11072.915999999997,8466.365396292244
SKU0043,Books & Stationery,2025-01-11,720.0900000000001,871.49,51.80000000000001,41.43422602764981,37300.66200000002,36109.51364083653,3630.6620000000084,9177.266722864157
SKU0044,Pet Supplies,2025-01-11,1793.4720000000002,1923.49,35.0,32.30536924279618,62771.520000000004,62139.05468482603,6771.520000000008,10450.463896352137
SKU0045,Pet Supplies,2025-01-11,1286.9930000000004,1404.99,45.8,42.517562575217696,58944.279400000014,59736.750242555114,8564.279400000018,12967.431409815645
SKU0046,Pet Supplies,2025-01-11,544.6240000000001,603.49,30.500000000000004,28.10802191680653,16611.032000000007,16962.910146573573,2886.0320000000047,4314.300284010635
SKU0047,Pet Supplies,2025-01-11,397.595,421.99,48.30000000000001,46.09500424917991,19203.838500000005,19451.63084311143,2298.8385000000017,3318.379355898462
SKU0048,Pet Supplies,2025-01-11,1087.0800000000004,1102.49,32.00000000000001,31.549442089571613,34786.56000000002,34782.94440933181,5986.560000000013,6388.446528717356
SKU0049,Pet Supplies,2025-01-11,2083.7190000000005,2248.49,51.70000000000001,48.03303709720868,107728.27230000004,108001.80358270273,14668.27230000003,21542.336807727108
SKU0001,Electronics,2025-01-12,11402.619000000002,10247.49,16.700000000000003,19.642225346765944,190423.73730000007,201283.50781873055,56823.73730000005,44145.70504460299
SKU0002,Electronics,2025-01-12,21549.225,24492.99,21.300000000000004,16.482697835195196,458998.49250000005,403710.5532504576,75598.49249999998,107021.99221694408
SKU0003,Electronics,2025-01-12,36845.11300000001,35003.49,2.7000000000000006,3.1863546147755555,99481.80510000006,111533.53189475,18481.805100000038,15942.893451483338
SKU0004,Electronics,2025-01-12,13359.175000000005,11064.49,0.8000000000000002,1.3804420523166594,10687.340000000006,15273.887283437154,3487.3400000000042,2849.90881258722
SKU0005,Electronics,2025-01-12,7090.293000000001,8123.99,19.700000000000003,16.203163575284062,139678.77210000003,131634.33885397197,21478.772100000013,34415.35740226759
SKU0006,Electronics,2025-01-12,48628.804,49897.49,28.100000000000005,25.974954831397053,1366469.3924000002,1296085.048950086,186269.39239999992,205136.94603140987
SKU0007,Electronics,2025-01-12,18201.538,14731.99,15.000000000000002,21.36830623152243,273023.07000000007,314797.6737197261,93023.07000000002,58377.99894145696
SKU0008,Groceries,2025-01-12,697.7130000000001,785.49,52.30000000000001,46.01773041417665,36490.38990000001,36146.46706303162,7725.389900000006,10836.71533523446
SKU0009,Groceries,2025-01-12,1046.148,1141.99,63.100000000000016,58.74452719055061,66011.9388,67085.66260633689,12376.938799999998,17152.814494368875
SKU0010,Groceries,2025-01-12,616.2740000000001,498.99,59.900000000000006,75.50473040176573,36914.81260000001,37676.10542317708,11756.812600000008,5964.118654435475
SKU0011,Groceries,2025-01-12,651.0520000000001,694.99,50.900000000000006,48.00239602772215,33138.54680000001,33361.185215306614,6670.546800000007,8399.9392808911
SKU0012,Groceries,2025-01-12,445.7540000000001,416.99,55.30000000000001,59.13336871712054,24650.19620000001,24658.023421352096,4742.196200000005,3370.0106831887
SKU0013,Groceries,2025-01-12,354.494,280.49,59.8,75.42268696915586,21198.7412,21155.309467978528,4454.741200000001,36.957116614887056
SKU0014,Apparel,2025-01-12,605.3190000000001,655.49,29.600000000000005,26.956331073915788,17917.442400000004,17669.60545564106,3117.4424000000026,4191.439918683166
SKU0015,Apparel,2025-01-12,1874.8400000000004,2121.99,29.800000000000004,25.599011327745146,55870.23200000002,54320.84604736191,8190.232000000013,13362.427922969682
SKU0016,Apparel,2025-01-12,2907.3870000000006,2763.99,37.2,39.60874572404874,108154.79640000004,109478.17709381346,26314.796400000025,22338.93650090624
SKU0017,Apparel,2025-01-12,3171.9290000000005,3698.99,37.30000000000001,30.660291005974305,118312.95170000006,113412.10982818888,13872.951700000025,27563.295011460832
SKU0018,Apparel,2025-01-12,2170.0800000000004,2689.99,43.7,33.5176727021295,94832.49600000003,90162.20439200134,11802.496000000017,26478.62625795528
SKU0019,Apparel,2025-01-12,1929.9940000000004,1891.99,36.400000000000006,37.28517850888359,70251.78160000003,70543.18488702267,15651.781600000017,14615.417123697278
SKU0020,Home & Kitchen,2025-01-12,6563.877,6440.49,22.90000000000001,23.507053401041706,150312.78330000007,151396.9423588751,35812.783300000025,33861.675353666564
SKU0021,Home & Kitchen,2025-01-12,4533.472000000001,5413.99,28.1,22.189136479929434,127390.56320000002,120131.76301097315,20610.56320000002,35813.0443872413
SKU0022,Home & Kitchen,2025-01-12,4417.057000000001,3923.99,22.300000000000004,26.00363305156792,98500.37110000003,102037.99605802199,27140.371100000022,18826.370293004653
SKU0023,Home & Kitchen,2025-01-12,7686.367000000002,9175.49,33.2,25.669877162352996,255187.3844000001,235533.7012043983,39387.38440000007,68679.49964910382
SKU0024,Home & Kitchen,2025-01-12,2110.2390000000005,2338.49,23.700000000000003,20.847076783641285,50012.66430000002,48750.6805877773,7352.664300000012,11225.942377222991
SKU0025,Home & Kitchen,2025-01-12,1987.3610000000003,1746.49,16.800000000000004,19.715942116651235,33387.66480000001,34433.695747310216,9867.664800000008,6831.376783998487
SKU0026,Beauty & Personal Care,2025-01-12,1102.9900000000002,1181.49,48.900000000000006,45.99987683884522,53936.21100000002,54348.39448632723,9926.211000000012,12948.505331366541
SKU0027,Beauty & Personal Care,2025-01-12,625.9130000000001,638.49,49.900000000000006,49.023897167010745,31233.05870000001,31301.26810216469,6283.058700000007,6789.319518659318
SKU0028,Beauty & Personal Care,2025-01-12,716.7130000000002,837.49,38.30000000000001,32.75902908798802,27450.107900000017,27435.359270899087,2555.107900000008,6141.990363706874
SKU0029,Beauty & Personal Care,2025-01-12,2168.5070000000005,2304.49,35.10000000000001,33.02929210798084,76114.59570000003,76115.67336992075,12934.595700000022,16662.947575555245
SKU0030,Beauty & Personal Care,2025-01-12,2765.2470000000003,2761.99,26.800000000000004,26.83197522711981,74108.61960000002,74109.64725755264,15148.61960000001,15079.301757889056
SKU0031,Beauty & Personal Care,2025-01-12,513.1510000000001,562.99,39.2,35.87961954668148,20115.519200000002,20199.867008586207,2475.519200000003,4054.038212579541
SKU0032,Sports & Fitness,2025-01-12,3588.1140000000005,3676.99,5.000000000000001,4.818940721737267,17940.570000000007,17719.196844420712,2940.570000000003,3262.3746792089114
SKU0033,Sports & Fitness,2025-01-12,1102.2720000000002,1173.99,23.500000000000004,21.778724353381072,25903.392000000007,25568.004603625846,4753.392000000004,5967.152685582881
SKU0034,Sports & Fitness,2025-01-12,1960.837,2389.99,31.9,24.95544411923165,62550.7003,59643.261890522444,5130.7002999999995,14723.462475905475
SKU0035,Sports & Fitness,2025-01-12,869.1500000000001,856.49,23.6,24.016650943893797,20511.940000000002,20570.021366935598,3991.9400000000023,3758.3657062099405
SKU0036,Sports & Fitness,2025-01-12,3291.5100000000007,3223.49,25.100000000000005,25.78009955608706,82616.90100000003,83101.89311805107,17356.90100000002,16073.634272224715
SKU0037,Sports & Fitness,2025-01-12,584.6020000000001,738.49,23.600000000000005,17.847735490712076,13796.607200000006,13180.374182535961,816.6072000000023,3364.1196626443193
SKU0038,Books & Stationery,2025-01-12,546.9690000000002,528.49,41.30000000000001,42.98049059929576,22589.819700000015,22714.75947682182,4004.8197000000077,3373.538707138725
SKU0039,Books & Stationery,2025-01-12,358.4140000000001,300.49,58.60000000000001,71.6736385918213,21003.06040000001,21537.211660456385,3423.060400000006,35.12008290999309
SKU0040,Books & Stationery,2025-01-12,525.7900000000002,659.99,62.2,47.80060982579979,32704.138000000014,31547.924478929603,1604.138000000012,7647.619566029709
SKU0041,Books & Stationery,2025-01-12,279.62300000000005,250.49,56.60000000000001,64.17109570222478,15826.661800000005,16074.217762450284,1676.661800000003,31.443836894090722
SKU0042,Books & Stationery,2025-01-12,972.727,929.99,36.2,38.17110918519,35212.7174,35498.749831134846,6252.7173999999995,4961.862482982849
SKU0043,Books & Stationery,2025-01-12,713.7460000000001,871.49,48.10000000000001,38.0627601424221,34331.18260000001,33171.314836519436,3066.182600000005,8430.520743945071
SKU0044,Pet Supplies,2025-01-12,1785.8090000000002,1923.49,45.00000000000001,41.35478220159153,80361.40500000003,79545.5100169393,8361.40500000001,13377.858494392845
SKU0045,Pet Supplies,2025-01-12,1281.5890000000002,1404.99,34.300000000000004,31.70985336768092,43958.50270000001,44552.02688305802,6228.502700000006,9671.188178609005
SKU0046,Pet Supplies,2025-01-12,547.144,603.49,44.00000000000001,40.73084754830956,24074.336000000003,24580.659186929337,4274.336000000001,6251.777790190035
SKU0047,Pet Supplies,2025-01-12,401.04100000000005,421.99,36.50000000000001,35.06109483944507,14637.996500000005,14795.431411297424,1862.9965000000022,2524.048217491651
SKU0048,Pet Supplies,2025-01-12,1075.7100000000005,1102.49,50.80000000000001,49.57079227332952,54646.068000000036,54651.30277342306,8926.068000000027,10037.589727426495
SKU0049,Pet Supplies,2025-01-12,2065.4370000000004,2248.49,48.400000000000006,44.580420047130815,99967.15080000003,100238.62867177316,12847.15080000002,19993.87258693769
SKU0001,Electronics,2025-01-13,11416.660000000002,10247.49,12.6,14.888818759547462,143849.91600000003,152573.02135027503,43049.91600000002,33462.471273895324
SKU0002,Electronics,2025-01-13,21669.139000000003,24492.99,20.4,15.955006387691633,442050.4356,390785.8119036673,74850.43560000006,103595.69692521793
SKU0003,Electronics,2025-01-13,37241.599,35132.99,2.5000000000000004,3.0274993860504145,93103.99750000003,106365.10565511535,18103.99750000001,15540.12407360291
SKU0004,Electronics,2025-01-13,13356.125000000004,11064.49,1.1000000000000003,1.776242108325658,14691.737500000008,19653.21304514816,4791.737500000006,3667.0340702172375
SKU0005,Electronics,2025-01-13,7121.292000000001,8123.99,24.000000000000004,19.900369123091707,170911.00800000006,161670.3997523058,26911.008000000034,42268.18501375555
SKU0006,Electronics,2025-01-13,48555.29000000001,50070.49,22.800000000000004,20.74124917568104,1107060.6120000004,1038524.5094384458,149460.61200000023,167392.04405984204
SKU0007,Electronics,2025-01-13,18319.308000000005,14731.99,13.1,18.914520803634048,239982.93480000005,278648.53133392875,82782.93480000006,51674.281690320175
SKU0008,Groceries,2025-01-13,699.6540000000002,785.49,42.2,37.22037777458367,29525.39880000001,29236.234538157725,6315.39880000001,8765.026762136707
SKU0009,Groceries,2025-01-13,1052.115,1141.99,60.400000000000006,56.48985933559579,63547.74600000001,64510.85446265704,12207.746000000001,16494.474027400614
SKU0010,Groceries,2025-01-13,617.5340000000001,513.49,52.30000000000001,64.06035392705546,32297.02820000001,32894.35113800371,10331.028200000008,5989.002488640415
SKU0011,Groceries,2025-01-13,646.7160000000001,694.99,58.900000000000006,55.224298585685126,38091.57240000001,38380.335274065306,7463.572400000008,9663.70000950904
SKU0012,Groceries,2025-01-13,447.7150000000001,425.99,40.900000000000006,43.00951782785396,18311.543500000007,18321.62449948751,3587.5435000000043,2838.1980814600834
SKU0013,Groceries,2025-01-13,347.84100000000007,280.49,67.5,83.52214603450257,23479.267500000005,23427.126741217628,4579.2675000000045,40.92585155690702
SKU0014,Apparel,2025-01-13,606.0080000000002,655.49,38.10000000000001,34.76811800306669,23088.90480000001,22790.153669830186,4038.9048000000066,5406.09466829684
SKU0015,Apparel,2025-01-13,1874.5390000000004,2121.99,47.50000000000001,40.87684403979144,89040.60250000004,86740.25428399704,13040.602500000023,21337.303820330726
SKU0016,Apparel,2025-01-13,2909.1900000000005,2763.99,26.800000000000004,28.575119704270254,77966.29200000003,78981.34511140593,19006.292000000016,16116.081762011374
SKU0017,Apparel,2025-01-13,3191.6650000000004,3698.99,26.300000000000004,21.741290562694672,83940.78950000003,80420.81637850196,10300.789500000014,19545.20280295688
SKU0018,Apparel,2025-01-13,2177.625,2689.99,22.200000000000003,16.990206022077007,48343.27500000001,45703.484297326926,6163.275000000001,13422.092855380612
SKU0019,Apparel,2025-01-13,1923.7090000000003,1891.99,19.4,19.802859487484398,37319.954600000005,37466.812121725605,8219.954600000005,7762.522890499009
SKU0020,Home & Kitchen,2025-01-13,6629.855000000001,6440.49,22.4,23.31365187024836,148508.752,150151.34173381585,36508.75200000003,33583.08238257406
SKU0021,Home & Kitchen,2025-01-13,4556.123000000001,5413.99,20.600000000000005,16.32264088742438,93856.13380000005,88370.61453810672,15576.133800000032,26344.579165894073
SKU0022,Home & Kitchen,2025-01-13,4407.707,3923.99,17.700000000000003,20.615282364211943,78016.41390000001,80894.16184434402,21376.41390000001,14925.2582788658
SKU0023,Home & Kitchen,2025-01-13,7557.940000000001,9175.49,19.9,14.9171321330005,150403.00600000002,136871.99671502475,21053.006000000027,39910.6378505215
SKU0024,Home & Kitchen,2025-01-13,2114.7870000000003,2338.49,25.000000000000004,22.05616413531112,52869.67500000002,51578.1192687837,7869.6750000000075,11877.023825223681
SKU0025,Home & Kitchen,2025-01-13,1984.119,1746.49,17.700000000000003,20.72169482508393,35118.9063,36190.23279506083,10338.9063,7179.860039943331
SKU0026,Beauty & Personal Care,2025-01-13,1103.1080000000002,1181.49,35.400000000000006,33.28767349219915,39050.02320000001,39329.05335429837,7190.023200000007,9370.147211319138
SKU0027,Beauty & Personal Care,2025-01-13,622.5590000000001,638.49,23.100000000000005,22.574387161203514,14381.112900000006,14413.520458556832,2831.1129000000024,3126.326877955075
SKU0028,Beauty & Personal Care,2025-01-13,714.0080000000002,837.49,31.90000000000001,27.157291728626035,22776.855200000013,22743.96024980702,2041.8552000000054,5091.7206262000955
SKU0029,Beauty & Personal Care,2025-01-13,2173.7310000000007,2304.49,38.2,36.03792790187125,83036.52420000003,83049.04447058326,14276.524200000027,18180.77424721502
SKU0030,Beauty & Personal Care,2025-01-13,2767.4970000000003,2761.99,42.00000000000001,42.08362388327127,116234.87400000003,116234.54832935642,23834.874000000018,23650.575786159614
SKU0031,Beauty & Personal Care,2025-01-13,513.8180000000001,562.99,47.60000000000001,43.63970095732952,24457.73680000001,24568.715241966944,3037.736800000005,4930.849811168662
SKU0032,Sports & Fitness,2025-01-13,3641.948,3676.99,1.2000000000000002,1.1737754418515696,4370.337600000001,4315.960561933803,770.3376,794.6342363790939
SKU0033,Sports & Fitness,2025-01-13,1099.775,1173.99,20.800000000000004,19.215365715750043,22875.320000000007,22558.647196633392,4155.320000000002,5264.818052458354
SKU0034,Sports & Fitness,2025-01-13,1954.3540000000005,2389.99,28.200000000000003,21.945238014032444,55112.78280000002,52448.899401157396,4352.7828000000145,12947.470975898997
SKU0035,Sports & Fitness,2025-01-13,872.5710000000001,856.49,28.800000000000004,29.44129517248681,25130.044800000007,25216.17490228323,4970.044800000005,4607.268281542461
SKU0036,Sports & Fitness,2025-01-13,3287.866,3223.49,27.6,28.305227287111368,90745.10160000001,91241.61710773062,18985.1016,17648.02616124106
SKU0037,Sports & Fitness,2025-01-13,584.0620000000001,738.49,34.2,25.94072939815297,19974.920400000006,19156.969253241987,1164.9204000000043,4889.568084257854
SKU0038,Books & Stationery,2025-01-13,552.835,542.49,56.40000000000001,57.6424140577117,31179.894000000008,31270.43320216802,5799.894000000003,5331.346876197756
SKU0039,Books & Stationery,2025-01-13,358.10600000000005,300.49,49.500000000000014,60.51794858719087,17726.247000000007,18185.038370964987,2876.2470000000035,29.65379480772408
SKU0040,Books & Stationery,2025-01-13,525.5190000000001,659.99,56.500000000000014,43.373266367418864,29691.823500000013,28625.922069832777,1441.823500000007,6939.288886123344
SKU0041,Books & Stationery,2025-01-13,281.612,250.49,61.60000000000001,70.39417164396137,17347.299200000005,17633.036055095883,1947.2992000000017,34.49314410554171
SKU0042,Books & Stationery,2025-01-13,979.5100000000002,929.99,41.50000000000001,44.11074134758222,40649.665000000015,41022.54834583799,7449.66500000001,5733.955267772213
SKU0043,Books & Stationery,2025-01-13,720.095,871.49,52.8,42.23824835748164,38021.015999999996,36810.21106106167,3701.0160000000014,9355.349628698608
SKU0044,Pet Supplies,2025-01-13,1780.1780000000003,1923.49,44.900000000000006,41.11459794042,79929.99220000002,79083.51799241846,8089.992200000016,13300.161287746465
SKU0045,Pet Supplies,2025-01-13,1300.6570000000002,1404.99,51.30000000000001,48.059423183808285,66723.70410000002,67523.0089790188,10293.70410000001,14657.64347682969
SKU0046,Pet Supplies,2025-01-13,545.1320000000001,603.49,37.80000000000001,34.879418558151976,20605.989600000008,21049.380305659135,3595.9896000000035,5353.641954490747
SKU0047,Pet Supplies,2025-01-13,402.2770000000001,421.99,47.7,45.942204297806896,19188.612900000007,19387.15079163153,2493.612900000005,3307.3792873991188
SKU0048,Pet Supplies,2025-01-13,1089.391,1102.49,54.8,54.152416048320525,59698.6268,59702.497169112896,10378.626800000004,10965.322725624424
SKU0049,Pet Supplies,2025-01-13,2092.3230000000003,2248.49,45.7,42.620530079294255,95619.16110000003,95831.83567799233,13359.161100000016,19114.88153526267
SKU0001,Electronics,2025-01-14,11323.068,10247.49,12.400000000000002,14.470724064136611,140406.04320000001,148288.60013999927,41206.0432,32522.80762690639
SKU0002,Electronics,2025-01-14,21619.042000000005,24492.99,15.700000000000005,12.173163741196776,339418.95940000017,298157.1777814952,56818.959400000094,79040.23043995327
SKU0003,Electronics,2025-01-14,36650.026000000005,31933.99,0.6000000000000001,1.2294628652577724,21990.015600000006,39261.654844513054,3990.015600000004,2377.768886779881
SKU0004,Electronics,2025-01-14,13322.151000000002,10151.49,0.1,0.6461071643837384,1332.2151000000003,6558.950418169877,432.2151000000002,743.9859387162307
SKU0005,Electronics,2025-01-14,7082.267000000002,8123.99,18.800000000000004,15.429879522244494,133146.61960000006,125352.18693991905,20346.619600000035,32772.90980645208
SKU0006,Electronics,2025-01-14,48929.80700000001,50800.49,28.40000000000001,25.325207865966032,1389606.5188000007,1286532.9689429286,196806.51880000028,222874.23857235536
SKU0007,Electronics,2025-01-14,18277.682000000004,14731.99,19.700000000000003,28.13103221425541,360070.33540000016,414426.0852700885,123670.3354000001,76853.69869902363
SKU0008,Groceries,2025-01-14,703.8420000000001,785.49,52.400000000000006,46.54395602010544,36881.32080000001,36559.81201423262,8061.320800000006,10960.63620317463
SKU0009,Groceries,2025-01-14,1048.034,1141.99,51.10000000000001,47.63016468458833,53554.537400000016,54393.17176815303,10119.537400000007,13907.531786252946
SKU0010,Groceries,2025-01-14,614.3010000000002,510.99,50.00000000000001,61.22797137140061,30715.050000000014,31286.881091072,9715.05000000001,5571.133115083742
SKU0011,Groceries,2025-01-14,646.3570000000001,694.99,57.80000000000001,54.16484856206223,37359.434600000015,37644.02810214763,7303.434600000006,9478.306849875271
SKU0012,Groceries,2025-01-14,447.229,429.49,75.30000000000001,78.41127594053383,33676.343700000005,33676.858903699875,6568.343699999999,5448.799565107696
SKU0013,Groceries,2025-01-14,348.499,280.49,50.400000000000006,62.53966517652396,17564.3496,17541.750685363208,3452.3496000000014,30.64443593649731
SKU0014,Apparel,2025-01-14,605.0630000000001,655.49,32.60000000000001,29.6824176308352,19725.05380000001,19456.527932836165,3425.0538000000042,4615.319117418566
SKU0015,Apparel,2025-01-14,1881.7930000000003,2121.99,26.300000000000004,22.679969081319577,49491.15590000002,48126.66759086932,7411.155900000011,11838.717060758001
SKU0016,Apparel,2025-01-14,2920.9620000000004,2763.99,16.800000000000004,18.029265127801093,49072.16160000002,49832.70852059094,12112.16160000001,10168.325239428534
SKU0017,Apparel,2025-01-14,3159.9290000000005,3698.99,35.900000000000006,29.360139180289384,113441.45110000003,108602.86122649861,12921.451100000022,26394.471521688345
SKU0018,Apparel,2025-01-14,2184.4310000000005,2689.99,28.300000000000004,21.805881808904168,61819.397300000026,58657.60400713412,8049.397300000015,17226.428570216198
SKU0019,Apparel,2025-01-14,1924.926,1891.99,23.500000000000004,24.002418126908093,45235.761000000006,45412.33507192884,9985.761,9408.707881566705
SKU0020,Home & Kitchen,2025-01-14,6648.058000000001,6440.49,16.300000000000004,17.04073964113781,108363.34540000005,109750.71325135166,26863.34540000002,24547.015045662603
SKU0021,Home & Kitchen,2025-01-14,4489.598000000001,5413.99,24.9,19.383972045540958,111790.99020000001,104944.63081483828,17170.990200000022,31285.537041782645
SKU0022,Home & Kitchen,2025-01-14,4387.656000000001,3923.99,15.800000000000002,18.309040634711938,69324.96480000003,71844.4923602033,18764.964800000016,13255.562329125092
SKU0023,Home & Kitchen,2025-01-14,7650.458,9175.49,12.200000000000005,9.22616732918194,93335.58760000003,84654.6060672356,14035.5876,24684.51842755299
SKU0024,Home & Kitchen,2025-01-14,2127.7630000000004,2338.49,27.100000000000005,24.10121481881181,57662.37730000002,56360.44984164322,8882.377300000011,12978.263167781965
SKU0025,Home & Kitchen,2025-01-14,2012.5720000000003,1746.49,19.4,23.095913647296754,39043.8968,40336.78222586731,11883.896800000006,8002.503119651853
SKU0026,Beauty & Personal Care,2025-01-14,1093.7480000000005,1181.49,49.000000000000014,45.75022929236263,53593.65200000004,54053.438406633526,9493.652000000027,12878.232043507158
SKU0027,Beauty & Personal Care,2025-01-14,621.5870000000001,638.49,44.900000000000006,43.83775506268943,27909.25630000001,27989.968229976577,5459.2563000000055,6071.09069863186
SKU0028,Beauty & Personal Care,2025-01-14,722.7610000000001,837.49,44.60000000000001,38.49328650871105,32235.14060000001,32237.742518180417,3245.1406000000043,7217.106287518235
SKU0029,Beauty & Personal Care,2025-01-14,2152.6760000000004,2304.49,46.60000000000001,43.55147409017116,100314.70160000003,100363.93652605853,16434.701600000022,21971.28316375044
SKU0030,Beauty & Personal Care,2025-01-14,2774.5310000000004,2761.99,44.400000000000006,44.60105803834972,123189.17640000004,123187.67629134153,25509.176400000022,25065.34860697215
SKU0031,Beauty & Personal Care,2025-01-14,513.5630000000001,562.99,44.7,40.95664156843054,22956.266100000004,23058.179636610712,2841.266100000005,4627.690930816967
SKU0032,Sports & Fitness,2025-01-14,3632.373000000001,3662.99,0.0,0.0,0.0,0.0,0.0,0.0
SKU0033,Sports & Fitness,2025-01-14,1106.3520000000003,1173.99,29.200000000000003,27.198402784577578,32305.47840000001,31930.652885066233,6025.47840000001,7452.090378946411
SKU0034,Sports & Fitness,2025-01-14,1965.809,2389.99,38.2,30.019592231088524,75093.9038,71746.52523637925,6333.903799999999,17711.25922041991
SKU0035,Sports & Fitness,2025-01-14,873.4650000000001,856.49,23.000000000000004,23.545233232447096,20089.695000000007,20166.256811258612,3989.695000000004,3684.593548545646
SKU0036,Sports & Fitness,2025-01-14,3285.3670000000006,3223.49,25.300000000000004,25.92328327413281,83119.78510000004,83563.44440133436,17339.78510000002,16162.90788858906
SKU0037,Sports & Fitness,2025-01-14,586.4840000000002,738.49,33.1,25.22220639256264,19412.620400000007,18626.347198843585,1207.620400000005,4754.133682934133
SKU0038,Books & Stationery,2025-01-14,549.041,544.49,59.900000000000006,60.47735190169972,32887.55590000001,32929.31333695648,5932.555900000004,5714.504981191607
SKU0039,Books & Stationery,2025-01-14,356.0530000000001,300.49,66.80000000000001,81.059749188584,23784.340400000012,24357.644033677603,3744.3404000000082,39.71927710240689
SKU0040,Books & Stationery,2025-01-14,523.2840000000001,659.99,42.7,32.56062939672407,22344.226800000008,21489.689795543916,994.2268000000046,5209.375097181884
SKU0041,Books & Stationery,2025-01-14,278.346,250.49,45.00000000000001,50.77959491529552,12525.570000000002,12719.780730332375,1275.5700000000004,24.882001508495264
SKU0042,Books & Stationery,2025-01-14,990.5,929.99,56.70000000000001,61.03479577480586,56161.35000000001,56761.7497226117,10801.350000000002,7933.913102767014
SKU0043,Books & Stationery,2025-01-14,718.0910000000001,871.49,54.50000000000001,43.462389769319365,39135.95950000001,37877.03806006414,3710.959500000007,9626.484710006547
SKU0044,Pet Supplies,2025-01-14,1789.6630000000002,1923.49,36.3,33.42660476535331,64964.7669,64295.74000010944,6884.766900000008,10813.172375544144
SKU0045,Pet Supplies,2025-01-14,1282.3490000000002,1404.99,47.3,43.77797470036175,60655.1077,61507.61667426126,8625.107700000008,13351.84450386333
SKU0046,Pet Supplies,2025-01-14,549.988,603.49,35.10000000000001,32.61122015195566,19304.578800000007,19680.545249503724,3509.578800000003,5005.496181123675
SKU0047,Pet Supplies,2025-01-14,398.8970000000001,421.99,43.2,41.32930604884803,17232.350400000007,17440.55385955338,2112.350400000005,2975.2967424565704
SKU0048,Pet Supplies,2025-01-14,1085.592,1102.49,43.000000000000014,42.341237809743575,46680.45600000002,46680.7912728642,7980.4560000000065,8573.677244094977
SKU0049,Pet Supplies,2025-01-14,2102.0980000000004,2248.49,36.400000000000006,34.08842790082174,76516.36720000002,76647.48925071867,10996.367200000017,15288.319029239536
SKU0001,Electronics,2025-01-15,11228.867000000002,8000.000000000002,13.400000000000002,22.46112128922737,150466.81780000005,179688.970313819,43266.81780000003,4.0856541616862835e-11
SKU0002,Electronics,2025-01-15,19310.133,18131.99,12.000000000000004,13.652330303944046,231721.59600000008,247543.91654781043,15721.596000000025,1801.9710768175964
SKU0003,Electronics,2025-01-15,34623.158,30409.49,0.0,0.3669039303507715,0.0,11157.361400962483,0.0,150.24349043933802
SKU0004,Electronics,2025-01-15,13923.563000000002,9000.0,0.0,0.9100629527944412,0.0,8190.56657514997,0.0,0.0
SKU0005,Electronics,2025-01-15,6871.256000000001,6000.0,17.200000000000003,20.88426364016384,118185.60320000004,125305.58184098304,14985.603200000023,0.0
SKU0006,Electronics,2025-01-15,52170.47600000001,42000.0,14.6,28.53960839680462,761688.9496000002,1198663.552665794,148488.94960000014,0.0
SKU0007,Electronics,2025-01-15,17289.313000000002,12000.0,13.6,25.03849387692631,235134.65680000003,300461.9265231157,71934.65680000003,0.0
SKU0008,Groceries,2025-01-15,657.876,550.0,50.60000000000001,61.3651591598193,33288.5256,33750.83753790062,5458.5256,0.0
SKU0009,Groceries,2025-01-15,1047.1040000000005,850.0,57.10000000000001,67.6864325337249,59789.63840000004,57533.467653666165,11254.63840000003,0.0
SKU0010,Groceries,2025-01-15,626.6330000000002,420.0,49.00000000000001,76.0387274959923,30705.01700000001,31936.26554831677,10125.017000000009,0.0
SKU0011,Groceries,2025-01-15,587.3960000000001,520.0000000000001,55.10000000000001,61.44631389326855,32365.51960000001,31952.083224499653,3713.5196000000046,6.985637116175502e-12
SKU0012,Groceries,2025-01-15,464.7600000000001,360.0,65.70000000000002,84.8321110392831,30534.732000000015,30539.559974141917,6882.732000000009,0.0
SKU0013,Groceries,2025-01-15,367.85,280.0,47.400000000000006,62.18280870087155,17436.090000000004,17411.186436244032,4164.090000000002,0.0
SKU0014,Apparel,2025-01-15,589.1660000000002,500.0000000000001,22.000000000000004,26.706220160849487,12961.652000000006,13353.110080424747,1961.652000000004,3.036145717584246e-12
SKU0015,Apparel,2025-01-15,2021.934,1600.0,23.000000000000004,30.66466500783219,46504.482,49063.464012531505,9704.482,0.0
SKU0016,Apparel,2025-01-15,3152.9550000000004,2200.0,15.200000000000005,24.030079301506824,47924.91600000002,52866.174463315016,14484.91600000001,0.0
SKU0017,Apparel,2025-01-15,3443.1600000000003,2800.0,19.1,24.966392678439917,65764.35600000001,69905.89949963176,12284.356000000007,0.0
SKU0018,Apparel,2025-01-15,2361.215,1906.49,24.90000000000001,32.50497517606287,58794.25350000003,61970.410123412104,11484.253500000008,210.95728889264834
SKU0019,Apparel,2025-01-15,2141.097,1500.0,25.700000000000003,39.5771912515832,55026.19290000001,59365.786877374805,16476.192900000005,0.0
SKU0020,Home & Kitchen,2025-01-15,6232.34,5000.0,16.1,21.880154678358757,100340.67400000001,109400.77339179379,19840.674000000003,0.0
SKU0021,Home & Kitchen,2025-01-15,4533.8150000000005,3802.99,19.800000000000004,25.04421250277837,89769.53700000003,95242.88970594111,14529.537000000013,74.88219538330186
SKU0022,Home & Kitchen,2025-01-15,4731.986000000001,3200.0,15.800000000000002,26.355454230036543,74765.37880000002,84337.45353611694,24205.378800000017,0.0
SKU0023,Home & Kitchen,2025-01-15,8089.368,6625.49,20.40000000000001,27.32454932713714,165023.1072000001,181038.52832145386,32423.107200000024,3428.957695062434
SKU0024,Home & Kitchen,2025-01-15,2146.05,1800.0000000000005,11.3,14.176166791420844,24250.365000000005,25517.100224557526,3910.3650000000025,6.446574294123295e-12
SKU0025,Home & Kitchen,2025-01-15,1957.48,1400.0,11.000000000000002,16.786710243642535,21532.280000000002,23501.39434109955,6132.280000000002,0.0
SKU0026,Beauty & Personal Care,2025-01-15,1182.148,900.0000000000002,28.200000000000003,36.02655924703806,33336.5736,32423.90332233426,7956.573599999998,8.191491189572402e-12
SKU0027,Beauty & Personal Care,2025-01-15,640.923,500.0000000000001,28.40000000000001,35.512213084918685,18202.213200000006,17756.106542459347,4002.2132000000015,4.0372712061206e-12
SKU0028,Beauty & Personal Care,2025-01-15,732.7300000000001,650.0,31.600000000000005,35.64248543237634,23154.268000000007,23167.61553104462,2614.2680000000046,0.0
SKU0029,Beauty & Personal Care,2025-01-15,2225.9120000000003,1800.0000000000005,27.200000000000003,33.659874452497284,60544.806400000016,60587.774014495124,11584.806400000009,1.5306738738444112e-11
SKU0030,Beauty & Personal Care,2025-01-15,2816.255000000001,2200.0,33.800000000000004,43.27770882314057,95189.41900000005,95210.95941090926,20829.419000000038,0.0
SKU0031,Beauty & Personal Care,2025-01-15,509.0750000000001,450.0000000000001,33.800000000000004,38.029223484407744,17206.735000000004,17113.150567983488,1996.7350000000038,4.3234221589509325e-12
SKU0032,Sports & Fitness,2025-01-15,3697.648,3000.0,0.0,0.2993084361081672,0.0,897.9253083245017,0.0,0.0
SKU0033,Sports & Fitness,2025-01-15,1166.0570000000002,900.0000000000002,21.1,28.810131027704315,24603.802700000007,25929.11792493389,5613.802700000006,6.550665381770231e-12
SKU0034,Sports & Fitness,2025-01-15,2064.3920000000003,1800.0000000000005,25.300000000000004,29.99217170267629,52229.11760000001,53985.90906481734,6689.117600000008,1.3638860629124015e-11
SKU0035,Sports & Fitness,2025-01-15,874.0250000000001,700.0,24.100000000000005,31.361736694517734,21064.002500000006,21953.215686162413,4194.002500000003,0.0
SKU0036,Sports & Fitness,2025-01-15,3316.0180000000005,2600.0,25.700000000000003,35.02850773773603,85221.66260000003,91074.12011811367,18401.662600000014,0.0
SKU0037,Sports & Fitness,2025-01-15,618.4970000000001,551.49,29.000000000000007,33.188072386776426,17936.413000000008,18302.89004058333,1986.4130000000025,49.450227856297175
SKU0038,Books & Stationery,2025-01-15,587.4760000000001,450.0000000000001,51.7,70.2921311344041,30372.509200000008,31631.459010481853,7107.509200000006,7.991290105383553e-12
SKU0039,Books & Stationery,2025-01-15,388.33,300.0,50.80000000000001,68.25368913603432,19727.164000000004,20476.106740810297,4487.164,0.0
SKU0040,Books & Stationery,2025-01-15,521.9130000000001,501.49,43.20000000000001,45.25252081810216,22546.64160000001,22693.686665070054,946.6416000000056,67.42625601897264
SKU0041,Books & Stationery,2025-01-15,286.13000000000005,250.00000000000009,54.400000000000006,63.46336633443126,15565.472000000005,15865.84158360782,1965.4720000000032,5.411212072297467e-12
SKU0042,Books & Stationery,2025-01-15,991.044,800.0,31.000000000000007,39.9275796376966,30722.364000000005,31942.063710157283,5922.3640000000005,0.0
SKU0043,Books & Stationery,2025-01-15,714.191,650.0,49.400000000000006,55.13904466233272,35281.03540000001,35840.37903051627,3171.035400000002,0.0
SKU0044,Pet Supplies,2025-01-15,1913.723,1600.0,25.800000000000004,31.701744975146617,49374.053400000004,50722.79196023459,8094.0534,0.0
SKU0045,Pet Supplies,2025-01-15,1313.005,1100.0,44.60000000000001,51.80622299888186,58560.023000000016,56986.845298770044,9500.023000000007,0.0
SKU0046,Pet Supplies,2025-01-15,537.0600000000001,450.0000000000001,30.1,34.632514382560046,16165.506000000003,15584.631472152025,2620.5060000000017,3.937261042501637e-12
SKU0047,Pet Supplies,2025-01-15,427.5670000000001,350.0,38.10000000000001,44.600504664144886,16290.302700000007,15610.17663245071,2955.302700000005,0.0
SKU0048,Pet Supplies,2025-01-15,1089.085,900.0000000000002,30.000000000000004,36.34555579626095,32672.550000000007,32711.000216634868,5672.550000000002,8.26402260742292e-12
SKU0049,Pet Supplies,2025-01-15,2169.106,1800.0000000000005,35.10000000000001,42.07962672123441,76135.62060000002,75743.32809822196,12955.620600000011,1.9135598777772617e-11
SKU0001,Electronics,2025-01-16,11085.958000000002,8000.000000000002,15.2,24.91150654869417,168506.56160000002,199292.0523895534,46906.56160000003,4.5313766438437906e-11
SKU0002,Electronics,2025-01-16,19470.561,18000.0,13.900000000000002,16.298550853988683,270640.79790000006,293373.9153717963,20440.797900000023,0.0
SKU0003,Electronics,2025-01-16,35838.23300000001,30000.000000000007,0.0,0.5346114857428872,0.0,16038.34457228662,0.0,3.889810510320874e-12
SKU0004,Electronics,2025-01-16,14042.305000000002,9000.0,0.0,0.9342707231876064,0.0,8408.436508688457,0.0,0.0
SKU0005,Electronics,2025-01-16,6870.157000000001,6000.0,16.400000000000002,19.91776833411585,112670.57480000003,119506.61000469509,14270.574800000019,0.0
SKU0006,Electronics,2025-01-16,52946.73200000001,42000.0,15.700000000000005,32.02800920595222,831263.6924000004,1345176.3866499935,171863.69240000023,0.0
SKU0007,Electronics,2025-01-16,17336.396000000004,12000.0,9.900000000000002,18.5236360140769,171630.32040000008,222283.6321689228,52830.320400000055,0.0
SKU0008,Groceries,2025-01-16,659.6990000000001,550.0,46.60000000000001,56.69935430425893,30741.97340000001,31184.644867342413,5111.973400000004,0.0
SKU0009,Groceries,2025-01-16,1083.235,850.0,77.80000000000001,94.72988181073048,84275.683,80520.3995391209,18145.682999999994,0.0
SKU0010,Groceries,2025-01-16,641.258,420.0,56.900000000000006,90.4633663570306,36487.580200000004,37994.61386995285,12589.580200000004,0.0
SKU0011,Groceries,2025-01-16,585.8030000000001,520.0000000000001,29.6,32.98037120386874,17339.768800000005,17149.79302601175,1947.7688000000035,3.749434109052884e-12
SKU0012,Groceries,2025-01-16,462.1790000000001,360.0,62.500000000000014,80.26602646023562,28886.18750000001,28895.769525684824,6386.187500000007,0.0
SKU0013,Groceries,2025-01-16,376.55,280.0,56.70000000000001,76.06359340496083,21350.385000000006,21297.806153389032,5474.385000000002,0.0
SKU0014,Apparel,2025-01-16,608.2270000000001,500.0000000000001,30.100000000000005,37.841833452146055,18307.632700000006,18920.916726073032,3257.6327000000033,4.3021183787625495e-12
SKU0015,Apparel,2025-01-16,2140.809,1600.0,19.500000000000004,27.94004813256982,41745.77550000001,44704.07701211172,10545.775500000005,0.0
SKU0016,Apparel,2025-01-16,3223.938,2200.0,23.700000000000003,38.20431157611056,76407.33060000002,84049.48546744324,24267.330600000005,0.0
SKU0017,Apparel,2025-01-16,3397.929,2800.0,22.90000000000001,29.37391038088341,77812.57410000003,82246.94906647355,13692.574100000007,0.0
SKU0018,Apparel,2025-01-16,2391.3530000000005,1900.0000000000005,33.1,43.97547575065137,79153.78430000001,83553.40392623762,16263.784300000018,1.9997731101580653e-11
SKU0019,Apparel,2025-01-16,2156.8370000000004,1500.0,24.800000000000004,38.548694141071344,53489.55760000002,57823.041211607015,16289.557600000015,0.0
SKU0020,Home & Kitchen,2025-01-16,6492.587000000001,5000.0,21.100000000000005,30.21317974950453,136993.58570000005,151065.89874752265,31493.585700000036,0.0
SKU0021,Home & Kitchen,2025-01-16,4649.034,3800.000000000001,18.500000000000004,24.238354230617723,86007.12900000002,92105.74607634736,15707.128999999997,2.204465475244226e-11
SKU0022,Home & Kitchen,2025-01-16,4817.599,3200.0,14.800000000000002,25.30856935985696,71300.46520000002,80987.42195154227,23940.465200000006,0.0
SKU0023,Home & Kitchen,2025-01-16,8040.967000000001,6500.0,16.0,21.919238149325185,128655.47200000001,142475.0479706137,24655.47200000001,0.0
SKU0024,Home & Kitchen,2025-01-16,2202.4300000000003,1800.0000000000005,17.6,22.671660257784417,38762.76800000001,40808.98846401196,7082.7680000000055,1.0309877442425394e-11
SKU0025,Home & Kitchen,2025-01-16,1992.307,1400.0,16.6,25.633017807487096,33072.296200000004,35886.224930481934,9832.2962,0.0
SKU0026,Beauty & Personal Care,2025-01-16,1193.4630000000002,900.0000000000002,20.500000000000004,26.489833303291444,24465.991500000007,23840.849972962307,6015.991500000005,6.023090760047909e-12
SKU0027,Beauty & Personal Care,2025-01-16,642.8860000000001,500.0000000000001,30.9,38.72286676743056,19865.1774,19361.433383715284,4415.177400000002,4.402280270304636e-12
SKU0028,Beauty & Personal Care,2025-01-16,759.0010000000002,650.0,26.6,31.107386972320064,20189.426600000006,20219.80153200804,2899.4266000000057,0.0
SKU0029,Beauty & Personal Care,2025-01-16,2208.827,1800.0000000000005,37.400000000000006,45.84454980469044,82610.12980000002,82520.18964844281,15290.129800000012,2.0847687576265543e-11
SKU0030,Beauty & Personal Care,2025-01-16,2775.361000000001,2200.0,32.7,41.27071506430925,90754.30470000004,90795.57314148034,18814.304700000026,0.0
SKU0031,Beauty & Personal Care,2025-01-16,499.7890000000001,450.0000000000001,29.700000000000003,32.84652789765861,14843.733300000004,14780.937553946378,1478.733300000003,3.734217886819648e-12
SKU0032,Sports & Fitness,2025-01-16,3525.193,3000.0,0.0,0.223872147413447,0.0,671.616442240341,0.0,0.0
SKU0033,Sports & Fitness,2025-01-16,1129.8680000000002,900.0000000000002,23.40000000000001,30.73496658309331,26438.911200000013,27661.469924783985,5378.911200000006,6.9883223166228414e-12
SKU0034,Sports & Fitness,2025-01-16,1963.6370000000004,1800.0000000000005,13.300000000000002,14.870881613105034,26116.37210000001,26767.58690358907,2176.3721000000055,6.7624940189057425e-12
SKU0035,Sports & Fitness,2025-01-16,876.0810000000001,700.0,20.200000000000003,26.40702922825196,17696.836200000005,18484.92045977637,3556.8362000000034,0.0
SKU0036,Sports & Fitness,2025-01-16,3275.2670000000007,2600.0,18.90000000000001,25.44677344695144,61902.546300000045,66161.61096207374,12762.54630000002,0.0
SKU0037,Sports & Fitness,2025-01-16,645.7970000000001,550.0,30.300000000000004,36.58520834835953,19567.649100000006,20121.86459159774,2902.6491000000046,0.0
SKU0038,Books & Stationery,2025-01-16,581.8490000000002,450.0000000000001,54.900000000000006,73.80039906705763,31943.51010000001,33210.17958017594,7238.5101000000095,8.390133992527083e-12
SKU0039,Books & Stationery,2025-01-16,376.87500000000006,300.0,37.60000000000001,48.89579426506744,14170.500000000005,14668.73827952023,2890.5000000000027,0.0
SKU0040,Books & Stationery,2025-01-16,504.9300000000001,500.0000000000001,51.10000000000001,51.68452463022604,25801.92300000001,25842.26231511303,251.9230000000062,5.875850164355375e-12
SKU0041,Books & Stationery,2025-01-16,299.626,250.00000000000009,47.7,58.677006577270056,14292.1602,14669.25164431752,2367.160199999999,5.003102493555223e-12
SKU0042,Books & Stationery,2025-01-16,988.2810000000002,800.0,39.2,50.250576073412326,38740.61520000001,40200.46085872986,7380.6152000000075,0.0
SKU0043,Books & Stationery,2025-01-16,710.096,650.0,35.5,39.389416098193294,25208.408,25603.120463825642,2133.4080000000004,0.0
SKU0044,Pet Supplies,2025-01-16,1992.5880000000004,1600.0,41.8,53.62313216250652,83290.17840000002,85797.01146001043,16410.178400000015,0.0
SKU0045,Pet Supplies,2025-01-16,1339.2340000000004,1100.0,21.6,25.6041598582855,28927.45440000001,28164.57584411405,5167.454400000009,0.0
SKU0046,Pet Supplies,2025-01-16,536.4340000000001,450.0000000000001,29.700000000000003,34.142670116611555,15932.089800000003,15364.201552475204,2567.089800000003,3.881572196929887e-12
SKU0047,Pet Supplies,2025-01-16,434.24300000000005,350.0,44.60000000000001,52.818145500889145,19367.237800000006,18486.350925311202,3757.237800000003,0.0
SKU0048,Pet Supplies,2025-01-16,1045.584,900.0000000000002,25.600000000000005,29.79426566307966,26766.950400000005,26814.839096771702,3726.9504000000024,6.774431690946508e-12
SKU0049,Pet Supplies,2025-01-16,2216.835,1800.0000000000005,24.700000000000003,30.30802964942716,54755.82450000001,54554.4533689689,10295.824500000002,1.378249619366541e-11
SKU0001,Electronics,2025-01-17,11030.755,8000.000000000002,14.700000000000005,23.93193885422753,162152.09850000005,191455.51083382027,44552.0985,4.353194318214724e-11
SKU0002,Electronics,2025-01-17,19138.001000000004,18000.0,19.1,21.583905035755663,365535.8191000001,388510.2906436019,21735.819100000073,0.0
SKU0003,Electronics,2025-01-17,35431.08200000001,30000.000000000007,0.0,0.4929557672651674,0.0,14788.673017955025,0.0,3.5867252682886274e-12
SKU0004,Electronics,2025-01-17,13956.886000000002,9000.0,0.0,0.9168464391570093,0.0,8251.617952413084,0.0,0.0
SKU0005,Electronics,2025-01-17,6876.348000000001,6000.0,13.500000000000002,16.45283443000851,92830.69800000002,98717.00658005106,11830.698000000013,0.0
SKU0006,Electronics,2025-01-17,52576.70400000001,42000.0,12.700000000000005,25.54108915277669,667724.1408000004,1072725.7444166208,134324.1408000002,0.0
SKU0007,Electronics,2025-01-17,17027.621000000003,12000.0,11.3,20.412827994569167,192412.11730000004,244953.93593483,56812.117300000034,0.0
SKU0008,Groceries,2025-01-17,660.2320000000001,550.0,55.30000000000001,67.30359090176046,36510.82960000001,37016.97499596825,6095.8296000000055,0.0
SKU0009,Groceries,2025-01-17,1091.5740000000003,850.0,41.400000000000006,50.82755209384154,45191.16360000002,43203.41927976531,10001.163600000014,0.0
SKU0010,Groceries,2025-01-17,642.9330000000001,420.0,48.2,76.93961444799837,30989.370600000006,32314.638068159315,10745.370600000006,0.0
SKU0011,Groceries,2025-01-17,584.3000000000001,520.0000000000001,40.60000000000001,45.0912817732745,23722.58000000001,23447.466522102746,2610.580000000003,5.126285233617921e-12
SKU0012,Groceries,2025-01-17,455.874,360.0,83.30000000000001,105.43177334723552,37974.304200000006,37955.43840500479,7986.304200000003,0.0
SKU0013,Groceries,2025-01-17,368.566,280.0,47.60000000000001,62.56455632460354,17543.7416,17518.07577088899,4215.741599999999,0.0
SKU0014,Apparel,2025-01-17,601.8950000000001,500.0000000000001,21.500000000000007,26.76929441467328,12940.742500000006,13384.647207336642,2190.7425000000026,3.0433164300431235e-12
SKU0015,Apparel,2025-01-17,2127.7740000000003,1600.0,16.900000000000002,24.0874959342929,35959.38060000001,38539.99349486864,8919.380600000008,0.0
SKU0016,Apparel,2025-01-17,3235.629,2200.0,18.9,30.72419055456372,61153.3881,67593.21922004018,19573.388099999996,0.0
SKU0017,Apparel,2025-01-17,3434.5330000000004,2800.0,25.100000000000005,32.61295367216356,86206.77830000002,91316.27028205797,15926.778300000013,0.0
SKU0018,Apparel,2025-01-17,2438.8540000000007,1900.0000000000005,25.40000000000001,34.6538667320902,61946.89160000004,65842.3467909714,13686.891600000023,1.5758754094390588e-11
SKU0019,Apparel,2025-01-17,2169.773,1500.0,22.6,35.43168192065496,49036.86980000001,53147.52288098244,15136.869800000004,0.0
SKU0020,Home & Kitchen,2025-01-17,6528.3110000000015,5000.0,9.900000000000002,14.506794574082267,64630.27890000003,72533.97287041134,15130.278900000018,0.0
SKU0021,Home & Kitchen,2025-01-17,4676.68,3800.000000000001,23.90000000000001,31.472786563624865,111772.65200000005,119596.58894177452,20952.652000000016,2.862433262964702e-11
SKU0022,Home & Kitchen,2025-01-17,4781.154,3200.0,15.500000000000004,26.2153397485506,74107.88700000002,83889.08719536192,24507.887000000013,0.0
SKU0023,Home & Kitchen,2025-01-17,8107.232000000001,6500.0,15.3,21.23025024859336,124040.64960000002,137996.62661585683,24590.649600000015,0.0
SKU0024,Home & Kitchen,2025-01-17,2220.4240000000004,1800.0000000000005,18.90000000000001,24.57360133918103,41966.01360000003,44232.48241052587,7946.013600000012,1.1174780110732641e-11
SKU0025,Home & Kitchen,2025-01-17,1976.913,1400.0,11.3,17.44408805472936,22339.1169,24421.723276621102,6519.116900000001,0.0
SKU0026,Beauty & Personal Care,2025-01-17,1200.7710000000002,900.0000000000002,39.60000000000001,51.18776985073585,47550.53160000002,46068.99286566227,11910.53160000001,1.1638751368704072e-11
SKU0027,Beauty & Personal Care,2025-01-17,642.9550000000002,500.0000000000001,32.50000000000001,40.71914362975574,20896.03750000001,20359.571814877876,4646.037500000006,4.629230673999216e-12
SKU0028,Beauty & Personal Care,2025-01-17,753.5440000000001,650.0,47.60000000000001,55.140220546676304,35868.69440000001,35841.1433553396,4928.694400000006,0.0
SKU0029,Beauty & Personal Care,2025-01-17,2233.572000000001,1800.0000000000005,28.200000000000006,35.008893900136954,62986.730400000044,63016.009020246536,12226.730400000031,1.5920201758552573e-11
SKU0030,Beauty & Personal Care,2025-01-17,2786.197000000001,2200.0,21.40000000000001,27.2038509456004,59624.61580000005,59848.472080320884,12544.615800000027,0.0
SKU0031,Beauty & Personal Care,2025-01-17,487.1070000000001,450.0000000000001,38.60000000000001,41.627624764865416,18802.330200000008,18732.431144189442,1432.3302000000035,4.732513021379579e-12
SKU0032,Sports & Fitness,2025-01-17,3580.0590000000007,3000.0,0.0,0.2477730461252549,0.0,743.3191383757646,0.0,0.0
SKU0033,Sports & Fitness,2025-01-17,1119.7630000000004,900.0000000000002,12.900000000000002,16.89180588756664,14444.942700000007,15202.62529880998,2834.9427000000055,3.840751989529654e-12
SKU0034,Sports & Fitness,2025-01-17,1959.182,1800.0000000000005,22.200000000000003,24.67860277480729,43493.84040000001,44421.48499465313,3533.840400000001,1.1222529235422957e-11
SKU0035,Sports & Fitness,2025-01-17,890.3000000000002,700.0,17.6,23.49303577901466,15669.280000000004,16445.125045310262,3349.2800000000034,0.0
SKU0036,Sports & Fitness,2025-01-17,3355.5020000000004,2600.0,19.800000000000004,27.479410249328648,66438.93960000003,71446.46664825449,14958.93960000001,0.0
SKU0037,Sports & Fitness,2025-01-17,641.7410000000001,550.0,19.9,23.91725087340196,12770.645900000001,13154.48798037108,1825.6459000000018,0.0
SKU0038,Books & Stationery,2025-01-17,583.6450000000002,450.0000000000001,60.900000000000006,82.11898688807196,35543.98050000002,36953.54409963239,8138.980500000013,9.335847936207751e-12
SKU0039,Books & Stationery,2025-01-17,376.638,300.0,33.800000000000004,43.951935046464655,12730.3644,13185.580513939396,2590.3643999999995,0.0
SKU0040,Books & Stationery,2025-01-17,502.5630000000001,500.0000000000001,60.7,61.05975733717111,30505.57410000001,30529.878668585563,155.57410000000618,6.941690723712226e-12
SKU0041,Books & Stationery,2025-01-17,301.8040000000001,250.00000000000009,46.7,57.92894272186878,14094.246800000004,14482.2356804672,2419.2468000000044,4.939318732954414e-12
SKU0042,Books & Stationery,2025-01-17,995.5190000000002,800.0,38.00000000000001,49.1394111617473,37829.722000000016,39311.528929397835,7429.722000000011,0.0
SKU0043,Books & Stationery,2025-01-17,696.801,650.0,40.900000000000006,44.372136075677126,28499.160900000006,28841.888449190134,1914.1609000000021,0.0
SKU0044,Pet Supplies,2025-01-17,1980.3900000000003,1600.0,20.200000000000003,25.87225539302481,40003.87800000001,41395.60862883969,7683.878000000008,0.0
SKU0045,Pet Supplies,2025-01-17,1325.4050000000002,1100.0,38.50000000000001,45.10004509619425,51028.09250000002,49610.04960581368,8678.09250000001,0.0
SKU0046,Pet Supplies,2025-01-17,541.735,450.0000000000001,29.90000000000001,34.64023841801846,16197.876500000006,15588.107288108313,2742.876500000001,3.938139163667354e-12
SKU0047,Pet Supplies,2025-01-17,435.5590000000001,350.0,42.10000000000001,49.98602087445275,18337.033900000006,17495.10730605846,3602.033900000004,0.0
SKU0048,Pet Supplies,2025-01-17,1049.4330000000002,900.0000000000002,29.200000000000003,34.08759610978999,30643.44360000001,30678.836498811,4363.443600000007,7.75062201450737e-12
SKU0049,Pet Supplies,2025-01-17,2214.851000000001,1800.0000000000005,28.300000000000004,34.663316546053004,62680.28330000004,62393.96978289542,11740.28330000003,1.5763051372256543e-11
SKU0001,Electronics,2025-01-18,11038.201,8000.000000000002,7.100000000000001,11.875477260917412,78371.2271,95003.81808733931,21571.227099999996,2.1601367299658545e-11
SKU0002,Electronics,2025-01-18,19190.359000000004,18000.0,18.6,21.13676861882554,356940.6774000001,380461.8351388597,22140.677400000077,0.0
SKU0003,Electronics,2025-01-18,35405.403000000006,30000.000000000007,0.0,0.4903509968936987,0.0,14710.529906810965,0.0,3.5677730694711405e-12
SKU0004,Electronics,2025-01-18,14001.157000000005,9000.0,0.0,0.9258706934805156,0.0,8332.836241324641,0.0,0.0
SKU0005,Electronics,2025-01-18,6894.618,6000.0,13.400000000000002,16.395112380627626,92387.88120000002,98370.67428376577,11987.881200000007,0.0
SKU0006,Electronics,2025-01-18,51729.89400000001,42000.0,9.000000000000002,17.468671918295538,465569.04600000015,733684.2205684126,87569.04600000009,0.0
SKU0007,Electronics,2025-01-18,17025.622000000003,12000.0,11.700000000000005,21.105068093778957,199199.7774000001,253260.81712534747,58799.77740000006,0.0
SKU0008,Groceries,2025-01-18,658.1790000000001,550.0,45.50000000000001,55.22855114770086,29947.14450000001,30375.703131235474,4922.144500000005,0.0
SKU0009,Groceries,2025-01-18,1086.6370000000002,850.0,43.50000000000001,53.19690589593999,47268.70950000001,45217.37001154899,10293.70950000001,0.0
SKU0010,Groceries,2025-01-18,642.3960000000001,420.0,57.50000000000001,91.58844328701258,36937.77000000001,38467.146180545285,12787.770000000006,0.0
SKU0011,Groceries,2025-01-18,577.47,520.0000000000001,58.50000000000001,64.24563495093895,33781.995,33407.730174488264,3361.995000000002,7.30388307498958e-12
SKU0012,Groceries,2025-01-18,458.7850000000001,360.0,55.40000000000001,70.65607059472158,25416.68900000001,25436.18541409977,5472.689000000006,0.0
SKU0013,Groceries,2025-01-18,370.73300000000006,280.0,44.2,58.45726522236837,16386.398600000004,16368.034262263143,4010.398600000003,0.0
SKU0014,Apparel,2025-01-18,602.5100000000002,500.0000000000001,23.700000000000006,29.51985929314213,14279.487000000008,14759.929646571069,2429.487000000006,3.356019453024388e-12
SKU0015,Apparel,2025-01-18,2130.9310000000005,1600.0,22.300000000000004,31.71317700009069,47519.76130000002,50741.0832001451,11839.761300000013,0.0
SKU0016,Apparel,2025-01-18,3230.166,2200.0,16.900000000000002,27.477590829234437,54589.80540000001,60450.69982431576,17409.805400000005,0.0
SKU0017,Apparel,2025-01-18,3400.1690000000003,2800.0,19.000000000000004,24.438252437899013,64603.21100000002,68427.10682611723,11403.211000000008,0.0
SKU0018,Apparel,2025-01-18,2433.1680000000006,1900.0000000000005,14.500000000000004,19.87441448940372,35280.936000000016,37761.387529867076,7730.936000000011,9.0378373394759e-12
SKU0019,Apparel,2025-01-18,2154.1560000000004,1500.0,21.500000000000004,33.43971619269077,46314.354000000014,50159.57428903615,14064.35400000001,0.0
SKU0020,Home & Kitchen,2025-01-18,6503.064,5000.0,19.500000000000004,28.015172258760444,126809.74800000004,140075.8612938022,29309.74800000001,0.0
SKU0021,Home & Kitchen,2025-01-18,4686.728000000001,3800.000000000001,17.000000000000004,22.538838558376327,79674.37600000003,85647.58652183006,15074.37600000002,2.0498954252958653e-11
SKU0022,Home & Kitchen,2025-01-18,4818.106000000001,3200.0,15.1,25.811615461481026,72753.40060000001,82597.16947673928,24433.400600000008,0.0
SKU0023,Home & Kitchen,2025-01-18,8011.157000000001,6500.0,27.600000000000005,37.35765522287988,221107.93320000006,242824.75894871922,41707.933200000036,0.0
SKU0024,Home & Kitchen,2025-01-18,2213.6250000000005,1800.0000000000005,24.5,31.650313940089987,54233.812500000015,56970.56509216199,10133.812500000011,1.4392896418980848e-11
SKU0025,Home & Kitchen,2025-01-18,1998.7470000000003,1400.0,17.500000000000004,27.101221912593093,34978.07250000001,37941.71067763033,10478.072500000007,0.0
SKU0026,Beauty & Personal Care,2025-01-18,1188.8650000000002,900.0000000000002,32.5,41.68923805040728,38638.11250000001,37520.314245366564,9388.112500000008,9.479035281948946e-12
SKU0027,Beauty & Personal Care,2025-01-18,640.229,500.0000000000001,38.60000000000001,48.133237877072695,24712.839400000008,24066.618938536354,5412.839400000003,5.4721156035467055e-12
SKU0028,Beauty & Personal Care,2025-01-18,765.8770000000002,650.0,34.800000000000004,41.01467591322015,26652.51960000001,26659.5393435931,4032.519600000007,0.0
SKU0029,Beauty & Personal Care,2025-01-18,2210.4850000000006,1800.0000000000005,32.5,39.89678307076785,71840.76250000001,71814.20952738215,13340.762500000019,1.814295641032361e-11
SKU0030,Beauty & Personal Care,2025-01-18,2799.2180000000003,2200.0,36.400000000000006,46.3050032393965,101891.53520000003,101871.0071266723,21811.535200000013,0.0
SKU0031,Beauty & Personal Care,2025-01-18,490.8730000000001,450.0000000000001,33.00000000000001,35.86252676668959,16198.809000000007,16138.13704501032,1348.8090000000038,4.077097260811751e-12
SKU0032,Sports & Fitness,2025-01-18,3512.4910000000004,3000.0,0.0,0.218352190860646,0.0,655.056572581938,0.0,0.0
SKU0033,Sports & Fitness,2025-01-18,1123.307,900.0000000000002,14.1,18.507529224875704,15838.6287,16656.776302388138,3148.6287,4.2081249432330205e-12
SKU0034,Sports & Fitness,2025-01-18,1961.557,1800.0000000000005,22.40000000000001,24.937584115309598,43938.87680000002,44887.651407557285,3618.876800000002,1.1340300313945407e-11
SKU0035,Sports & Fitness,2025-01-18,886.7740000000001,700.0,16.800000000000004,22.333341321966955,14897.803200000006,15633.33892537687,3137.8032000000026,0.0
SKU0036,Sports & Fitness,2025-01-18,3310.9870000000005,2600.0,10.700000000000005,14.75827113018143,35427.56090000002,38371.50493847172,7607.560900000009,0.0
SKU0037,Sports & Fitness,2025-01-18,650.7540000000001,550.0,21.300000000000004,26.012366335091578,13861.060200000005,14306.801484300368,2146.060200000003,0.0
SKU0038,Books & Stationery,2025-01-18,581.8270000000001,450.0000000000001,44.000000000000014,59.2124090652839,25600.388000000014,26645.58407937776,5800.388000000007,6.731671540510877e-12
SKU0039,Books & Stationery,2025-01-18,373.068,300.0,36.7,47.17871620889298,13691.5956,14153.614862667893,2681.5955999999996,0.0
SKU0040,Books & Stationery,2025-01-18,500.8970000000001,500.0000000000001,58.20000000000001,58.320778501122895,29152.20540000001,29160.389250561453,52.20540000000612,6.6303048812554715e-12
SKU0041,Books & Stationery,2025-01-18,300.99000000000007,250.00000000000009,49.30000000000001,60.95282604935512,14838.807000000006,15238.206512338784,2513.807000000004,5.197150532810194e-12
SKU0042,Books & Stationery,2025-01-18,993.105,800.0,35.60000000000001,45.92280980574962,35354.53800000001,36738.2478445997,6874.538000000002,0.0
SKU0043,Books & Stationery,2025-01-18,705.787,650.0,48.00000000000001,52.84479572799534,33877.776000000005,34349.11722319697,2677.776000000002,0.0
SKU0044,Pet Supplies,2025-01-18,1973.9840000000004,1600.0,33.2,42.1946686622559,65536.26880000002,67511.46985960944,12416.268800000014,0.0
SKU0045,Pet Supplies,2025-01-18,1339.6450000000002,1100.0,38.7,45.74574496933096,51844.261500000015,50320.31946626405,9274.26150000001,0.0
SKU0046,Pet Supplies,2025-01-18,544.249,450.0000000000001,41.2,47.84742025153659,22423.058800000003,21531.339113191472,3883.058800000001,5.439621901534405e-12
SKU0047,Pet Supplies,2025-01-18,437.1890000000001,350.0,35.2,41.9466358631598,15389.052800000003,14681.32255210593,3069.052800000003,0.0
SKU0048,Pet Supplies,2025-01-18,1051.3010000000002,900.0000000000002,31.100000000000005,36.35992530228603,32695.46110000001,32723.932772057437,4705.461100000006,8.267289854822145e-12
SKU0049,Pet Supplies,2025-01-18,2236.6580000000004,1800.0000000000005,42.10000000000001,51.94973364829428,94163.30180000003,93509.52056692973,18383.30180000002,2.362400375581923e-11
SKU0001,Electronics,2025-01-19,10912.988,8000.000000000002,16.900000000000002,26.98969720446771,184429.4972,215917.57763574173,49229.4972,4.909397321983799e-11
SKU0002,Electronics,2025-01-19,19116.123000000007,18000.0,18.200000000000003,20.525837088849237,347913.43860000017,369465.06759928627,20313.43860000013,0.0
SKU0003,Electronics,2025-01-19,35669.336,30000.000000000007,0.0,0.5172502143637239,0.0,15517.50643091172,0.0,3.763490635637746e-12
SKU0004,Electronics,2025-01-19,14111.991000000002,9000.0,0.0,0.9485236873844068,0.0,8536.713186459661,0.0,0.0
SKU0005,Electronics,2025-01-19,6787.660000000001,6000.0,20.200000000000003,24.07082249147845,137110.73200000005,144424.93494887068,15910.732000000018,0.0
SKU0006,Electronics,2025-01-19,52128.37400000001,42000.0,17.1,33.19214750563721,891395.1954000002,1394070.1952367628,173195.1954000002,0.0
SKU0007,Electronics,2025-01-19,17199.563000000002,12000.0,9.7,17.926300377629335,166835.7611,215115.60453155203,50435.76110000002,0.0
SKU0008,Groceries,2025-01-19,664.6580000000001,550.0,64.30000000000001,78.78454060415363,42737.50940000002,43331.497332284496,7372.50940000001,0.0
SKU0009,Groceries,2025-01-19,1092.245,850.0,60.8,74.57837574942864,66408.49599999998,63391.61938701435,14728.495999999992,0.0
SKU0010,Groceries,2025-01-19,640.7830000000001,420.0,49.2,78.23635671967813,31526.523600000008,32859.26982226481,10862.523600000008,0.0
SKU0011,Groceries,2025-01-19,584.5210000000001,520.0000000000001,61.80000000000001,68.60325296323728,36123.39780000001,35673.691540883396,3987.397800000005,7.799286886806531e-12
SKU0012,Groceries,2025-01-19,465.119,360.0,54.400000000000006,70.34522677114937,25302.473600000005,25324.281637613774,5718.473600000002,0.0
SKU0013,Groceries,2025-01-19,371.5760000000001,280.0,57.10000000000001,75.59606978194046,21216.989600000008,21166.89953894333,5228.989600000005,0.0
SKU0014,Apparel,2025-01-19,609.782,500.0000000000001,33.10000000000001,41.7122019229054,20183.784200000006,20856.100961452707,3633.7842000000023,4.742128331020626e-12
SKU0015,Apparel,2025-01-19,2109.2200000000003,1600.0,22.40000000000001,31.45755231920253,47246.52800000003,50332.08371072405,11406.528000000011,0.0
SKU0016,Apparel,2025-01-19,3237.282,2200.0,27.200000000000003,43.98365650827118,88054.07040000001,96764.0443181966,28214.070400000008,0.0
SKU0017,Apparel,2025-01-19,3437.5550000000003,2800.0,15.200000000000005,19.885951053438355,52250.83600000002,55680.662949627396,9690.836000000007,0.0
SKU0018,Apparel,2025-01-19,2415.7580000000007,1900.0000000000005,24.300000000000004,32.77920901083891,58702.91940000003,62280.49712059395,12532.919400000019,1.490625846183271e-11
SKU0019,Apparel,2025-01-19,2165.7210000000005,1500.0,29.90000000000001,46.59603764692518,64755.057900000036,69894.05647038778,19905.05790000002,0.0
SKU0020,Home & Kitchen,2025-01-19,6503.443000000001,5000.0,20.100000000000005,28.86669733691144,130719.20430000006,144333.4866845572,30219.20430000003,0.0
SKU0021,Home & Kitchen,2025-01-19,4678.338000000001,3800.000000000001,25.600000000000005,33.70553672788293,119765.45280000004,128081.03956595516,22485.45280000002,3.0655007074422364e-11
SKU0022,Home & Kitchen,2025-01-19,4785.441000000001,3200.0,10.6,18.154592763183445,50725.674600000006,58094.696842187026,16805.674600000006,0.0
SKU0023,Home & Kitchen,2025-01-19,8102.537,6500.0,16.300000000000004,22.574883255168405,132071.35310000004,146736.74115859464,26121.35310000001,0.0
SKU0024,Home & Kitchen,2025-01-19,2205.579,1800.0000000000005,26.000000000000004,33.42080844927863,57345.05400000001,60157.455208701555,10545.054000000006,1.5198024106793414e-11
SKU0025,Home & Kitchen,2025-01-19,1973.9980000000005,1400.0,11.200000000000005,17.262465276110486,22108.777600000016,24167.45138655468,6428.7776000000085,0.0
SKU0026,Beauty & Personal Care,2025-01-19,1198.0770000000002,900.0000000000002,31.700000000000003,40.95086219018072,37979.04090000001,36855.77597116266,9449.040900000007,9.311148048750675e-12
SKU0027,Beauty & Personal Care,2025-01-19,641.9630000000001,500.0000000000001,31.700000000000003,39.6680266143347,20350.227100000004,19834.013307167355,4500.227100000003,4.509732504440615e-12
SKU0028,Beauty & Personal Care,2025-01-19,745.2510000000001,650.0,33.60000000000001,38.53885099428846,25040.433600000008,25050.253146287498,3200.433600000004,0.0
SKU0029,Beauty & Personal Care,2025-01-19,2214.9590000000003,1800.0000000000005,30.100000000000005,37.04149615338966,66670.26590000001,66674.69307610141,12490.265900000011,1.6844522248625098e-11
SKU0030,Beauty & Personal Care,2025-01-19,2776.1470000000004,2200.0,28.600000000000005,36.13824323959491,79397.80420000003,79504.13512710879,16477.804200000013,0.0
SKU0031,Beauty & Personal Care,2025-01-19,493.30000000000007,450.0000000000001,34.400000000000006,37.55682331139908,16969.520000000004,16900.57049012959,1489.5200000000025,4.269716477142433e-12
SKU0032,Sports & Fitness,2025-01-19,3556.1040000000007,3000.0,0.0,0.2373262298158431,0.0,711.9786894475293,0.0,0.0
SKU0033,Sports & Fitness,2025-01-19,1127.294,900.0000000000002,19.300000000000004,25.332953748990885,21756.774200000007,22799.658374091803,4386.774200000003,5.760046803741462e-12
SKU0034,Sports & Fitness,2025-01-19,1968.8800000000003,1800.0000000000005,19.700000000000003,22.04743220241999,38786.93600000001,39685.37796435599,3326.936000000007,1.0026011387899412e-11
SKU0035,Sports & Fitness,2025-01-19,889.5340000000001,700.0,18.6,24.784448309858,16545.332400000003,17349.1138169006,3525.332400000002,0.0
SKU0036,Sports & Fitness,2025-01-19,3326.236000000001,2600.0,19.800000000000004,27.173730967983264,65859.47280000003,70651.7005167565,14379.47280000002,0.0
SKU0037,Sports & Fitness,2025-01-19,642.1550000000001,550.0,36.60000000000001,43.860170699612304,23502.873000000007,24123.093884786766,3372.873000000004,0.0
SKU0038,Books & Stationery,2025-01-19,580.3860000000001,450.0000000000001,40.50000000000001,54.37332708052165,23505.63300000001,24467.99718623475,5280.633000000004,6.181531612187615e-12
SKU0039,Books & Stationery,2025-01-19,370.59,300.0,52.2,66.47890101369872,19344.798,19943.670304109615,3684.797999999999,0.0
SKU0040,Books & Stationery,2025-01-19,503.39300000000014,500.0000000000001,52.8,53.215328722718205,26579.150400000006,26607.664361359108,179.15040000000752,6.049882440802117e-12
SKU0041,Books & Stationery,2025-01-19,299.968,250.00000000000009,55.20000000000001,67.95578683290944,16558.233600000003,16988.946708227366,2758.2336000000014,5.79425888243828e-12
SKU0042,Books & Stationery,2025-01-19,992.6590000000002,800.0,44.60000000000001,57.431034827260845,44272.59140000002,45944.82786180868,8592.591400000012,0.0
SKU0043,Books & Stationery,2025-01-19,703.9040000000001,650.0,33.60000000000001,36.904882361071664,23651.17440000001,23988.17353469658,1811.1744000000042,0.0
SKU0044,Pet Supplies,2025-01-19,1987.6720000000005,1600.0,29.000000000000004,37.182248528469856,57642.48800000002,59491.59764555177,11242.488000000016,0.0
SKU0045,Pet Supplies,2025-01-19,1334.005,1100.0,25.100000000000005,29.62479541971205,33483.52550000001,32587.274961683255,5873.525500000004,0.0
SKU0046,Pet Supplies,2025-01-19,544.056,450.0000000000001,24.200000000000003,28.161590521517017,13166.155200000003,12672.71573468266,2276.155200000001,3.201602171602305e-12
SKU0047,Pet Supplies,2025-01-19,438.913,350.0,35.70000000000001,42.67171374291265,15669.194100000004,14935.099810019428,3174.194100000001,0.0
SKU0048,Pet Supplies,2025-01-19,1051.806,900.0000000000002,36.7,42.89812846150302,38601.2802,38608.31561535273,5571.280200000002,9.753905137927864e-12
SKU0049,Pet Supplies,2025-01-19,2209.8240000000005,1800.0000000000005,31.10000000000001,37.98737129486325,68725.52640000003,68377.26833075387,12745.52640000002,1.7274656463479574e-11
SKU0001,Electronics,2025-01-20,9033.064000000002,8000.000000000002,23.6,28.30016098768984,213180.31040000007,226401.28790151878,24380.310400000053,5.147769295524966e-11
SKU0002,Electronics,2025-01-20,15700.108,18000.0,36.5,27.919493911299437,573053.942,502550.8904033899,-83946.05799999999,0.0
SKU0003,Electronics,2025-01-20,28781.266000000003,30000.000000000007,0.0,0.0,0.0,0.0,-0.0,0.0
SKU0004,Electronics,2025-01-20,11339.580000000002,9000.0,0.0,0.4087316533357867,0.0,3678.58488002208,0.0,0.0
SKU0005,Electronics,2025-01-20,5615.463000000001,6000.0,30.10000000000001,27.42175467628285,169025.43630000006,164530.52805769708,-11574.563699999984,0.0
SKU0006,Electronics,2025-01-20,42428.25600000001,42000.0,27.000000000000004,27.848964287557447,1145562.9120000005,1169656.5000774127,11562.912000000231,0.0
SKU0007,Electronics,2025-01-20,14162.102000000004,12000.0,20.1,26.432526818820016,284658.2502000001,317190.32182584016,43458.25020000009,0.0
SKU0008,Groceries,2025-01-20,536.1380000000001,550.0,94.3,91.76110788744067,50557.813400000014,50468.60933809237,-1307.1865999999861,0.0
SKU0009,Groceries,2025-01-20,907.3090000000002,850.0,55.20000000000002,58.22132192680573,50083.45680000003,49488.12363778487,3163.4568000000118,0.0
SKU0010,Groceries,2025-01-20,525.2520000000001,420.0,76.60000000000001,97.80366401710384,40234.30320000001,41077.53888718361,8062.303200000006,0.0
SKU0011,Groceries,2025-01-20,485.07700000000006,520.0000000000001,84.80000000000001,79.71253956847507,41134.52960000001,41450.52057560704,-2961.4703999999956,9.062266550299121e-12
SKU0012,Groceries,2025-01-20,374.3610000000001,360.0,85.4,88.8012787811732,31970.42940000001,31968.46036122235,1226.4294000000089,0.0
SKU0013,Groceries,2025-01-20,305.48600000000005,280.0,78.20000000000002,85.23166849141971,23889.00520000001,23864.86717759752,1993.0052000000042,0.0
SKU0014,Apparel,2025-01-20,500.092,500.0000000000001,37.60000000000001,37.60805615185695,18803.459200000005,18804.02807592848,3.4591999999994196,4.2755409767615844e-12
SKU0015,Apparel,2025-01-20,1713.8090000000002,1600.0,48.7,52.91283624651665,83462.49830000002,84660.53799442663,5542.49830000001,0.0
SKU0016,Apparel,2025-01-20,2612.4660000000003,2200.0,40.3,49.83531906490663,105282.37980000001,109637.70194279458,16622.379800000013,0.0
SKU0017,Apparel,2025-01-20,2804.3080000000004,2800.0,39.10000000000001,39.1764222868237,109648.44280000005,109693.98240310636,168.44280000001754,0.0
SKU0018,Apparel,2025-01-20,1989.3430000000003,1900.0000000000005,35.7,37.78670293258397,71019.54510000002,71794.73557190956,3189.545100000011,1.7183403057326346e-11
SKU0019,Apparel,2025-01-20,1780.1170000000002,1500.0,36.60000000000001,44.9875060257741,65152.28220000002,67481.25903866116,10252.282200000009,0.0
SKU0020,Home & Kitchen,2025-01-20,5443.495000000001,5000.0,27.200000000000003,30.55222596823533,148063.06400000004,152761.12984117665,12063.064000000022,0.0
SKU0021,Home & Kitchen,2025-01-20,3827.813000000001,3800.000000000001,25.200000000000003,25.4455373823964,96460.88760000003,96693.04205310634,700.8876000000256,2.314258143305451e-11
SKU0022,Home & Kitchen,2025-01-20,3893.351,3200.0,19.8,25.55893782697748,77088.34980000001,81788.60104632794,13728.349800000004,0.0
SKU0023,Home & Kitchen,2025-01-20,6599.019000000001,6500.0,25.100000000000005,25.66005971838616,165635.37690000006,166790.38816951006,2485.3769000000293,0.0
SKU0024,Home & Kitchen,2025-01-20,1808.186,1800.0000000000005,29.90000000000001,30.067992131313392,54064.76140000002,54122.38583636412,244.76139999999774,1.3673339768189813e-11
SKU0025,Home & Kitchen,2025-01-20,1632.2400000000002,1400.0,16.200000000000003,19.596128138610133,26442.288000000008,27434.579394054188,3762.2880000000046,0.0
SKU0026,Beauty & Personal Care,2025-01-20,982.5570000000002,900.0000000000002,38.50000000000001,41.63689241680912,37828.44450000002,37473.20317512822,3178.44450000001,9.467133262844327e-12
SKU0027,Beauty & Personal Care,2025-01-20,525.3620000000001,500.0000000000001,53.8,56.217231412727386,28264.4756,28108.6157063637,1364.4756000000043,6.3911592647772734e-12
SKU0028,Beauty & Personal Care,2025-01-20,617.0380000000001,650.0,52.10000000000001,49.47132207016828,32147.679800000013,32156.35934560938,-1717.3201999999937,0.0
SKU0029,Beauty & Personal Care,2025-01-20,1834.1390000000004,1800.0000000000005,49.80000000000001,50.73541639497813,91340.12220000004,91323.74951096065,1700.122200000018,2.3071796201737985e-11
SKU0030,Beauty & Personal Care,2025-01-20,2254.1430000000005,2200.0,44.2,45.284598020766126,99633.12060000002,99626.11564568548,2393.1206000000216,0.0
SKU0031,Beauty & Personal Care,2025-01-20,398.27600000000007,450.0000000000001,62.20000000000001,55.41866007770111,24772.76720000001,24938.397034965506,-3217.232799999996,6.300372215003007e-12
SKU0032,Sports & Fitness,2025-01-20,2938.5200000000004,3000.0,0.0,0.0,0.0,0.0,-0.0,0.0
SKU0033,Sports & Fitness,2025-01-20,925.889,900.0000000000002,29.700000000000006,30.72260085219049,27498.903300000005,27650.340766971447,768.9033000000005,6.985510674937925e-12
SKU0034,Sports & Fitness,2025-01-20,1620.6060000000004,1800.0000000000005,38.50000000000001,33.83246423453286,62393.33100000003,60898.43562215916,-6906.668999999984,1.538522348461486e-11
SKU0035,Sports & Fitness,2025-01-20,721.8880000000001,700.0,33.00000000000001,34.21930876815985,23822.30400000001,23953.516137711893,722.304000000005,0.0
SKU0036,Sports & Fitness,2025-01-20,2717.4440000000004,2600.0,30.800000000000004,32.57853614817926,83697.27520000002,84704.19398526607,3617.2752000000132,0.0
SKU0037,Sports & Fitness,2025-01-20,528.3000000000001,550.0,43.500000000000014,41.50497770737,22981.05000000001,22827.7377390535,-943.9499999999973,0.0
SKU0038,Books & Stationery,2025-01-20,480.7900000000001,450.0000000000001,72.4,78.11683949828587,34809.19600000001,35152.57777422865,2229.196000000006,8.880856455367151e-12
SKU0039,Books & Stationery,2025-01-20,308.20900000000006,300.0,70.00000000000001,72.18899161318858,21574.63000000001,21656.697483956574,574.6300000000043,0.0
SKU0040,Books & Stationery,2025-01-20,418.03100000000006,500.0000000000001,60.000000000000014,48.76516961758932,25081.86000000001,24382.584808794665,-4918.139999999998,5.543957924781958e-12
SKU0041,Books & Stationery,2025-01-20,250.822,250.00000000000009,63.30000000000001,63.53729974337119,15877.032600000002,15884.324935842804,52.03260000000018,5.4175160138957375e-12
SKU0042,Books & Stationery,2025-01-20,822.2590000000002,800.0,74.70000000000002,77.12493380411514,61422.74730000003,61699.947043292115,1662.7473000000184,0.0
SKU0043,Books & Stationery,2025-01-20,572.652,650.0,76.50000000000001,66.03596699459447,43807.87800000001,42923.378546486405,-5917.121999999998,0.0
SKU0044,Pet Supplies,2025-01-20,1609.831,1600.0,61.400000000000006,61.82631723283729,98843.6234,98922.10757253967,603.6233999999941,0.0
SKU0045,Pet Supplies,2025-01-20,1116.918,1100.0,57.20000000000001,57.94093579456633,63887.7096,63735.02937402296,967.709599999994,0.0
SKU0046,Pet Supplies,2025-01-20,448.599,450.0000000000001,43.400000000000006,43.29364724353283,19469.196600000003,19482.14125958978,-60.803400000000465,4.921917848552406e-12
SKU0047,Pet Supplies,2025-01-20,357.18300000000005,350.0,54.30000000000001,55.16968777912322,19395.036900000006,19309.39072269313,390.0369000000028,0.0
SKU0048,Pet Supplies,2025-01-20,851.6510000000001,900.0000000000002,45.00000000000001,42.58553389439852,38324.295000000006,38326.98050495868,-2175.704999999997,9.682829362281728e-12
SKU0049,Pet Supplies,2025-01-20,1812.1,1800.0000000000005,43.2,43.48149506940018,78282.72,78266.69112492035,522.7199999999962,1.9773094695392584e-11
SKU0001,Electronics,2025-01-21,8989.809000000001,8000.000000000002,24.100000000000005,28.689812671118965,216654.39690000008,229518.50136895178,23854.396900000032,5.218646523848104e-11
SKU0002,Electronics,2025-01-21,15621.258000000002,18000.0,37.400000000000006,28.331526383468045,584235.0492000001,509967.4749024248,-88964.95079999995,0.0
SKU0003,Electronics,2025-01-21,29016.38600000001,30000.000000000007,0.0,0.0,0.0,0.0,-0.0,0.0
SKU0004,Electronics,2025-01-21,11606.575000000004,9000.0,0.0,0.4582015803249131,0.0,4123.814222924218,0.0,0.0
SKU0005,Electronics,2025-01-21,5658.0470000000005,6000.0,30.100000000000005,27.715187008040417,170307.21470000004,166291.1220482425,-10292.785299999987,0.0
SKU0006,Electronics,2025-01-21,43067.73400000001,42000.0,28.700000000000006,30.978434569746884,1236043.9658000006,1301094.251929369,30643.96580000033,0.0
SKU0007,Electronics,2025-01-21,14050.663,12000.0,21.300000000000004,27.632065642975977,299279.1219000001,331584.78771571175,43679.12190000002,0.0
SKU0008,Groceries,2025-01-21,544.5350000000001,550.0,87.80000000000001,86.86689902799644,47810.17300000001,47776.794465398045,-479.8269999999929,0.0
SKU0009,Groceries,2025-01-21,887.5510000000002,850.0,65.4,67.74412747181664,58045.83540000002,57582.50835104415,2455.8354000000104,0.0
SKU0010,Groceries,2025-01-21,521.83,420.0,69.00000000000001,87.49978892540786,36006.27000000001,36749.911348671296,7026.270000000004,0.0
SKU0011,Groceries,2025-01-21,478.008,520.0000000000001,62.80000000000001,58.24740552173771,30018.902400000003,30288.650871303616,-2637.0976000000014,6.621963339254957e-12
SKU0012,Groceries,2025-01-21,374.1700000000001,360.0,77.00000000000003,80.02976819443712,28811.090000000015,28810.716549997363,1091.090000000006,0.0
SKU0013,Groceries,2025-01-21,307.821,280.0,91.60000000000002,100.5738935762236,28196.40360000001,28160.690201342608,2548.403600000003,0.0
SKU0014,Apparel,2025-01-21,501.00700000000006,500.0000000000001,26.100000000000005,26.161916355504136,13076.282700000003,13080.95817775207,26.28270000000162,2.974265539194691e-12
SKU0015,Apparel,2025-01-21,1752.8000000000002,1600.0,36.10000000000001,40.33123634895097,63276.08000000002,64529.97815832156,5516.080000000008,0.0
SKU0016,Apparel,2025-01-21,2682.4870000000005,2200.0,32.800000000000004,41.95552377015143,87985.57360000003,92302.15229433315,15825.57360000002,0.0
SKU0017,Apparel,2025-01-21,2856.5840000000003,2800.0,45.400000000000006,46.56405421315608,129688.91360000003,130379.35179683703,2568.9136000000135,0.0
SKU0018,Apparel,2025-01-21,1998.4530000000004,1900.0000000000005,40.900000000000006,43.52653376262661,81736.72770000003,82700.41414899059,4026.727700000018,1.9793575921824692e-11
SKU0019,Apparel,2025-01-21,1796.3140000000003,1500.0,25.500000000000004,31.75854382401525,45806.00700000001,47637.81573602287,7556.007000000009,0.0
SKU0020,Home & Kitchen,2025-01-21,5349.816000000001,5000.0,26.100000000000005,28.633700281617067,139630.19760000004,143168.50140808534,9130.19760000002,0.0
SKU0021,Home & Kitchen,2025-01-21,3814.5500000000006,3800.000000000001,37.7,37.88964065290549,143808.53500000003,143980.6344810409,548.5350000000241,3.44604274258977e-11
SKU0022,Home & Kitchen,2025-01-21,3995.172000000001,3200.0,24.700000000000003,32.888609055732736,98680.74840000004,105243.54897834476,19640.748400000026,0.0
SKU0023,Home & Kitchen,2025-01-21,6685.388000000001,6500.0,28.800000000000004,30.00039746620518,192539.17440000005,195002.58353033365,5339.174400000024,0.0
SKU0024,Home & Kitchen,2025-01-21,1833.1240000000005,1800.0000000000005,31.200000000000003,31.90931836702928,57193.46880000002,57436.77306065272,1033.468800000015,1.4510677995999358e-11
SKU0025,Home & Kitchen,2025-01-21,1628.09,1400.0,30.10000000000001,36.129528177451554,49005.50900000001,50581.339448432176,6865.508999999999,0.0
SKU0026,Beauty & Personal Care,2025-01-21,976.302,900.0000000000002,77.50000000000001,83.26416865457028,75663.40500000001,74937.75178911327,5913.4050000000025,1.89320800597148e-11
SKU0027,Beauty & Personal Care,2025-01-21,531.2780000000001,500.0000000000001,42.2,44.548367426664136,22419.931600000007,22274.183713332073,1319.9316000000058,5.064563018398091e-12
SKU0028,Beauty & Personal Care,2025-01-21,620.249,650.0,51.8,49.44093730750281,32128.8982,32136.609249876823,-1541.1017999999988,0.0
SKU0029,Beauty & Personal Care,2025-01-21,1844.404,1800.0000000000005,61.20000000000001,62.68959564484941,112877.52480000001,112841.27216072897,2717.5248,2.8507927547638888e-11
SKU0030,Beauty & Personal Care,2025-01-21,2267.1400000000003,2200.0,49.20000000000001,50.69362843673379,111543.28800000004,111525.98256081433,3303.288000000017,0.0
SKU0031,Beauty & Personal Care,2025-01-21,398.70200000000006,450.0000000000001,45.00000000000001,40.10503694972561,17941.590000000004,18047.266627376528,-2308.409999999998,4.55941482752287e-12
SKU0032,Sports & Fitness,2025-01-21,2865.7520000000004,3000.0,0.0,0.0,0.0,0.0,-0.0,0.0
SKU0033,Sports & Fitness,2025-01-21,918.9530000000002,900.0000000000002,33.400000000000006,34.23836109350176,30693.030200000012,30814.52498415159,633.0302000000069,7.784902002982053e-12
SKU0034,Sports & Fitness,2025-01-21,1608.5170000000005,1800.0000000000005,45.900000000000006,39.98879481432714,73830.93030000004,71979.83066578888,-8789.069699999978,1.8184798506957642e-11
SKU0035,Sports & Fitness,2025-01-21,727.124,700.0,32.400000000000006,33.885116234469635,23558.817600000006,23719.581364128746,878.8176000000009,0.0
SKU0036,Sports & Fitness,2025-01-21,2710.8810000000003,2600.0,37.400000000000006,39.42707234122813,101386.94940000003,102510.38808719315,4146.949400000012,0.0
SKU0037,Sports & Fitness,2025-01-21,530.7820000000002,550.0,40.20000000000001,38.56365340692735,21337.436400000013,21210.009373810044,-772.563599999994,0.0
SKU0038,Books & Stationery,2025-01-21,478.8140000000001,450.0000000000001,69.9,75.06625917883109,33469.098600000005,33779.816630474,2014.0986000000057,8.53404562563254e-12
SKU0039,Books & Stationery,2025-01-21,309.951,300.0,62.3,64.66659727558105,19309.9473,19399.979182674317,619.9473000000013,0.0
SKU0040,Books & Stationery,2025-01-21,412.53600000000006,500.0000000000001,75.50000000000001,60.47879681276848,31146.46800000001,30239.398406384247,-6603.5319999999965,6.875643158851799e-12
SKU0041,Books & Stationery,2025-01-21,246.53000000000003,250.00000000000009,48.00000000000001,47.23745046071348,11833.440000000002,11809.362615178374,-166.5599999999986,4.027707273682507e-12
SKU0042,Books & Stationery,2025-01-21,814.1380000000001,800.0,73.70000000000002,75.21873034305466,60001.97060000002,60174.98427444373,1041.970600000011,0.0
SKU0043,Books & Stationery,2025-01-21,575.3880000000001,650.0,77.80000000000001,67.53336544076267,44765.18640000002,43896.68753649573,-5804.8135999999895,0.0
SKU0044,Pet Supplies,2025-01-21,1601.6520000000005,1600.0,44.10000000000001,44.15176223030296,70632.85320000004,70642.81956848473,72.853200000022,0.0
SKU0045,Pet Supplies,2025-01-21,1095.7300000000002,1100.0,53.10000000000001,52.92588225803221,58183.26300000002,58218.47048383543,-226.736999999987,0.0
SKU0046,Pet Supplies,2025-01-21,445.44900000000007,450.0000000000001,58.80000000000001,58.33432289284475,26192.401200000008,26250.445301780146,-267.598799999996,6.631844700319192e-12
SKU0047,Pet Supplies,2025-01-21,359.63300000000004,350.0,56.400000000000006,57.609660270369325,20283.301200000005,20163.381094629265,543.3012000000022,0.0
SKU0048,Pet Supplies,2025-01-21,871.0350000000001,900.0000000000002,52.30000000000001,50.62440724372237,45555.130500000014,45561.96651935015,-1514.8694999999962,1.1510657542140137e-11
SKU0049,Pet Supplies,2025-01-21,1837.5220000000004,1800.0000000000005,64.10000000000001,65.38520525129735,117785.16020000004,117693.36945233526,2405.1602000000253,2.973374887519519e-11
SKU0001,Electronics,2025-01-22,8654.287,8000.000000000002,44.5,49.95221572535058,385115.77150000003,399617.7258028047,29115.77150000001,9.08625510880494e-11
SKU0002,Electronics,2025-01-22,16468.779000000002,18000.0,37.900000000000006,31.85214973140934,624166.7241000002,573338.6951653681,-58033.27589999992,0.0
SKU0003,Electronics,2025-01-22,32551.27800000001,30000.000000000007,0.0,0.2172338751607447,0.0,6517.0162548223425,0.0,1.5805844680343921e-12
SKU0004,Electronics,2025-01-22,11472.086000000005,9000.0,0.0,0.4332133846988084,0.0,3898.9204622892753,0.0,0.0
SKU0005,Electronics,2025-01-22,5428.073000000001,6000.0,36.10000000000001,31.37608944015539,195953.4353000001,188256.53664093235,-20646.56469999996,0.0
SKU0006,Electronics,2025-01-22,38069.973,42000.0,34.800000000000004,25.807741161155175,1324835.0604,1083925.1287685174,-136764.93960000007,0.0
SKU0007,Electronics,2025-01-22,13886.063000000002,12000.0,26.4,33.52951598220079,366592.06320000003,402354.1917864095,49792.06320000005,0.0
SKU0008,Groceries,2025-01-22,532.7270000000001,550.0,107.10000000000002,103.51212695884249,57055.06170000002,56931.66982736337,-1849.938299999991,0.0
SKU0009,Groceries,2025-01-22,862.6790000000001,850.0,97.6,98.7786249963713,84197.4704,83961.83124691561,1237.4704000000083,0.0
SKU0010,Groceries,2025-01-22,475.244,420.0,100.0,114.42208573772513,47524.4,48057.27600984455,5524.400000000003,0.0
SKU0011,Groceries,2025-01-22,500.4480000000001,520.0000000000001,67.7,65.42354489354413,33880.329600000005,34020.24334464296,-1323.6703999999938,7.437795931485213e-12
SKU0012,Groceries,2025-01-22,359.39200000000005,360.0,67.70000000000002,67.58547639639002,24330.83840000001,24330.77150270041,-41.16159999999644,0.0
SKU0013,Groceries,2025-01-22,299.75200000000007,280.0,77.10000000000001,82.47500305284507,23110.879200000007,23093.00085479662,1522.8792000000053,0.0
SKU0014,Apparel,2025-01-22,532.2490000000001,500.0000000000001,51.60000000000001,55.4647303810059,27464.04840000001,27732.365190502955,1664.0484000000074,6.305609802098604e-12
SKU0015,Apparel,2025-01-22,1739.4720000000002,1600.0,48.60000000000001,53.75968133581818,84538.33920000003,86015.49013730908,6778.339200000011,0.0
SKU0016,Apparel,2025-01-22,2732.3640000000005,2200.0,43.00000000000001,56.177813484235024,117491.65200000005,123591.18966531706,22891.652000000024,0.0
SKU0017,Apparel,2025-01-22,2728.3910000000005,2800.0,53.70000000000001,51.97281764260366,146514.59670000005,145523.88939929023,-3845.403299999972,0.0
SKU0018,Apparel,2025-01-22,1862.8250000000005,1900.0000000000005,45.80000000000001,44.70021933915068,85317.38500000004,84930.41674438631,-1702.6149999999775,2.0327306328522663e-11
SKU0019,Apparel,2025-01-22,1691.4790000000005,1500.0,43.7,50.4837639352268,73917.63230000003,75725.6459028402,8367.632300000023,0.0
SKU0020,Home & Kitchen,2025-01-22,5156.423000000001,5000.0,31.500000000000004,32.85054081286381,162427.32450000005,164252.70406431906,4927.324500000022,0.0
SKU0021,Home & Kitchen,2025-01-22,3571.7740000000003,3800.000000000001,44.000000000000014,40.57240289432651,157158.05600000007,154175.13099844076,-10041.943999999989,3.690038547058658e-11
SKU0022,Home & Kitchen,2025-01-22,3838.147000000001,3200.0,35.2,44.40739352023925,135102.77440000005,142103.65926476562,22462.77440000003,0.0
SKU0023,Home & Kitchen,2025-01-22,5970.015000000001,6500.0,33.800000000000004,29.882184813315703,201786.50700000007,194234.20128655207,-17913.492999999962,0.0
SKU0024,Home & Kitchen,2025-01-22,1781.7250000000004,1800.0000000000005,42.60000000000001,42.071582137812605,75901.48500000003,75728.84784806271,-778.5149999999846,1.9131940524772565e-11
SKU0025,Home & Kitchen,2025-01-22,1626.0760000000002,1400.0,28.100000000000005,33.6913236123588,45692.735600000015,47167.85305730232,6352.735600000008,0.0
SKU0026,Beauty & Personal Care,2025-01-22,972.058,900.0000000000002,63.30000000000001,67.76014060666748,61531.27140000001,60984.12654600074,4561.2714000000005,1.540687221828818e-11
SKU0027,Beauty & Personal Care,2025-01-22,477.2340000000001,500.0000000000001,66.80000000000001,64.099192511451,31879.231200000013,32049.596255725504,-1520.768799999994,7.287234497135955e-12
SKU0028,Beauty & Personal Care,2025-01-22,562.8120000000001,650.0,65.60000000000001,56.87025639456365,36920.467200000014,36965.66665646637,-5719.532799999993,0.0
SKU0029,Beauty & Personal Care,2025-01-22,1937.2190000000005,1800.0000000000005,38.00000000000001,40.884217962073016,73614.32200000003,73591.59233173144,5214.32200000002,1.8591989811317497e-11
SKU0030,Beauty & Personal Care,2025-01-22,2227.2920000000004,2200.0,60.10000000000001,60.83914236582252,133860.24920000005,133846.11320480955,1640.2492000000225,0.0
SKU0031,Beauty & Personal Care,2025-01-22,392.90100000000007,450.0000000000001,67.80000000000001,59.64703197639053,26638.68780000001,26841.164389375746,-3871.312199999996,6.781082444875952e-12
SKU0032,Sports & Fitness,2025-01-22,2999.6700000000005,3000.0,0.0,0.0,0.0,0.0,-0.0,0.0
SKU0033,Sports & Fitness,2025-01-22,909.328,900.0000000000002,33.00000000000001,33.40747630087553,30007.824000000004,30066.728670787983,307.8239999999992,7.59598067381274e-12
SKU0034,Sports & Fitness,2025-01-22,1583.0350000000003,1800.0000000000005,45.7,39.04080040480412,72344.69950000002,70273.44072864745,-9915.300499999987,1.775370056057187e-11
SKU0035,Sports & Fitness,2025-01-22,725.229,700.0,48.90000000000001,50.96337018390045,35463.69810000001,35674.35912873031,1233.6981000000023,0.0
SKU0036,Sports & Fitness,2025-01-22,2562.5780000000004,2600.0,53.0,52.04423528371684,135816.63400000002,135315.01173766376,-1983.3659999999772,0.0
SKU0037,Sports & Fitness,2025-01-22,491.8200000000001,550.0,42.900000000000006,37.6491421960199,21099.07800000001,20707.028207810945,-2495.921999999996,0.0
SKU0038,Books & Stationery,2025-01-22,464.6350000000001,450.0000000000001,84.20000000000002,87.34673487157879,39122.267000000014,39306.030692210465,1232.2670000000091,9.930174072858198e-12
SKU0039,Books & Stationery,2025-01-22,278.71700000000004,300.0,53.7,49.35548452628449,14967.102900000004,14806.645357885347,-1142.8970999999979,0.0
SKU0040,Books & Stationery,2025-01-22,413.3210000000001,500.0000000000001,89.80000000000001,72.12875377363704,37116.225800000015,36064.37688681853,-7783.7741999999935,8.200089925325874e-12
SKU0041,Books & Stationery,2025-01-22,244.12500000000003,250.00000000000009,59.900000000000006,58.29638208941861,14623.087500000003,14574.095522354657,-351.9124999999983,4.970648497767792e-12
SKU0042,Books & Stationery,2025-01-22,851.4960000000001,800.0,54.30000000000001,58.40917536591007,46236.23280000001,46727.340292728055,2796.2328000000057,0.0
SKU0043,Books & Stationery,2025-01-22,592.844,650.0,74.30000000000001,66.76879544348785,44048.30920000001,43399.7170382671,-4246.690799999997,0.0
SKU0044,Pet Supplies,2025-01-22,1608.1360000000002,1600.0,66.30000000000001,66.68049670474642,106619.41680000004,106688.79472759427,539.416800000013,0.0
SKU0045,Pet Supplies,2025-01-22,1211.593,1100.0,54.60000000000001,59.236185552686685,66152.97780000001,65159.80410795535,6092.977800000005,0.0
SKU0046,Pet Supplies,2025-01-22,472.0580000000001,450.0000000000001,63.50000000000001,65.91827431920463,29975.68300000001,29663.22344364209,1400.6830000000068,7.494040155416386e-12
SKU0047,Pet Supplies,2025-01-22,341.2080000000001,350.0,95.4,93.5346032322787,32551.24320000001,32737.111131297544,-838.756799999992,0.0
SKU0048,Pet Supplies,2025-01-22,879.3860000000002,900.0000000000002,76.60000000000001,74.86401620383783,67360.96760000002,67377.61458345407,-1579.0323999999853,1.702210652270829e-11
SKU0049,Pet Supplies,2025-01-22,1808.0440000000003,1800.0000000000005,48.7,48.91043447485223,88051.74280000002,88038.78205473404,391.7428000000158,2.224189050814504e-11
SKU0001,Electronics,2025-01-23,8612.969000000001,8163.49,31.800000000000004,34.431108118594096,273892.41420000006,281078.00681506173,19492.414200000032,5629.141866308942
SKU0002,Electronics,2025-01-23,15853.443000000005,18000.0,50.10000000000001,39.14235022057249,794257.4943000004,704562.3039703048,-107542.50569999978,0.0
SKU0003,Electronics,2025-01-23,31234.275000000005,30000.000000000007,7.800000000000001,8.697418022687533,243627.34500000006,260922.54068062603,9627.345000000041,6.328204488590951e-11
SKU0004,Electronics,2025-01-23,11151.008000000002,9036.49,8.100000000000001,11.4297637559817,90323.16480000003,103284.94588329108,17423.164800000017,417.0720794557697
SKU0005,Electronics,2025-01-23,5348.765000000001,6000.0,49.60000000000001,42.28230691273814,265298.7440000001,253693.84147642885,-32301.255999999943,0.0
SKU0006,Electronics,2025-01-23,38305.82000000001,42000.0,47.70000000000001,36.13669759652925,1827187.6140000008,1517741.2990542287,-176212.3859999997,0.0
SKU0007,Electronics,2025-01-23,14188.984,12000.0,25.800000000000004,33.94804950561687,366075.7872000001,407376.5940674025,56475.78720000002,0.0
SKU0008,Groceries,2025-01-23,546.6500000000001,551.49,65.70000000000002,65.08093107957579,35914.90500000001,35891.48268107526,-220.0949999999941,96.97058730856853
SKU0009,Groceries,2025-01-23,855.2010000000002,854.49,74.10000000000002,74.15014584317,63370.39410000004,63360.55812153033,385.39410000001857,332.93415483583397
SKU0010,Groceries,2025-01-23,468.7030000000001,423.49,105.3,117.60896437996344,49354.42590000001,49806.22032527072,5128.425900000009,410.45528568607347
SKU0011,Groceries,2025-01-23,478.01200000000006,520.0000000000001,95.4,88.52181676707477,45602.344800000006,46031.34471887889,-4005.6551999999947,1.0063765417621058e-11
SKU0012,Groceries,2025-01-23,367.907,367.49,85.00000000000001,85.0963262025199,31272.095000000005,31272.04891616404,672.0949999999985,637.3714832568749
SKU0013,Groceries,2025-01-23,292.80800000000005,280.0,57.30000000000001,59.90238167495173,16777.898400000005,16772.666868986482,733.898400000003,0.0
SKU0014,Apparel,2025-01-23,522.816,500.0000000000001,53.900000000000006,56.750294952838615,28179.782400000004,28375.147476419315,1229.7824000000019,6.451761572957209e-12
SKU0015,Apparel,2025-01-23,1651.9340000000002,1600.0,54.500000000000014,56.63936386508614,90030.40300000003,90622.98218413783,2830.4030000000116,0.0
SKU0016,Apparel,2025-01-23,2692.3730000000005,2200.0,48.900000000000006,62.69923894229864,131657.03970000005,137938.325673057,24077.039700000027,0.0
SKU0017,Apparel,2025-01-23,2645.349,2800.0,52.500000000000014,48.86493903409037,138880.82250000004,136821.82929545303,-8119.177499999993,0.0
SKU0018,Apparel,2025-01-23,1908.3590000000004,1926.49,65.00000000000001,64.25317491725897,124043.33500000005,123783.09894635025,543.3350000000247,1702.0666035581908
SKU0019,Apparel,2025-01-23,1726.6270000000004,1500.0,50.50000000000001,59.7680307029719,87194.66350000004,89652.04605445785,11444.663500000022,0.0
SKU0020,Home & Kitchen,2025-01-23,4960.050000000001,5000.0,31.600000000000005,31.25617909960986,156737.58000000005,156280.8954980493,-1262.4199999999657,0.0
SKU0021,Home & Kitchen,2025-01-23,3612.616,3800.000000000001,44.3,41.46261770750007,160038.8888,157557.94728850032,-8301.1112,3.771003112660771e-11
SKU0022,Home & Kitchen,2025-01-23,3841.3490000000006,3200.0,36.0,45.45913085095415,138288.564,145469.2187230533,23088.56400000002,0.0
SKU0023,Home & Kitchen,2025-01-23,6083.982000000001,6500.0,29.800000000000004,27.068039609687183,181302.66360000006,175942.2574629667,-12397.336399999975,0.0
SKU0024,Home & Kitchen,2025-01-23,1798.0180000000005,1837.99,34.50000000000001,33.57943389181791,62031.62100000003,61718.66369882239,-68.37899999998332,1275.6826935501626
SKU0025,Home & Kitchen,2025-01-23,1597.543,1427.49,36.8,42.13983724962491,58789.58239999999,60154.19627546707,7269.582399999996,1158.4241259921891
SKU0026,Beauty & Personal Care,2025-01-23,988.3730000000002,903.99,57.60000000000001,62.335217299569706,56930.284800000016,56350.41308663802,5090.28480000001,248.71751702528368
SKU0027,Beauty & Personal Care,2025-01-23,447.1120000000001,500.0000000000001,62.70000000000001,56.78154020481366,28033.92240000001,28390.770102406837,-3316.0775999999955,6.455313746848067e-12
SKU0028,Beauty & Personal Care,2025-01-23,545.1550000000001,650.0,89.20000000000002,74.97754793822271,48627.826000000015,48735.406159844766,-9352.173999999994,0.0
SKU0029,Beauty & Personal Care,2025-01-23,1970.7680000000005,1800.0000000000005,50.00000000000001,54.69264264878561,98538.40000000004,98446.75676781412,8538.400000000025,2.48713343575153e-11
SKU0030,Beauty & Personal Care,2025-01-23,2184.6890000000003,2200.0,54.500000000000014,54.12325298235034,119065.55050000004,119071.15656117075,-834.4494999999836,0.0
SKU0031,Beauty & Personal Care,2025-01-23,409.044,450.0000000000001,64.30000000000001,58.75685036700031,26301.529200000004,26440.58266515015,-2633.4708000000014,6.67988051270644e-12
SKU0032,Sports & Fitness,2025-01-23,2984.7270000000008,3064.99,13.500000000000002,13.026089904599324,40293.814500000015,39924.83529669788,-206.18549999998962,846.5655828999072
SKU0033,Sports & Fitness,2025-01-23,924.978,935.49,48.500000000000014,47.85788501874131,44861.43300000001,44770.572856182305,1211.432999999998,1698.4763393151295
SKU0034,Sports & Fitness,2025-01-23,1582.8240000000003,1800.0000000000005,63.8,54.55095621934386,100984.17120000001,98191.72119481897,-13855.828799999981,2.4806902829070104e-11
SKU0035,Sports & Fitness,2025-01-23,722.663,700.0,29.800000000000004,30.943750125906845,21535.357400000004,21660.62508813479,675.3574000000004,0.0
SKU0036,Sports & Fitness,2025-01-23,2643.5530000000003,2600.0,47.000000000000014,47.99233551721629,124246.99100000005,124780.07234476236,2046.9910000000166,0.0
SKU0037,Sports & Fitness,2025-01-23,474.4090000000001,550.0,71.4,60.17604316614285,33872.80260000001,33096.82374137857,-5397.197399999993,0.0
SKU0038,Books & Stationery,2025-01-23,464.4320000000001,450.0000000000001,46.7,48.43723966886709,21688.974400000006,21796.757850990198,673.9744000000035,5.506676605917516e-12
SKU0039,Books & Stationery,2025-01-23,285.3470000000001,300.0,56.000000000000014,52.87850935527226,15979.43200000001,15863.552806581678,-820.567999999995,0.0
SKU0040,Books & Stationery,2025-01-23,409.08,500.0000000000001,80.10000000000002,63.55533405226046,32767.308000000008,31777.66702613024,-7282.692000000004,7.2254049487424325e-12
SKU0041,Books & Stationery,2025-01-23,245.33400000000003,250.00000000000009,53.8,52.65360219788775,13198.969200000001,13163.400549471942,-251.0307999999983,4.489516146397342e-12
SKU0042,Books & Stationery,2025-01-23,867.5150000000002,800.0,78.80000000000001,86.5854301690924,68360.18200000003,69268.34413527392,5320.182000000018,0.0
SKU0043,Books & Stationery,2025-01-23,587.8100000000001,650.0,77.60000000000001,69.05152216374957,45614.05600000001,44883.48940643722,-4825.943999999996,0.0
SKU0044,Pet Supplies,2025-01-23,1626.3160000000005,1600.0,46.2,47.06369734120797,75135.79920000002,75301.91574593275,1215.7992000000224,0.0
SKU0045,Pet Supplies,2025-01-23,1154.8810000000003,1100.0,52.50000000000001,54.70311191932653,60631.252500000024,60173.42311125919,2881.252500000017,0.0
SKU0046,Pet Supplies,2025-01-23,470.5180000000001,455.99,66.4,68.04567380104129,31242.39520000001,31028.146796536817,1362.3952000000058,407.5935860682379
SKU0047,Pet Supplies,2025-01-23,333.28700000000003,350.0,95.8,92.22980726208075,31928.894600000003,32280.432541728263,-1601.1053999999967,0.0
SKU0048,Pet Supplies,2025-01-23,908.3140000000002,900.0000000000002,61.30000000000001,61.86190438046832,55679.648200000025,55675.7139424215,509.64820000001185,1.4065768568904859e-11
SKU0049,Pet Supplies,2025-01-23,1774.8520000000003,1838.49,104.8,101.32662456110346,186004.48960000003,186287.98598934308,-2635.510399999967,3900.061779356873
SKU0001,Electronics,2025-01-24,8669.921,8502.49,39.60000000000001,40.75596512805232,343328.8716000001,346527.1859416135,26528.871600000017,20479.464917195
SKU0002,Electronics,2025-01-24,16353.461000000005,18000.0,45.900000000000006,38.082904041321,750623.8599000003,685492.2727437781,-75576.14009999979,0.0
SKU0003,Electronics,2025-01-24,31547.287000000004,30000.000000000007,13.2,15.028469800092502,416424.18840000004,450854.09400277515,20424.18840000005,1.0934650927150871e-10
SKU0004,Electronics,2025-01-24,11310.115000000002,9479.49,16.6,21.86832857469092,187747.90900000004,207300.60204049683,38347.90900000003,10485.644868278545
SKU0005,Electronics,2025-01-24,5428.223000000001,6000.0,42.8,37.224420365933774,232327.9444,223346.52219560265,-24472.05559999996,0.0
SKU0006,Electronics,2025-01-24,38443.236,42000.0,49.80000000000001,38.14865958453632,1914473.1528000003,1602243.7025505253,-177126.8472000002,0.0
SKU0007,Electronics,2025-01-24,14241.346,12067.99,31.100000000000005,40.72922461965264,442905.8606000001,491519.87541772187,69705.8606,2769.179981890174
SKU0008,Groceries,2025-01-24,549.645,551.49,105.40000000000002,105.0234900766635,57932.583000000006,57919.40454237916,-37.41700000000193,156.4850002142296
SKU0009,Groceries,2025-01-24,858.8040000000002,854.49,101.8,102.21631235467824,87426.24720000001,87342.816743949,896.2472000000205,458.95124247250624
SKU0010,Groceries,2025-01-24,467.24700000000007,443.99,92.6,97.90697274574798,43267.0722,43469.71682938465,4375.072200000006,2348.788276170495
SKU0011,Groceries,2025-01-24,495.6460000000001,520.0000000000001,85.00000000000001,81.44839016829462,42129.91000000001,42353.162887513216,-2070.0899999999942,9.259609915749777e-12
SKU0012,Groceries,2025-01-24,366.8090000000001,367.49,120.8,120.57720217416528,44310.52720000001,44310.916026984,822.52720000001,903.123244284499
SKU0013,Groceries,2025-01-24,296.61300000000006,280.0,97.8,103.51963947452468,29008.751400000005,28985.49905286691,1624.7514000000056,0.0
SKU0014,Apparel,2025-01-24,518.562,500.0000000000001,51.80000000000001,54.02890412974007,26861.511600000005,27014.45206487004,961.5116000000008,6.1423752560745095e-12
SKU0015,Apparel,2025-01-24,1700.2920000000004,1630.49,36.5,38.408320998154494,62060.65800000001,62624.38330428092,3660.6580000000135,1171.069707233731
SKU0016,Apparel,2025-01-24,2713.1800000000003,2274.49,32.7,40.7084571970571,88720.98600000002,92590.9788101344,16780.98600000001,3032.3729766087745
SKU0017,Apparel,2025-01-24,2648.5140000000006,2800.0,49.00000000000001,45.67180785483434,129777.18600000005,127881.06199353616,-7422.813999999973,0.0
SKU0018,Apparel,2025-01-24,1898.5550000000003,1926.49,60.30000000000001,59.23184272628794,114482.86650000003,114109.55269376645,-87.13349999998246,1569.051513819368
SKU0019,Apparel,2025-01-24,1715.3330000000003,1500.0,31.600000000000005,37.170990255682185,54204.52280000002,55756.48538352328,6804.522800000011,0.0
SKU0020,Home & Kitchen,2025-01-24,4982.320000000001,5219.99,31.600000000000005,29.65273128434161,157441.31200000003,154786.96077695035,-558.6879999999805,6523.304355242304
SKU0021,Home & Kitchen,2025-01-24,3605.116000000001,3800.000000000001,42.30000000000001,39.48013950110548,152496.40680000008,150024.53010420085,-8243.593199999965,3.590697770151153e-11
SKU0022,Home & Kitchen,2025-01-24,3925.032,3200.0,40.7,52.78607975362172,159748.80240000002,168915.45521158952,29508.802400000008,0.0
SKU0023,Home & Kitchen,2025-01-24,5960.166000000001,6500.0,39.10000000000001,34.50309304760192,233042.4906000001,224270.1048094125,-21107.509399999963,0.0
SKU0024,Home & Kitchen,2025-01-24,1827.0530000000003,1901.99,36.00000000000001,34.264808158451814,65773.90800000002,65171.322469293766,973.9080000000124,3494.667784080501
SKU0025,Home & Kitchen,2025-01-24,1617.8650000000002,1458.99,30.000000000000004,33.999764577247454,48535.95000000001,49605.31652055826,6535.950000000008,2005.6461124118275
SKU0026,Beauty & Personal Care,2025-01-24,993.8090000000002,932.99,37.400000000000006,39.57071559529753,37168.45660000001,36919.08194325664,3508.4566000000077,1305.437907488866
SKU0027,Beauty & Personal Care,2025-01-24,453.2360000000001,500.0000000000001,80.4,73.71826596492203,36440.17440000001,36859.13298246102,-3759.825599999992,8.38079653987302e-12
SKU0028,Beauty & Personal Care,2025-01-24,547.1430000000001,650.0,64.10000000000001,54.0302647860954,35071.866300000016,35119.67211096201,-6593.133699999992,0.0
SKU0029,Beauty & Personal Care,2025-01-24,1974.6230000000005,1823.99,37.2,40.26019318979549,73455.97560000002,73434.18977625507,6495.975600000019,965.8420346231941
SKU0030,Beauty & Personal Care,2025-01-24,2198.525,2211.49,55.2,54.87863761159992,121358.58000000002,121363.5582916771,-81.41999999999499,630.5555461572711
SKU0031,Beauty & Personal Care,2025-01-24,404.55300000000005,450.0000000000001,73.50000000000001,66.47986874035283,29734.64550000001,29915.94093315878,-3340.3544999999967,7.557886049238826e-12
SKU0032,Sports & Fitness,2025-01-24,3038.1470000000004,3064.99,17.200000000000003,17.000620049888745,52256.128400000016,52106.730446708505,656.1284000000068,1104.8702970422657
SKU0033,Sports & Fitness,2025-01-24,936.8090000000002,935.99,42.7,42.744184379174776,40001.74430000001,40008.1291370638,1571.7443000000085,1538.3631958065005
SKU0034,Sports & Fitness,2025-01-24,1590.7370000000003,1800.0000000000005,60.3,51.86533560952121,95921.44110000001,93357.6040971382,-12618.55889999998,2.3585623971267164e-11
SKU0035,Sports & Fitness,2025-01-24,710.4690000000002,702.49,54.30000000000001,55.01935080761479,38578.46670000002,38650.543748841315,568.466700000009,136.99818351096133
SKU0036,Sports & Fitness,2025-01-24,2648.49,2703.99,36.50000000000001,35.55416236711977,96669.88500000001,96138.09949906818,1769.8849999999925,3697.2773445567773
SKU0037,Sports & Fitness,2025-01-24,479.2870000000001,550.0,61.00000000000001,52.00241043668413,29236.50700000001,28601.32574017627,-4313.492999999995,0.0
SKU0038,Books & Stationery,2025-01-24,462.0930000000001,450.0000000000001,75.00000000000001,77.31852888505317,34656.97500000001,34793.337998273935,906.9750000000058,8.790099046229121e-12
SKU0039,Books & Stationery,2025-01-24,289.98900000000003,300.0,86.70000000000002,83.41542037687572,25142.04630000001,25024.626113062714,-867.9536999999973,0.0
SKU0040,Books & Stationery,2025-01-24,415.8420000000001,500.0000000000001,125.6,101.66861148406277,52229.75520000001,50834.30574203139,-10570.244799999988,1.1558382935170671e-11
SKU0041,Books & Stationery,2025-01-24,244.51200000000009,250.00000000000009,84.30000000000001,82.20163076843673,20612.36160000001,20550.40769210919,-462.6383999999928,7.008932593217599e-12
SKU0042,Books & Stationery,2025-01-24,871.7650000000001,800.0,58.500000000000014,64.67267257809205,50998.25250000002,51738.13806247364,4198.252500000007,0.0
SKU0043,Books & Stationery,2025-01-24,577.5190000000001,650.0,61.20000000000001,53.325548320476734,35344.16280000001,34661.606408309875,-4435.837199999994,0.0
SKU0044,Pet Supplies,2025-01-24,1631.4120000000005,1600.0,62.000000000000014,63.37629812418309,101147.54400000005,101402.07699869294,1947.5440000000308,0.0
SKU0045,Pet Supplies,2025-01-24,1162.4720000000002,1119.49,50.60000000000001,52.23677460873346,58821.08320000002,58478.54680673102,3161.083200000011,1018.0947371242156
SKU0046,Pet Supplies,2025-01-24,466.1650000000001,455.99,69.10000000000001,70.30003986583385,32212.00150000001,32056.11517842158,1117.0015000000055,421.09723879634544
SKU0047,Pet Supplies,2025-01-24,330.96700000000004,350.0,85.10000000000002,81.48078548748123,28165.291700000012,28518.27492061843,-1619.7082999999968,0.0
SKU0048,Pet Supplies,2025-01-24,904.067,900.0000000000002,56.10000000000001,56.35194022712777,50718.15870000001,50716.74620441501,228.15870000000044,1.2812947767799362e-11
SKU0049,Pet Supplies,2025-01-24,1803.2840000000003,1843.99,80.20000000000002,78.50049127765976,144623.37680000006,144754.12091109183,263.3768000000268,3453.2366113042535
SKU0001,Electronics,2025-01-25,8854.181,8502.49,41.60000000000001,44.1596847949796,368333.9296000001,375467.27837246604,35533.929600000025,22189.800012629286
SKU0002,Electronics,2025-01-25,15970.567000000005,18000.0,50.20000000000001,39.78755559706002,801722.4634000004,716176.0007470803,-101877.53659999979,0.0
SKU0003,Electronics,2025-01-25,30863.994,30000.000000000007,11.800000000000002,12.705945473255392,364195.1292000001,381178.36419766187,10195.129199999988,9.2447920711532e-11
SKU0004,Electronics,2025-01-25,11150.235000000002,9479.49,6.800000000000002,8.923085085335327,75821.59800000003,84586.29583558538,14621.59800000002,4278.530067567433
SKU0005,Electronics,2025-01-25,5469.097000000002,6000.0,49.2,43.25883030107804,269079.5724000001,259552.98180646825,-26120.427599999923,0.0
SKU0006,Electronics,2025-01-25,38292.80900000001,42000.0,43.80000000000001,33.12855817581397,1677225.0342000008,1391399.4433841868,-162374.96579999969,0.0
SKU0007,Electronics,2025-01-25,14316.239,12067.99,30.800000000000004,40.684179921590506,440940.16120000003,490976.27645195497,71340.1612,2766.1173928689295
SKU0008,Groceries,2025-01-25,537.8750000000001,551.49,131.0,127.55530322788118,70461.62500000001,70345.47417714419,-1588.374999999985,190.05740180954413
SKU0009,Groceries,2025-01-25,848.4680000000001,854.49,106.70000000000002,106.09043721907396,90531.53560000002,90653.21769932652,-163.46439999999208,476.3460631136431
SKU0010,Groceries,2025-01-25,470.859,443.99,98.10000000000002,104.59355958837492,46191.267900000006,46438.49452164258,4989.267899999999,2509.1994945251154
SKU0011,Groceries,2025-01-25,485.5450000000001,520.0000000000001,124.70000000000002,117.3469857080094,60547.46150000002,61020.4325681649,-4296.5384999999915,1.334080772130726e-11
SKU0012,Groceries,2025-01-25,369.0220000000001,367.49,85.9,86.25758704043596,31698.98980000001,31698.800661489815,774.989800000009,646.0693269328661
SKU0013,Groceries,2025-01-25,291.40700000000004,280.0,82.10000000000002,85.40380854432668,23924.51470000001,23913.06639241147,936.5147000000035,0.0
SKU0014,Apparel,2025-01-25,520.062,500.0000000000001,62.30000000000001,65.18866554196212,32399.862600000008,32594.33277098107,1249.862600000001,7.41109324075775e-12
SKU0015,Apparel,2025-01-25,1710.8490000000004,1630.49,57.70000000000001,61.14094094288788,98715.98730000004,99689.69279796926,6395.987300000023,1864.187289348652
SKU0016,Apparel,2025-01-25,2711.8370000000004,2274.49,27.500000000000004,34.25162443045313,74575.51750000002,77904.97725082132,14075.517500000014,2551.403503824446
SKU0017,Apparel,2025-01-25,2620.2660000000005,2800.0,48.80000000000001,44.871904098377705,127868.98080000005,125641.33147545757,-8771.019199999977,0.0
SKU0018,Apparel,2025-01-25,1920.5540000000003,1926.49,55.60000000000001,55.39018088644264,106782.80240000003,106708.62957592288,1142.8024000000178,1467.2858916818661
SKU0019,Apparel,2025-01-25,1733.8770000000002,1500.0,41.60000000000001,49.51470650021414,72129.28320000002,74272.0597503212,9729.283200000009,0.0
SKU0020,Home & Kitchen,2025-01-25,4958.175000000001,5219.99,27.90000000000001,25.99982684390864,138333.08250000008,135718.83612693465,-1166.91749999997,5719.701907391456
SKU0021,Home & Kitchen,2025-01-25,3603.904000000001,3800.000000000001,44.2,41.2382341371608,159292.55680000005,156705.2897212111,-8667.44319999996,3.750595545821925e-11
SKU0022,Home & Kitchen,2025-01-25,3908.053,3200.0,34.80000000000001,44.92724718657596,136000.24440000005,143767.19099704307,24640.244400000003,0.0
SKU0023,Home & Kitchen,2025-01-25,5972.716,6500.0,38.3,33.89773033975955,228755.0228,220335.24720843707,-20194.977199999987,0.0
SKU0024,Home & Kitchen,2025-01-25,1820.0060000000003,1901.99,36.10000000000001,34.19720949785676,65702.21660000003,65042.75049282858,722.2166000000115,3487.773396686411
SKU0025,Home & Kitchen,2025-01-25,1623.326,1458.99,32.10000000000001,36.518863489631606,52108.76460000002,53280.65664273762,7168.764600000002,2154.247757253369
SKU0026,Beauty & Personal Care,2025-01-25,1000.5080000000002,932.99,50.400000000000006,53.6242166050785,50425.60320000001,50030.857850372195,5065.603200000009,1769.0629058015402
SKU0027,Beauty & Personal Care,2025-01-25,453.6230000000001,500.0000000000001,68.80000000000001,63.11816488572458,31209.26240000001,31559.0824428623,-3190.7375999999936,7.175704568649574e-12
SKU0028,Beauty & Personal Care,2025-01-25,549.9720000000001,650.0,53.40000000000001,45.21724477130813,29368.504800000013,29391.209101350287,-5341.495199999997,0.0
SKU0029,Beauty & Personal Care,2025-01-25,1976.9490000000003,1823.99,46.30000000000001,50.14763710665691,91532.73870000003,91468.78860617113,8192.738700000016,1203.0418141886996
SKU0030,Beauty & Personal Care,2025-01-25,2218.4050000000007,2211.49,86.10000000000001,86.36561291116331,191004.67050000007,190996.68929690853,1584.6705000000566,992.3408923492476
SKU0031,Beauty & Personal Care,2025-01-25,405.99300000000005,450.0000000000001,66.50000000000001,60.34173270951448,26998.53450000001,27153.779719281523,-2926.465499999997,6.860060774387703e-12
SKU0032,Sports & Fitness,2025-01-25,2997.736000000001,3064.99,17.200000000000003,16.7013010888521,51561.059200000025,51189.3208243208,-38.94079999998649,1085.4175577644944
SKU0033,Sports & Fitness,2025-01-25,933.6060000000002,935.99,34.60000000000001,34.49525258561076,32302.767600000017,32287.21146760581,1162.7676000000079,1241.4841405561315
SKU0034,Sports & Fitness,2025-01-25,1574.9570000000003,1800.0000000000005,53.30000000000001,45.27267185872994,83945.20810000003,81490.80934571392,-11994.791899999986,2.0587627595309615e-11
SKU0035,Sports & Fitness,2025-01-25,712.6330000000002,702.49,42.70000000000001,43.42278926568166,30429.429100000012,30504.07523124871,539.4291000000067,108.12274527154773
SKU0036,Sports & Fitness,2025-01-25,2639.0760000000005,2703.99,57.40000000000001,55.67787152974232,151482.96240000005,150552.40783770793,2242.9624000000276,5789.941860377891
SKU0037,Sports & Fitness,2025-01-25,479.5460000000001,550.0,65.60000000000001,55.96989828051357,31458.21760000001,30783.444054282463,-4621.782399999994,0.0
SKU0038,Books & Stationery,2025-01-25,475.1450000000001,450.0000000000001,85.30000000000001,90.784764637019,40529.86850000001,40853.144086658554,2144.868500000008,1.0321032804883884e-11
SKU0039,Books & Stationery,2025-01-25,289.39200000000005,300.0,61.00000000000001,58.53979477998122,17652.912000000004,17561.938433994368,-647.0879999999969,0.0
SKU0040,Books & Stationery,2025-01-25,410.85,500.0000000000001,88.10000000000001,70.27219350650955,36195.885,35136.09675325479,-7854.114999999999,7.989023459516551e-12
SKU0041,Books & Stationery,2025-01-25,245.00000000000009,250.00000000000009,88.80000000000001,86.78711330785248,21756.00000000001,21696.778326963125,-443.9999999999925,7.399914350217997e-12
SKU0042,Books & Stationery,2025-01-25,857.738,800.0,86.80000000000001,94.11907362236414,74451.65840000001,75295.25889789131,5011.658400000006,0.0
SKU0043,Books & Stationery,2025-01-25,590.7500000000001,650.0,68.00000000000001,60.84785532167293,40171.000000000015,39551.10595908741,-4028.999999999993,0.0
SKU0044,Pet Supplies,2025-01-25,1600.4900000000002,1600.0,61.80000000000001,61.82137787041066,98910.28200000004,98914.20459265706,30.28200000001462,0.0
SKU0045,Pet Supplies,2025-01-25,1160.2540000000004,1119.49,51.500000000000014,53.0796470330463,59753.081000000035,59422.134057025,3103.0810000000192,1034.522320674073
SKU0046,Pet Supplies,2025-01-25,468.574,455.99,77.60000000000001,79.26313178571085,36361.3424,36143.195462966294,1441.3424000000011,474.7861593964087
SKU0047,Pet Supplies,2025-01-25,332.173,350.0,63.60000000000001,61.057642023728015,21126.202800000003,21370.174708304807,-1133.7972,0.0
SKU0048,Pet Supplies,2025-01-25,921.4020000000004,900.0000000000002,67.20000000000002,68.78318989435355,61918.21440000004,61904.870904918214,1438.2144000000262,1.5639486694988944e-11
SKU0049,Pet Supplies,2025-01-25,1818.1370000000004,1843.99,63.70000000000002,62.84013096128989,115815.32690000006,115876.57309130894,1155.3269000000257,2764.337360987143
SKU0001,Electronics,2025-01-26,10560.121000000005,10435.99,15.900000000000002,16.19015764953178,167905.9239000001,168960.32332893717,40705.92390000008,39439.06213268292
SKU0002,Electronics,2025-01-26,19725.314,24978.49,24.500000000000004,15.279525597849108,483270.193,381659.477350618,42270.19299999997,106628.01658933405
SKU0003,Electronics,2025-01-26,38055.278000000006,30537.99,0.4000000000000001,1.3785970828325929,15222.111200000005,42099.583929570894,3222.111200000003,741.6714445931088
SKU0004,Electronics,2025-01-26,13765.196000000002,11559.99,1.6000000000000003,2.36841767250718,22024.31360000001,27378.884610006276,7624.313600000004,6063.1255574416555
SKU0005,Electronics,2025-01-26,6711.787,7796.99,20.40000000000001,16.454874778774304,136920.45480000007,128298.49410135546,14520.454800000012,29569.245428709633
SKU0006,Electronics,2025-01-26,46627.77500000001,46958.49,16.200000000000003,15.845780870680596,755369.9550000003,744093.942558046,74969.95500000016,78571.14598946099
SKU0007,Electronics,2025-01-26,17549.663,14715.99,15.300000000000004,20.545371240188505,268509.8439000001,302345.47771690163,84909.84390000004,55801.022834639574
SKU0008,Groceries,2025-01-26,665.1740000000001,757.99,60.000000000000014,52.12468055145363,39910.44000000002,39509.986611196335,6910.440000000007,10841.41230789684
SKU0009,Groceries,2025-01-26,1041.578,1099.99,54.80000000000001,52.408689843632175,57078.474400000014,57649.034741096955,10498.474400000001,13101.648374009608
SKU0010,Groceries,2025-01-26,567.1410000000001,517.49,43.2,47.79961437166512,24500.491200000004,24735.822441192984,6356.491200000004,4659.9844050936335
SKU0011,Groceries,2025-01-26,599.269,657.99,70.50000000000001,64.85630245531472,42248.46450000001,42674.79845257253,5588.464500000002,8949.521175808879
SKU0012,Groceries,2025-01-26,447.1300000000001,434.99,43.900000000000006,45.137272658083496,19629.00700000001,19634.26223353974,3825.007000000005,3384.8440766296817
SKU0013,Groceries,2025-01-26,359.18500000000006,280.49,64.20000000000002,82.01269192828067,23059.67700000001,23003.739958963448,5083.677000000005,40.18621904485828
SKU0014,Apparel,2025-01-26,629.488,689.49,24.000000000000004,21.54596127027144,15107.712000000003,14855.724836239457,3107.712000000002,4082.7442011037356
SKU0015,Apparel,2025-01-26,2081.0910000000003,2010.99,18.300000000000004,19.099247623341856,38083.96530000002,38408.39597806424,8803.965300000009,7849.59978071727
SKU0016,Apparel,2025-01-26,3286.040000000001,2772.99,20.90000000000001,25.88903110743601,68678.23600000005,71790.02437060898,22698.23600000003,14834.155934249755
SKU0017,Apparel,2025-01-26,3236.2080000000005,3742.49,29.700000000000003,24.6422889405975,96115.37760000002,92223.51993729673,12955.377600000018,23225.110903623732
SKU0018,Apparel,2025-01-26,2296.2570000000005,2672.99,24.500000000000004,20.23877093791648,56258.29650000002,54098.03232934137,9708.296500000015,15644.367547300057
SKU0019,Apparel,2025-01-26,2073.1430000000005,1799.99,19.800000000000004,23.560375988576588,41048.23140000002,42408.441175677974,11348.231400000011,7067.877192813091
SKU0020,Home & Kitchen,2025-01-26,6056.087000000001,6365.49,19.4,18.09977082682875,117488.08780000002,115213.91020047013,20488.087800000023,24715.056066326386
SKU0021,Home & Kitchen,2025-01-26,4350.874000000001,5451.49,20.700000000000003,15.262144625605352,90063.09180000002,83201.42880504132,11403.091800000017,25205.27922774098
SKU0022,Home & Kitchen,2025-01-26,4795.937000000001,3772.99,15.100000000000003,20.710805357205565,72418.64870000003,78141.66150468303,24098.648700000016,11867.084361625213
SKU0023,Home & Kitchen,2025-01-26,7353.468000000002,9123.49,19.1,13.847514305442605,140451.23880000005,126337.65829056255,16301.238800000034,36328.81530518561
SKU0024,Home & Kitchen,2025-01-26,2221.7090000000003,2342.49,22.700000000000003,21.24709239998221,50432.794300000016,49771.101476034324,9572.794300000007,11526.335156066345
SKU0025,Home & Kitchen,2025-01-26,1992.76,1827.49,18.700000000000003,20.80802829564762,37264.61200000001,38026.46363001307,11084.612000000001,8895.224016106402
SKU0026,Beauty & Personal Care,2025-01-26,1217.5880000000002,1150.99,36.400000000000006,38.27782067401345,44320.20320000001,44057.38881758274,11560.203200000009,9607.350210970635
SKU0027,Beauty & Personal Care,2025-01-26,561.1080000000001,642.49,37.7,33.38610964164694,21153.771600000004,21450.241583661744,2303.7716000000023,4757.186762838272
SKU0028,Beauty & Personal Care,2025-01-26,665.8940000000001,869.49,57.60000000000001,44.168565074120544,38355.49440000001,38404.12564629707,915.494400000007,9694.558348118719
SKU0029,Beauty & Personal Care,2025-01-26,2416.335000000001,2232.49,27.60000000000001,29.88486743291835,66690.84600000005,66717.66769531589,17010.84600000003,12924.906316062852
SKU0030,Beauty & Personal Care,2025-01-26,2681.6330000000007,2696.49,37.2,36.99469463090624,99756.74760000003,99755.82412529236,17916.747600000028,18367.49593729863
SKU0031,Beauty & Personal Care,2025-01-26,495.8970000000001,567.49,43.3,38.07825171338258,21472.340100000005,21609.027064827478,1987.3401000000044,4473.81379380532
SKU0032,Sports & Fitness,2025-01-26,3668.0320000000006,3743.49,1.4000000000000004,1.3395713807494634,5135.244800000002,5014.6720681218085,935.2448000000011,995.9579258734183
SKU0033,Sports & Fitness,2025-01-26,1124.561,1196.49,24.200000000000003,22.457561859329168,27214.376200000002,26870.248189068756,5434.376199999999,6658.442515672506
SKU0034,Sports & Fitness,2025-01-26,1928.028,2377.49,35.00000000000001,27.008198508025817,67480.98000000001,64211.7218708463,4480.980000000001,15596.964556399824
SKU0035,Sports & Fitness,2025-01-26,854.3720000000001,860.49,28.100000000000005,27.863302574602866,24007.853200000005,23976.09323242002,4337.853200000003,4471.781430198014
SKU0036,Sports & Fitness,2025-01-26,3190.9010000000007,3296.99,26.000000000000007,24.93378366445033,82963.42600000004,82206.43540385609,15363.426000000023,17378.597876285232
SKU0037,Sports & Fitness,2025-01-26,589.4240000000002,712.99,21.500000000000004,17.11215534386981,12672.616000000007,12200.795638625736,847.6160000000045,2789.11019949734
SKU0038,Books & Stationery,2025-01-26,569.9020000000002,543.99,51.50000000000001,54.34386988317139,29349.953000000012,29562.521777746402,6174.953000000009,5107.7803303192795
SKU0039,Books & Stationery,2025-01-26,350.95400000000006,300.49,33.7,40.321909021020765,11827.149800000003,12116.33044172653,1717.1498000000024,19.75773542030054
SKU0040,Books & Stationery,2025-01-26,502.9860000000001,661.49,53.10000000000001,38.61744750838067,26708.55660000001,25545.05535231873,158.55660000000552,6236.331598128395
SKU0041,Books & Stationery,2025-01-26,297.8230000000001,250.49,41.00000000000001,50.00698029958343,12210.743000000006,12526.248495242655,1960.743000000004,24.503420346796336
SKU0042,Books & Stationery,2025-01-26,1044.5320000000002,923.49,54.900000000000006,63.39929481704965,57344.80680000001,58548.61477059718,13424.80680000001,7829.178916957462
SKU0043,Books & Stationery,2025-01-26,719.5710000000001,902.49,61.20000000000001,46.987278240807605,44037.74520000001,42405.54873954646,4257.745200000009,11863.817883021513
SKU0044,Pet Supplies,2025-01-26,1965.9340000000004,1940.49,38.3,38.87326231347988,75295.2722,75433.17678668456,14015.272200000016,13235.957085116765
SKU0045,Pet Supplies,2025-01-26,1418.295,1364.49,37.900000000000006,39.167379436804346,53753.380500000014,53443.497567725164,12063.380500000005,10359.380187240382
SKU0046,Pet Supplies,2025-01-26,564.5520000000001,601.49,61.60000000000001,58.6203407556043,34776.403200000015,35259.54876108843,7056.403200000009,8880.395421066496
SKU0047,Pet Supplies,2025-01-26,399.484,414.49,49.50000000000001,48.08917335237192,19774.458000000002,19932.48146282464,2449.457999999999,3101.2707894944656
SKU0048,Pet Supplies,2025-01-26,1108.179,1127.99,33.50000000000001,32.90809023957203,37123.99650000001,37119.99670933486,6973.996500000005,7502.7154937200285
SKU0049,Pet Supplies,2025-01-26,2182.262,2353.99,37.00000000000001,34.36772686901933,80743.69400000002,80901.2853724028,14143.694000000009,19039.37700816801
SKU0001,Electronics,2025-01-27,10418.698,10435.99,17.300000000000004,17.256361164623023,180243.47540000005,180087.2125503942,41843.47540000002,42036.32323341003
SKU0002,Electronics,2025-01-27,19695.856,24978.49,24.90000000000001,15.487988686129633,490426.81440000015,386866.5705166022,42226.81440000001,108082.7741662688
SKU0003,Electronics,2025-01-27,37680.649000000005,37680.49,0.0,1.0163262124995852e-05,0.0,0.38295669686828493,0.0,0.07805883311840937
SKU0004,Electronics,2025-01-27,13630.704000000002,10042.49,0.2,0.8877615848630656,2726.1408000000006,8915.336838371488,926.1408000000004,925.482574603897
SKU0005,Electronics,2025-01-27,6603.995000000001,7796.99,23.500000000000004,18.54829942625908,155193.88250000004,144620.9051435478,14193.882500000022,33331.1085859933
SKU0006,Electronics,2025-01-27,46803.25200000001,46522.49,26.800000000000004,27.2968739862399,1254327.1536000003,1269918.5470561057,128727.15360000022,123449.83963403002
SKU0007,Electronics,2025-01-27,17368.908000000003,14715.99,15.000000000000002,19.80476793070318,260533.62000000008,291446.7668205487,80533.62000000005,53789.551652110524
SKU0008,Groceries,2025-01-27,661.8310000000001,757.99,45.10000000000001,38.93484418781514,29848.578100000013,29512.222545921995,5043.578100000007,8098.058242623671
SKU0009,Groceries,2025-01-27,1032.7670000000005,1099.99,58.10000000000001,55.18283643012672,60003.762700000036,60700.56824477509,10618.76270000003,13795.157279167379
SKU0010,Groceries,2025-01-27,570.3990000000001,523.49,72.5,79.6418530956579,41353.927500000005,41691.713677045955,10903.927500000009,8242.135376869635
SKU0011,Groceries,2025-01-27,602.3300000000002,657.99,56.60000000000001,52.29173692227,34091.87800000001,34407.439977484435,4659.87800000001,7215.736777904038
SKU0012,Groceries,2025-01-27,446.27600000000007,453.49,82.80000000000001,81.48335288143129,36951.65280000001,36951.885698200276,7143.652800000006,7617.878660885011
SKU0013,Groceries,2025-01-27,359.165,280.49,51.90000000000001,66.34865790933337,18640.663500000006,18610.13505698892,4108.663500000002,32.51084237557395
SKU0014,Apparel,2025-01-27,635.3130000000001,689.49,36.900000000000006,33.538801733602185,23443.049700000007,23124.66840730137,4993.049700000004,6355.267540500278
SKU0015,Apparel,2025-01-27,2077.9860000000003,2010.99,27.300000000000004,28.41988782656967,56729.017800000016,57152.110220353345,13049.01780000001,11680.289697841868
SKU0016,Apparel,2025-01-27,3261.4150000000004,2772.99,29.200000000000003,35.74416860003319,95233.31800000003,99118.22208620603,30993.318000000014,20481.05116613301
SKU0017,Apparel,2025-01-27,3219.9700000000007,3742.49,28.300000000000004,23.32094176364872,91125.15100000003,87278.39134103768,11885.151000000022,21979.754402821276
SKU0018,Apparel,2025-01-27,2302.818,2672.99,28.90000000000001,23.989166494978218,66551.44020000003,64122.80214941182,11641.44020000001,18543.385808953208
SKU0019,Apparel,2025-01-27,2105.8930000000005,1799.99,26.500000000000004,32.07586735398556,55806.16450000002,57736.24047850046,16056.164500000015,9622.439447522127
SKU0020,Home & Kitchen,2025-01-27,6048.9270000000015,6365.49,21.700000000000003,20.219971247297764,131261.71590000004,128710.02477496144,22761.715900000036,27610.16853847262
SKU0021,Home & Kitchen,2025-01-27,4382.617000000001,5451.49,31.200000000000003,23.35635369442723,136737.65040000004,127326.9286016331,18177.650400000035,38572.784562809626
SKU0022,Home & Kitchen,2025-01-27,4773.898000000001,3772.99,15.600000000000003,21.25691914551664,74472.80880000003,80202.14336684282,24552.80880000002,12180.002101189575
SKU0023,Home & Kitchen,2025-01-27,7217.212000000001,9123.49,23.800000000000004,16.844422496979345,171769.64560000008,153679.92020696608,17069.645600000036,44191.17397660034
SKU0024,Home & Kitchen,2025-01-27,2229.0150000000003,2342.49,14.1,13.230028706204063,31429.111500000003,30991.209943995953,6049.1115000000045,7177.158272828639
SKU0025,Home & Kitchen,2025-01-27,1998.0910000000003,1827.49,17.1,19.09977404481712,34167.35610000001,34904.64606916284,10227.356100000006,8164.962406418871
SKU0026,Beauty & Personal Care,2025-01-27,1202.1980000000003,1150.99,40.3,41.895764830308266,48448.57940000001,48221.60636203651,12178.579400000011,10515.418014759072
SKU0027,Beauty & Personal Care,2025-01-27,553.5730000000001,642.49,27.200000000000003,23.76270869084796,15057.185600000004,15267.302706782904,1457.1856000000028,3385.948361358926
SKU0028,Beauty & Personal Care,2025-01-27,661.8610000000001,869.49,41.0,31.18206150534843,27136.301000000003,27112.490658285406,486.30100000000425,6844.150679808927
SKU0029,Beauty & Personal Care,2025-01-27,2393.811,2232.49,33.7,36.13289027928434,80671.43070000001,80666.31621959948,20011.430700000008,15627.113716887676
SKU0030,Beauty & Personal Care,2025-01-27,2687.7440000000006,2696.49,31.90000000000001,31.79591234483447,85739.03360000004,85737.3596787227,15559.033600000024,15786.352520086859
SKU0031,Beauty & Personal Care,2025-01-27,500.6890000000001,567.49,50.8,45.104679984304354,25435.001200000002,25596.45484429288,2575.001200000004,5299.348851355919
SKU0032,Sports & Fitness,2025-01-27,3657.8850000000007,3657.99,0.0,0.0,0.0,0.0,0.0,0.0
SKU0033,Sports & Fitness,2025-01-27,1132.687,1196.49,33.5,31.38284529724029,37945.0145,37549.260569695034,7795.014499999997,9304.699802178775
SKU0034,Sports & Fitness,2025-01-27,1918.0880000000004,2377.49,37.00000000000001,28.38172612856476,70969.25600000002,67477.27005340143,4369.256000000017,16390.16302198486
SKU0035,Sports & Fitness,2025-01-27,860.6530000000001,860.49,19.4,19.404423239249518,16696.6682,16697.31215314182,3116.6682000000023,3114.2158856671554
SKU0036,Sports & Fitness,2025-01-27,3209.822000000001,3296.99,37.7,36.44346660672613,121010.28940000005,120153.74496770998,22990.28940000004,25400.73179022204
SKU0037,Sports & Fitness,2025-01-27,584.6260000000001,712.99,31.40000000000001,24.839688055734864,18357.25640000001,17710.4491868584,1087.2564000000032,4048.620756204226
SKU0038,Books & Stationery,2025-01-27,568.846,534.99,47.10000000000001,50.56502593145219,26792.646600000004,27051.783223067607,5597.646600000001,4297.521553914122
SKU0039,Books & Stationery,2025-01-27,350.77700000000004,300.49,54.10000000000001,64.57766678418787,18977.035700000004,19404.943091980615,2747.0357000000026,31.64305672425264
SKU0040,Books & Stationery,2025-01-27,506.90600000000006,661.49,51.40000000000001,37.71277427991791,26054.96840000001,24946.623058422898,354.9684000000033,6090.235918463944
SKU0041,Books & Stationery,2025-01-27,300.0440000000001,250.49,44.10000000000001,54.23065535229809,13231.940400000007,13584.23685919715,2206.9404000000045,26.57302112262656
SKU0042,Books & Stationery,2025-01-27,1046.438,923.49,35.00000000000001,40.5605924934655,36625.33000000001,37457.30156179045,8625.330000000005,5008.827567018055
SKU0043,Books & Stationery,2025-01-27,707.6460000000001,902.49,68.60000000000001,51.67856924170184,48544.51560000001,46639.391954943494,3954.5156000000056,13048.321947837298
SKU0044,Pet Supplies,2025-01-27,1967.2080000000003,1940.49,34.900000000000006,35.44990757486473,68655.55920000002,68790.19114994926,12815.559200000012,12070.339030165693
SKU0045,Pet Supplies,2025-01-27,1395.6340000000002,1364.49,42.10000000000001,42.91393034310113,58756.191400000025,58555.62881385806,12446.191400000012,11350.305436446817
SKU0046,Pet Supplies,2025-01-27,559.8380000000001,601.49,34.50000000000001,32.59282137670715,19314.411000000007,19604.256129875583,3789.4110000000037,4937.486510357367
SKU0047,Pet Supplies,2025-01-27,402.5350000000001,414.49,38.60000000000001,37.71938269667778,15537.851000000006,15634.306933945974,2027.8510000000035,2432.5229901087505
SKU0048,Pet Supplies,2025-01-27,1103.014,1127.99,31.9,31.18834188366985,35186.14659999999,35180.137761360755,6476.146599999996,7110.630066057889
SKU0049,Pet Supplies,2025-01-27,2198.0210000000006,2353.99,44.30000000000001,41.45053341589494,97372.33030000006,97574.14115568252,17632.330300000034,22963.181007071627
SKU0001,Electronics,2025-01-28,10531.759000000002,10435.99,23.500000000000004,23.82433974999699,247496.3365000001,248630.57138757108,59496.33650000005,58035.85338759516
SKU0002,Electronics,2025-01-28,19570.74400000001,24978.49,25.000000000000004,15.35238710690571,489268.6000000003,383479.4478259732,39268.600000000246,107136.47990167045
SKU0003,Electronics,2025-01-28,37900.814000000006,37900.49,0.0,2.058989445763437e-05,0.0,0.7803670889926267,0.0,0.16267025526359571
SKU0004,Electronics,2025-01-28,13688.463000000003,9766.49,0.0,0.649826511303061,0.0,6346.524124376232,0.0,498.0855226486831
SKU0005,Electronics,2025-01-28,6651.580000000001,7796.99,24.800000000000004,19.78748775542775,164959.18400000004,154282.84415419263,16159.184000000023,35557.91762162611
SKU0006,Electronics,2025-01-28,47240.37400000001,47055.49,21.700000000000003,21.96360489889321,1025116.1158000004,1033508.1906838204,113716.11580000025,111036.78493030558
SKU0007,Electronics,2025-01-28,17421.021,14715.99,16.900000000000006,22.386070465375663,294415.2549000001,329433.1891077636,91615.25490000004,60800.343523255644
SKU0008,Groceries,2025-01-28,664.0490000000001,757.99,63.20000000000001,54.8114913030543,41967.89680000001,41546.562292802126,7207.896800000007,11400.242076122264
SKU0009,Groceries,2025-01-28,1035.937,1099.99,59.400000000000006,56.56009650618572,61534.6578,62215.54055583923,11044.657799999995,14139.458525581369
SKU0010,Groceries,2025-01-28,567.0180000000001,507.49,53.10000000000001,59.98818795140056,30108.65580000001,30443.405503456273,7806.655800000009,5248.366563868036
SKU0011,Groceries,2025-01-28,599.7320000000002,657.99,64.80000000000001,59.647400763589886,38862.63360000002,39247.39322843451,5166.633600000014,8230.744831367769
SKU0012,Groceries,2025-01-28,445.5870000000001,434.49,77.80000000000001,79.78717303806431,34666.66860000001,34666.72881330856,6658.668600000009,5943.346519605411
SKU0013,Groceries,2025-01-28,361.8670000000001,280.49,63.00000000000001,81.07928281437016,22797.621000000006,22741.928036602687,5157.621000000006,39.728848579042115
SKU0014,Apparel,2025-01-28,632.3590000000002,689.49,31.800000000000004,28.733437633656006,20109.01620000001,19811.41791402948,4209.0162000000055,5444.699097201476
SKU0015,Apparel,2025-01-28,2086.6240000000003,2010.99,33.400000000000006,34.93738704382926,69693.24160000002,70258.7359712702,16253.24160000001,14358.91670114339
SKU0016,Apparel,2025-01-28,3259.0990000000006,2772.99,24.40000000000001,29.87750548085692,79522.01560000004,82850.02392336143,25842.015600000024,17119.5118654762
SKU0017,Apparel,2025-01-28,3241.1630000000005,3742.49,26.90000000000001,22.34777713296572,87187.28470000005,83636.33244235288,11867.284700000017,21062.556470048858
SKU0018,Apparel,2025-01-28,2306.4710000000005,2672.99,31.000000000000004,25.795328447989903,71500.60100000002,68950.65498819253,12600.601000000015,19939.53093701171
SKU0019,Apparel,2025-01-28,2084.8100000000004,1799.99,27.300000000000004,32.63759357265637,56915.31300000002,58747.34205484574,15965.313000000013,9790.951695861186
SKU0020,Home & Kitchen,2025-01-28,6054.271000000001,6365.49,23.000000000000004,21.461413189907255,139248.23300000004,136612.41104622273,24248.23300000002,29305.34509668645
SKU0021,Home & Kitchen,2025-01-28,4372.59,5451.49,18.90000000000001,14.00849066558702,82641.95100000004,76367.14677854098,10821.951000000008,23134.882249310303
SKU0022,Home & Kitchen,2025-01-28,4780.099000000001,3772.99,17.5,23.84456058699664,83651.73250000001,89965.28864913245,27651.73250000002,13662.6947707432
SKU0023,Home & Kitchen,2025-01-28,7223.881000000001,9123.49,20.0,14.129807750564275,144477.62000000002,128913.15971419566,14477.620000000024,37069.40933552787
SKU0024,Home & Kitchen,2025-01-28,2200.9640000000004,2342.49,24.90000000000001,23.041180700254863,54804.00360000003,53973.73537854001,9984.003600000013,12499.610118081255
SKU0025,Home & Kitchen,2025-01-28,1983.6470000000004,1827.49,11.500000000000002,12.763305624231952,22811.940500000008,23324.81339522765,6711.940500000005,5456.185521302918
SKU0026,Beauty & Personal Care,2025-01-28,1215.8430000000003,1150.99,38.500000000000014,40.43147512189473,46809.955500000025,46536.223550549614,12159.955500000016,10147.895940844359
SKU0027,Beauty & Personal Care,2025-01-28,553.4230000000001,642.49,44.30000000000001,38.76898916062697,24516.638900000013,24908.687845811222,2366.638900000006,5524.193265497737
SKU0028,Beauty & Personal Care,2025-01-28,659.7280000000001,869.49,53.30000000000001,40.47597930754839,35163.50240000001,35193.45924812025,518.5024000000036,8884.072698213797
SKU0029,Beauty & Personal Care,2025-01-28,2400.1150000000007,2232.49,42.60000000000001,45.776222184048464,102244.89900000005,102194.95826366634,25564.899000000034,19797.75833237911
SKU0030,Beauty & Personal Care,2025-01-28,2685.3650000000007,2696.49,35.900000000000006,35.75150053248667,96404.60350000004,96403.56367084499,17424.603500000027,17750.2624993743
SKU0031,Beauty & Personal Care,2025-01-28,497.66600000000005,567.49,69.80000000000001,61.66178360560383,34737.08680000001,34992.445578344115,3327.086800000004,7244.6429558223945
SKU0032,Sports & Fitness,2025-01-28,3663.399,3663.49,0.0,0.0,0.0,0.0,0.0,0.0
SKU0033,Sports & Fitness,2025-01-28,1134.2890000000002,1196.49,22.200000000000003,20.81188688726987,25181.21580000001,24901.214541749527,5201.215800000005,6170.516343206645
SKU0034,Sports & Fitness,2025-01-28,1932.462,2377.49,41.50000000000001,32.1563429694878,80197.17300000001,76451.38384652755,5497.173000000001,18569.966501449504
SKU0035,Sports & Fitness,2025-01-28,870.7660000000002,860.49,21.5,21.807822159013085,18721.469000000005,18765.41288960917,3671.469000000004,3499.93737830001
SKU0036,Sports & Fitness,2025-01-28,3232.4500000000003,3296.99,23.100000000000005,22.520166771502375,74669.59500000002,74248.7646439756,14609.59500000001,15696.331038069435
SKU0037,Sports & Fitness,2025-01-28,591.8930000000001,712.99,33.1,26.58105676259766,19591.658300000006,18952.027661164506,1386.6583000000048,4332.446441735793
SKU0038,Books & Stationery,2025-01-28,569.3670000000002,535.99,57.7,61.86076374455242,32852.47590000001,33156.75075944265,6887.475900000011,5319.407074394063
SKU0039,Books & Stationery,2025-01-28,351.7650000000001,300.49,32.0,38.39969759214426,11256.480000000003,11538.725129463428,1656.4800000000032,18.815851820151035
SKU0040,Books & Stationery,2025-01-28,503.5020000000001,661.49,64.30000000000001,46.87499693387132,32375.178600000014,31007.341721786543,225.17860000000798,7569.84325485088
SKU0041,Books & Stationery,2025-01-28,296.96500000000003,250.49,52.400000000000006,63.6419762819456,15560.966000000004,15941.678638864554,2460.9660000000017,31.184568378153923
SKU0042,Books & Stationery,2025-01-28,1049.312,923.49,41.3,47.98786591035778,43336.58559999999,44316.31428955631,10296.585599999995,5926.021561270083
SKU0043,Books & Stationery,2025-01-28,710.258,902.49,63.70000000000001,48.17691910638083,45243.43460000001,43479.187724317635,3838.4346000000032,12164.190305170096
SKU0044,Pet Supplies,2025-01-28,1947.954,1940.49,44.400000000000006,44.59416837088904,86489.1576,86534.53778202647,15449.1576,15183.868388604009
SKU0045,Pet Supplies,2025-01-28,1407.1020000000003,1364.49,52.30000000000001,53.67622560783073,73591.43460000004,73240.67307962895,16061.43460000002,14196.82491101515
SKU0046,Pet Supplies,2025-01-28,561.8360000000001,601.49,48.60000000000001,46.06415617544189,27305.22960000001,27707.12929796654,5435.229600000007,6978.259019017692
SKU0047,Pet Supplies,2025-01-28,400.4990000000001,414.49,44.00000000000001,42.828199534512684,17621.956000000006,17751.860425060164,2221.9560000000038,2761.9905879807234
SKU0048,Pet Supplies,2025-01-28,1110.706,1127.99,40.60000000000001,39.97733198454354,45094.66360000001,45094.03070524527,8554.663599999998,9114.431919156083
SKU0049,Pet Supplies,2025-01-28,2187.355,2353.99,49.7,46.29235141544736,108711.54350000001,108971.73230844892,19251.543500000003,25645.49976064367
SKU0001,Electronics,2025-01-29,11330.199,10599.99,15.400000000000002,17.050833051711415,174485.06460000004,180738.65983981048,51285.06460000001,44331.99542611916
SKU0002,Electronics,2025-01-29,19985.683000000005,24315.99,24.000000000000007,16.2208593944774,479656.3920000002,394426.25482751854,47656.39200000012,102450.78572692534
SKU0003,Electronics,2025-01-29,33547.55600000001,39137.49,14.400000000000002,9.624616553775915,483084.80640000023,376683.33412723936,51084.80640000017,87944.83751396187
SKU0004,Electronics,2025-01-29,13957.634000000002,11255.49,4.800000000000001,6.980233280712112,66996.64320000002,78565.94588872237,23796.643200000013,15743.846362313361
SKU0005,Electronics,2025-01-29,6696.207,7839.99,17.400000000000002,13.84912843449113,116514.00180000003,108577.0284351261,12114.001800000007,25482.257828179332
SKU0006,Electronics,2025-01-29,52650.16200000001,50830.99,20.700000000000003,23.067031306193144,1089858.3534000004,1172520.0376547906,220458.35340000025,203704.72279467856
SKU0007,Electronics,2025-01-29,17413.518000000004,14763.99,12.900000000000002,17.05435680270739,224634.38220000008,251790.35329160385,69834.38220000007,47138.071659115194
SKU0008,Groceries,2025-01-29,691.4260000000002,773.49,73.4,65.07296082101058,50750.66840000002,50333.284465443474,10380.668400000013,14543.156013887656
SKU0009,Groceries,2025-01-29,1090.788,1105.99,63.30000000000001,62.58955141223873,69046.88040000001,69223.41796642191,15241.880400000004,16022.299266018992
SKU0010,Groceries,2025-01-29,580.1070000000001,544.49,42.000000000000014,45.04741445005925,24364.494000000013,24527.86669391276,6724.494000000006,5607.9526248878765
SKU0011,Groceries,2025-01-29,595.9340000000002,680.49,53.10000000000001,47.14061880134367,31644.095400000017,32078.719688126355,4032.095400000011,7565.597911427646
SKU0012,Groceries,2025-01-29,430.14200000000005,502.49,82.30000000000001,70.4435606715516,35400.68660000001,35397.184801847965,5772.6866000000055,10037.502960089387
SKU0013,Groceries,2025-01-29,396.0490000000001,303.49,61.2,79.67326993627728,24238.198800000006,24180.040692960793,7102.198800000006,1871.5251108031541
SKU0014,Apparel,2025-01-29,589.9060000000002,676.49,27.500000000000007,23.39787498881031,16222.415000000008,15828.428451180287,2472.4150000000054,4129.490956775132
SKU0015,Apparel,2025-01-29,1990.6380000000004,2137.99,37.00000000000001,33.918609632838574,73653.60600000003,72517.64820891253,14453.606000000016,18247.87279637082
SKU0016,Apparel,2025-01-29,3114.2590000000005,2847.99,21.000000000000004,23.510396314457186,65399.43900000002,66957.37359961092,19199.439000000013,15234.501707805106
SKU0017,Apparel,2025-01-29,3235.2100000000005,3698.49,37.50000000000001,31.61930694321713,121320.37500000004,116943.69053641912,16320.375000000022,28409.63109541115
SKU0018,Apparel,2025-01-29,2388.166,2748.49,28.90000000000001,24.24724098119339,69017.99740000002,66643.29936440021,14107.99740000001,20573.541500132775
SKU0019,Apparel,2025-01-29,2205.1210000000005,1865.99,25.200000000000003,30.88645797866238,55569.04920000002,57633.82172360422,17769.049200000016,11304.134755610645
SKU0020,Home & Kitchen,2025-01-29,6078.774000000001,6453.49,20.700000000000003,19.05038808891717,125830.62180000004,122941.48902794607,22330.62180000003,27689.548583360214
SKU0021,Home & Kitchen,2025-01-29,4626.106000000001,5342.99,22.90000000000001,18.87743681924327,105937.82740000005,100861.95615084861,18917.827400000024,29127.696237724173
SKU0022,Home & Kitchen,2025-01-29,4749.084000000001,3885.99,26.700000000000003,34.56670300901635,126800.54280000004,134325.86222600745,41360.542800000025,23712.41259715512
SKU0023,Home & Kitchen,2025-01-29,7357.575000000001,9338.99,23.000000000000004,16.17002200011534,169224.22500000003,151011.67375885713,19724.22500000002,45906.53075810744
SKU0024,Home & Kitchen,2025-01-29,2400.4280000000003,2388.49,21.800000000000004,21.936255086847357,52329.33040000002,52394.52591238404,13089.33040000001,12909.266756058796
SKU0025,Home & Kitchen,2025-01-29,1974.685,1771.99,20.100000000000005,22.961418991799327,39691.16850000001,40687.40483927849,11551.168500000002,8541.418250759432
SKU0026,Beauty & Personal Care,2025-01-29,1209.538,1174.99,38.50000000000001,39.509615043947086,46567.21300000001,46423.40258048739,11917.213000000003,10864.74904093501
SKU0027,Beauty & Personal Care,2025-01-29,603.9250000000001,646.49,43.900000000000006,41.30905611851211,26512.307500000006,26705.891690056895,4562.3075000000035,6051.363630800839
SKU0028,Beauty & Personal Care,2025-01-29,683.7510000000001,831.99,42.80000000000001,35.16704133649796,29264.54280000001,29258.626721552937,1444.5428000000043,6400.049852829264
SKU0029,Beauty & Personal Care,2025-01-29,2385.3610000000003,2370.99,31.800000000000004,31.993077129620744,75854.47980000002,75855.26594355948,18614.479800000012,18267.72711024214
SKU0030,Beauty & Personal Care,2025-01-29,2899.4210000000003,2690.49,30.300000000000004,32.66860399280799,87852.45630000002,87894.55235660996,21192.456300000013,16023.623572432383
SKU0031,Beauty & Personal Care,2025-01-29,496.88700000000006,577.99,39.3,34.01352837917592,19527.6591,19659.47926787989,1842.6591000000021,4353.391497250726
SKU0032,Sports & Fitness,2025-01-29,3664.813000000001,3820.99,9.000000000000002,8.490800547224415,32983.31700000002,32443.263982939017,5983.31700000001,6970.862341265771
SKU0033,Sports & Fitness,2025-01-29,1056.8680000000002,1162.99,27.200000000000003,24.24799186151635,28746.809600000008,28200.1720550249,4266.809600000005,6376.979379660185
SKU0034,Sports & Fitness,2025-01-29,1901.2670000000005,2391.99,38.2,28.77378310441224,72628.39940000002,68826.60144792302,3868.39940000002,17033.791859980996
SKU0035,Sports & Fitness,2025-01-29,868.5570000000002,872.49,20.6,20.488584977272904,17892.274200000007,17876.085506820837,3472.2742000000053,3534.0760227298033
SKU0036,Sports & Fitness,2025-01-29,3558.919000000001,3272.99,18.4,20.50848494175212,65484.10960000001,67124.06612950527,17644.109600000014,13802.005280949754
SKU0037,Sports & Fitness,2025-01-29,612.9280000000001,730.99,31.90000000000001,25.914932116302342,19552.403200000008,18943.556227695848,2007.403200000004,4690.3435637295615
SKU0038,Books & Stationery,2025-01-29,531.3820000000001,560.99,55.50000000000001,52.13172345828387,29491.70100000001,29245.37554286267,4516.701000000004,5786.0999866349275
SKU0039,Books & Stationery,2025-01-29,385.82400000000007,300.49,50.80000000000001,67.62475975596911,19599.859200000006,20320.56405907116,4359.859200000004,33.13613228042548
SKU0040,Books & Stationery,2025-01-29,502.2230000000001,673.49,43.400000000000006,30.80093477562548,21796.47820000001,20744.121562036005,96.47820000000551,5343.654174223265
SKU0041,Books & Stationery,2025-01-29,304.3670000000001,250.49,47.2,58.98286424693759,14366.122400000004,14774.617665215397,2566.122400000004,28.901603480999956
SKU0042,Books & Stationery,2025-01-29,1017.8910000000002,937.49,59.10000000000001,65.06020294982879,60157.35810000002,60993.289663434996,12877.358100000012,8945.12730357196
SKU0043,Books & Stationery,2025-01-29,763.8790000000001,895.49,58.10000000000001,48.26244351775991,44381.36990000001,43218.53554571883,6616.369900000009,11847.947259174882
SKU0044,Pet Supplies,2025-01-29,1832.84,2025.49,34.400000000000006,30.67755003073605,63049.69600000001,62137.07081175556,8009.695999999998,13052.990762577881
SKU0045,Pet Supplies,2025-01-29,1375.6750000000002,1362.99,44.5,44.85075925727205,61217.537500000006,61131.136360069235,12267.537500000008,11795.301177069978
SKU0046,Pet Supplies,2025-01-29,535.6640000000001,616.49,47.00000000000001,42.08018036756875,25176.20800000001,25942.01039480246,4026.2080000000055,7005.929229396522
SKU0047,Pet Supplies,2025-01-29,433.3420000000001,424.99,36.0,36.557538046638655,15600.312000000004,15536.588094440962,3000.3120000000035,2741.449778117433
SKU0048,Pet Supplies,2025-01-29,1113.7760000000003,1120.99,44.400000000000006,44.11462991679908,49451.65440000002,49452.058990432604,9491.654400000014,9748.89206531343
SKU0049,Pet Supplies,2025-01-29,2274.326,2363.99,41.2,39.68159874157423,93702.23120000001,93806.90260909405,19542.231200000002,22380.024874260438
SKU0001,Electronics,2025-01-30,11278.939,10679.49,16.200000000000003,17.606932315490006,182718.81180000002,188033.05759395237,53118.81180000002,47177.59907003231
SKU0002,Electronics,2025-01-30,20556.414000000004,24084.49,28.600000000000005,20.90507697526184,587913.4404000002,503488.117359924,73113.44040000014,127196.73180521093
SKU0003,Electronics,2025-01-30,35680.234000000004,40051.99,27.300000000000004,20.42333622556185,974070.3882000003,817995.258272841,155070.38820000013,205295.17150598543
SKU0004,Electronics,2025-01-30,13910.625000000002,11092.99,14.400000000000002,20.54278982081494,200313.00000000006,227880.9620544019,70713.00000000004,42995.85366706745
SKU0005,Electronics,2025-01-30,6525.117000000001,7902.49,20.6,15.648125351157429,134417.41020000004,123659.15410626806,10817.410200000024,29770.401999323494
SKU0006,Electronics,2025-01-30,53130.13100000001,50346.49,18.90000000000001,22.316656706951253,1004159.4759000007,1123565.3337299542,210359.47590000025,186265.75203800152
SKU0007,Electronics,2025-01-30,16616.587,14784.49,14.500000000000004,17.65142177280947,240940.51150000005,260967.2686858839,66940.51150000001,49150.20741217024
SKU0008,Groceries,2025-01-30,675.902,780.49,57.60000000000001,49.32355377906712,38931.95520000001,38496.5404890241,7251.955200000004,11368.58591053718
SKU0009,Groceries,2025-01-30,1057.584,1107.49,61.40000000000001,59.13257162616043,64935.65760000002,65488.73175025641,12745.657600000006,15226.045868020048
SKU0010,Groceries,2025-01-30,596.9060000000002,521.99,56.400000000000006,65.35147804064144,33665.49840000001,34112.818022434425,9977.498400000011,6665.1972453650205
SKU0011,Groceries,2025-01-30,598.894,694.99,59.500000000000014,52.0770829959048,35634.19300000001,36193.05191132388,4694.193000000001,9112.968753453382
SKU0012,Groceries,2025-01-30,440.0180000000001,428.49,52.60000000000001,54.023786283928686,23144.94680000001,23148.652184800605,4208.946800000005,3700.089122586276
SKU0013,Groceries,2025-01-30,408.28800000000007,280.49,47.80000000000001,69.42021477589644,19516.16640000001,19471.67604249119,6132.166400000005,34.01590524018989
SKU0014,Apparel,2025-01-30,578.3520000000001,670.99,29.300000000000004,24.59919859081081,16945.713600000006,16505.816262448145,2295.7136000000028,4206.216967042741
SKU0015,Apparel,2025-01-30,1974.4590000000003,2196.99,36.3,31.868851201322947,71672.86170000001,70015.5474007945,13592.861700000009,19025.385478677777
SKU0016,Apparel,2025-01-30,3223.3070000000007,2892.49,18.700000000000003,21.455578904563477,60275.840900000025,62060.04742566081,19135.840900000017,14857.773835621158
SKU0017,Apparel,2025-01-30,3364.5070000000005,3674.49,21.6,19.26294489394228,72673.35120000002,70781.49838334197,12193.351200000012,16845.25268030358
SKU0018,Apparel,2025-01-30,2437.2640000000006,2778.49,28.700000000000006,24.366573680316133,69949.47680000003,67702.28130502156,15419.47680000002,21405.791312420915
SKU0019,Apparel,2025-01-30,2169.2660000000005,1901.99,24.300000000000004,28.531777537622776,52713.163800000024,54267.155558783146,16263.163800000017,11469.48925234898
SKU0020,Home & Kitchen,2025-01-30,5980.508000000002,6508.99,18.000000000000004,15.988147898922149,107649.14400000004,104066.69479260527,17649.144000000033,24125.95529799453
SKU0021,Home & Kitchen,2025-01-30,4657.404000000001,5318.49,18.40000000000001,15.370554128420412,85696.23360000007,81748.13842646267,15776.233600000032,23340.03273846511
SKU0022,Home & Kitchen,2025-01-30,4610.559000000001,3972.49,18.1,21.996307346624413,83451.11790000003,87380.110971392,25531.117900000023,16991.92746219389
SKU0023,Home & Kitchen,2025-01-30,7224.257000000001,9436.49,26.40000000000001,17.828830623235422,190720.38480000012,168241.58188785482,19120.384800000043,52354.182836824584
SKU0024,Home & Kitchen,2025-01-30,2331.974,2415.99,20.4,19.513685695474187,47572.2696,47144.86950340868,10852.269600000003,12020.235251555141
SKU0025,Home & Kitchen,2025-01-30,2003.3030000000003,1751.49,19.6,23.11951545455053,39264.73880000001,40493.60012349071,11824.738800000008,8126.2784871199665
SKU0026,Beauty & Personal Care,2025-01-30,1158.7050000000002,1191.49,59.20000000000001,57.75475854908066,68595.33600000002,68814.21726364412,15315.336000000012,16834.934569471523
SKU0027,Beauty & Personal Care,2025-01-30,621.0910000000001,644.49,44.60000000000001,43.15179863815975,27700.65860000001,27810.902704307577,5400.658600000006,6235.003385227702
SKU0028,Beauty & Personal Care,2025-01-30,709.0740000000001,817.99,46.400000000000006,40.23067257504243,32901.03360000001,32908.28785965896,2741.0336000000034,6758.350685881379
SKU0029,Beauty & Personal Care,2025-01-30,2335.5610000000006,2436.99,31.600000000000005,30.28135639838806,73803.72760000003,73795.36272930772,16923.72760000002,19288.921212209203
SKU0030,Beauty & Personal Care,2025-01-30,3010.1180000000004,2686.49,25.200000000000006,28.27416423329264,75854.97360000003,75958.25947109834,20414.973600000016,13755.09815785453
SKU0031,Beauty & Personal Care,2025-01-30,482.465,582.99,62.2,51.99970330841536,30009.323,30315.307031773074,2019.3229999999985,6915.44054298616
SKU0032,Sports & Fitness,2025-01-30,3603.087,3834.49,21.300000000000004,19.627715255516573,76745.75310000002,75262.27787012575,12845.753100000002,16379.132103576021
SKU0033,Sports & Fitness,2025-01-30,1069.2760000000003,1158.99,27.300000000000004,24.784048666570413,29191.234800000013,28724.464564068443,4621.234800000008,6418.820764155072
SKU0034,Sports & Fitness,2025-01-30,1868.141,2409.49,37.3,27.23647467610609,69681.6593,65626.01336733086,2541.6593000000025,16600.358950339894
SKU0035,Sports & Fitness,2025-01-30,890.287,865.99,26.40000000000001,27.28173145628912,23503.57680000001,23625.706623831815,5023.576800000003,4528.494604429431
SKU0036,Sports & Fitness,2025-01-30,3544.8990000000003,3250.49,22.300000000000004,24.926430961136653,79051.24770000002,81023.11457486507,21071.24770000001,16214.394075909775
SKU0037,Sports & Fitness,2025-01-30,624.4680000000001,724.99,41.20000000000001,34.597797153009864,25728.08160000001,25083.056957960624,3068.0816000000036,6054.268523805196
SKU0038,Books & Stationery,2025-01-30,525.7090000000001,540.99,47.900000000000006,46.3372514112103,25181.461100000004,25067.989640950662,3626.461100000003,4216.2265059060255
SKU0039,Books & Stationery,2025-01-30,380.30500000000006,300.49,48.2,63.13176834609935,18330.701000000005,18970.465070319395,3870.701000000003,30.934566489589255
SKU0040,Books & Stationery,2025-01-30,497.6860000000001,690.99,49.70000000000001,33.90670955244417,24734.99420000001,23429.197233643397,-115.00579999999543,6475.842457421312
SKU0041,Books & Stationery,2025-01-30,297.78800000000007,250.49,68.70000000000002,83.63612802910082,20458.03560000001,20950.013710009465,3283.0356000000056,40.98170273426016
SKU0042,Books & Stationery,2025-01-30,1002.803,936.99,53.70000000000001,58.13785662147831,53850.52110000001,54474.590275758965,10890.521100000002,7964.304978576315
SKU0043,Books & Stationery,2025-01-30,746.7290000000002,894.99,67.00000000000001,54.261343760423344,50030.84300000002,48563.36005214129,6480.843000000012,13293.486607866116
SKU0044,Pet Supplies,2025-01-30,1821.2080000000003,2054.49,54.60000000000001,47.62796083397845,99437.95680000003,97851.16925380037,12077.956800000018,21646.431919434854
SKU0045,Pet Supplies,2025-01-30,1395.4060000000002,1345.49,30.300000000000004,31.259595055275355,42280.80180000001,42059.47255092244,8950.801800000007,7673.9179901195475
SKU0046,Pet Supplies,2025-01-30,525.2320000000001,625.99,62.0,54.04203139687782,32564.384000000005,33829.77123413154,4664.3840000000055,9510.857105536528
SKU0047,Pet Supplies,2025-01-30,443.1550000000001,437.99,32.10000000000001,32.399579587138625,14225.275500000007,14190.691863370846,2990.2755000000034,2850.839007872328
SKU0048,Pet Supplies,2025-01-30,1106.409,1132.99,50.900000000000006,49.71046097571112,56316.21810000001,56321.455180870944,10506.218100000007,11582.040302730935
SKU0049,Pet Supplies,2025-01-30,2307.0420000000004,2403.49,37.3,35.84192527783504,86052.66660000001,86145.70898602373,18912.66660000001,21630.24348592066
SKU0001,Electronics,2025-01-31,11198.406,10711.99,19.6,20.960047115647924,219488.75760000004,224523.8151023494,62688.75760000002,56843.43817716601
SKU0002,Electronics,2025-01-31,20347.026,23983.99,19.300000000000004,13.850793332859295,392697.6018000001,332197.288787364,45297.60180000004,82883.00879589672
SKU0003,Electronics,2025-01-31,35367.32400000001,39857.99,16.800000000000004,12.347064710928851,594171.0432000003,492129.18177755503,90171.04320000016,121717.24044968949
SKU0004,Electronics,2025-01-31,13699.401000000002,11058.99,10.900000000000002,15.347458365479817,149323.47090000004,169727.38858925764,51223.47090000003,31600.263299939284
SKU0005,Electronics,2025-01-31,6582.772000000001,7899.49,28.300000000000004,21.866402318853616,186292.44760000004,172733.42645376094,16492.447600000025,41535.012540639254
SKU0006,Electronics,2025-01-31,52972.039,50706.49,14.1,16.173901333926523,746905.7498999999,820121.7662497319,154705.74989999997,140817.9102248179
SKU0007,Electronics,2025-01-31,16536.908,14791.49,12.200000000000005,14.751474668938242,201750.27760000006,218196.2900508533,55350.277600000016,41178.59402359441
SKU0008,Groceries,2025-01-31,684.3380000000002,780.99,55.500000000000014,48.12790108853152,37980.75900000002,37587.40947113223,7455.759000000013,11117.063872439898
SKU0009,Groceries,2025-01-31,1027.854,1106.49,60.10000000000001,56.58919468616236,61774.02540000001,62615.37802829179,10689.025400000004,14514.562545053785
SKU0010,Groceries,2025-01-31,590.2690000000001,512.99,60.40000000000001,70.45294243380837,35652.24760000002,36141.65493911936,10284.24760000001,6551.419116919841
SKU0011,Groceries,2025-01-31,583.6000000000001,699.49,70.10000000000001,59.62819563884699,40910.360000000015,41709.32656741708,4458.36000000001,10702.664835216647
SKU0012,Groceries,2025-01-31,438.167,424.99,69.20000000000002,71.34894078271398,30321.156400000007,30322.586343245617,5409.1564,4636.967661468582
SKU0013,Groceries,2025-01-31,407.0700000000001,280.49,44.2,64.03509777129179,17992.494000000006,17961.204573869632,5616.494000000005,31.37719790793356
SKU0014,Apparel,2025-01-31,574.7620000000001,668.99,34.10000000000001,28.5456802023973,19599.384200000008,19096.77459860177,2549.3842000000027,4823.93449740312
SKU0015,Apparel,2025-01-31,1974.8730000000005,2214.99,27.300000000000004,23.704343278488384,53914.03290000002,52504.88331841898,10234.032900000015,14577.934072837566
SKU0016,Apparel,2025-01-31,3182.9630000000006,2901.99,24.500000000000007,27.514337536149903,77982.59350000003,79846.33238653165,24082.593500000025,19314.789807001864
SKU0017,Apparel,2025-01-31,3393.4620000000004,3664.99,28.700000000000003,25.99928654945754,97392.35940000002,95287.12521089638,17032.359400000016,22489.12287241527
SKU0018,Apparel,2025-01-31,2390.3160000000007,2794.99,27.200000000000003,22.361040192328957,65016.595200000025,62498.88372715751,13336.595200000022,20012.90736173249
SKU0019,Apparel,2025-01-31,2165.5900000000006,1913.49,28.300000000000004,32.89151566807131,61286.19700000003,62937.586315697765,18836.19700000002,13600.312813590805
SKU0020,Home & Kitchen,2025-01-31,6055.949000000001,6523.99,23.4,21.11345499961712,141709.20660000003,137743.96928295208,24709.20660000003,32176.694284866488
SKU0021,Home & Kitchen,2025-01-31,4559.956,5301.49,22.000000000000004,17.96798187471561,100319.03200000002,95257.07622898604,16719.032000000007,26978.745105066733
SKU0022,Home & Kitchen,2025-01-31,4618.104000000001,3997.49,19.1,23.060809863996603,88205.78640000003,92185.35682322778,27085.786400000026,18390.765258438645
SKU0023,Home & Kitchen,2025-01-31,7300.971000000001,9481.49,30.700000000000003,20.962040564900057,224139.80970000007,198751.37799569423,24589.809700000045,62498.11432384387
SKU0024,Home & Kitchen,2025-01-31,2314.0530000000003,2426.49,17.700000000000003,16.669195292283817,40958.73810000001,40447.635684773755,9098.738100000008,10443.084158662885
SKU0025,Home & Kitchen,2025-01-31,2041.884,1742.99,20.90000000000001,25.37266995257805,42675.37560000002,44224.310000644015,13415.375600000007,8702.572067034745
SKU0026,Beauty & Personal Care,2025-01-31,1155.4530000000002,1194.99,29.800000000000004,28.910576194540667,34432.49940000001,34547.84944671415,7612.499400000007,8528.330871627551
SKU0027,Beauty & Personal Care,2025-01-31,617.1890000000001,641.99,57.20000000000001,55.23297698026423,35303.21080000001,35459.018891559834,6703.210800000005,7842.530401427719
SKU0028,Beauty & Personal Care,2025-01-31,716.0580000000002,816.99,39.50000000000001,34.60976072198748,28284.291000000012,28275.82841225655,2609.2910000000093,5779.483942964689
SKU0029,Beauty & Personal Care,2025-01-31,2340.8540000000003,2464.99,29.90000000000001,28.387484003387332,69991.53460000003,69974.86419350974,16171.534600000014,18877.392987412535
SKU0030,Beauty & Personal Care,2025-01-31,3003.8450000000003,2682.49,29.200000000000006,32.72388576219468,87712.27400000002,87781.4963182296,23472.274000000012,15788.947641401306
SKU0031,Beauty & Personal Care,2025-01-31,477.912,583.49,44.00000000000001,36.37606438403466,21028.128,21225.069807440384,1228.1279999999992,4855.840834624788
SKU0032,Sports & Fitness,2025-01-31,3540.491000000001,3821.49,30.100000000000005,27.263248944546035,106568.77910000004,104186.23320909322,16268.779100000029,22396.486375455115
SKU0033,Sports & Fitness,2025-01-31,1067.948,1154.49,26.40000000000001,24.0405620652838,28193.82720000001,27754.588498749497,4433.827200000004,6118.082639994075
SKU0034,Sports & Fitness,2025-01-31,1889.951,2419.49,33.00000000000001,24.29146598495045,62368.383000000016,58772.95903592776,2968.383000000001,15048.320263016949
SKU0035,Sports & Fitness,2025-01-31,883.863,865.99,23.4,23.977283535817136,20682.3942,20764.087769182282,4302.394200000001,3979.9892941102867
SKU0036,Sports & Fitness,2025-01-31,3565.7300000000005,3243.99,25.90000000000001,29.223495302782567,92352.40700000005,94800.72652727361,25012.40700000002,18819.63874003894
SKU0037,Sports & Fitness,2025-01-31,626.9140000000002,724.99,43.3,36.53612672930596,27145.376200000006,26488.32651747953,3330.3762000000092,6393.45681636125
SKU0038,Books & Stationery,2025-01-31,517.4710000000001,540.99,56.30000000000001,53.48457789793316,29133.617300000013,28934.62179700286,3798.617300000007,4866.561742932939
SKU0039,Books & Stationery,2025-01-31,381.23300000000006,300.49,51.30000000000001,67.35985789050875,19557.252900000007,20240.963697518975,4167.252900000004,33.0063303663499
SKU0040,Books & Stationery,2025-01-31,493.1280000000001,695.49,46.7,31.260311159528385,23029.077600000008,21741.233808340396,-320.9223999999954,6111.078228576204
SKU0041,Books & Stationery,2025-01-31,295.10900000000004,250.49,38.50000000000001,46.48025803469219,11361.696500000004,11642.839835110048,1736.6965000000018,22.775326436999595
SKU0042,Books & Stationery,2025-01-31,996.774,932.99,60.40000000000001,65.24787961676347,60205.14960000001,60875.61920364415,11885.149600000002,8677.315510233375
SKU0043,Books & Stationery,2025-01-31,743.4660000000001,899.49,42.60000000000001,34.05305787087336,31671.651600000012,30630.38502427188,3981.651600000006,8495.897408204195
SKU0044,Pet Supplies,2025-01-31,1844.905,2060.49,59.7,52.68255373750949,110140.8285,108551.87515060091,14620.8285,24259.789170585733
SKU0045,Pet Supplies,2025-01-31,1409.6020000000003,1343.99,42.400000000000006,44.1492025599041,59767.12480000002,59336.086748485504,13127.124800000016,10771.963932591001
SKU0046,Pet Supplies,2025-01-31,527.7790000000001,626.99,29.300000000000004,25.53868478006769,15463.924700000005,16012.499970254641,2278.9247000000037,4520.091819224181
SKU0047,Pet Supplies,2025-01-31,442.1090000000001,439.99,35.900000000000006,36.03650303097439,15871.713100000006,15855.700968598421,3306.713100000004,3242.9249077573854
SKU0048,Pet Supplies,2025-01-31,1085.8740000000005,1132.49,57.3,54.95510560806135,62220.580200000026,62236.1075500734,10650.580200000028,12776.512502818185
SKU0049,Pet Supplies,2025-01-31,2354.3040000000005,2396.49,51.8,50.918753528071655,121952.94720000002,122026.28364248843,28712.947200000028,30372.52729195945
SKU0001,Electronics,2025-02-01,11319.154000000002,10711.99,14.800000000000002,16.105229616916883,167523.47920000006,172519.05860411748,49123.479200000045,43677.22166878242
SKU0002,Electronics,2025-02-01,20323.94,23983.99,19.40000000000001,13.891782746557263,394284.43600000016,333180.37847560196,45084.435999999994,83128.28903757122
SKU0003,Electronics,2025-02-01,35319.868,38116.99,4.600000000000001,3.660870434682298,162471.39280000006,139541.3617500808,24471.392800000016,29715.248709611857
SKU0004,Electronics,2025-02-01,13725.741000000002,11058.99,11.1,15.66962589695402,152355.7251,173290.23609815552,52455.72510000002,32263.603025569355
SKU0005,Electronics,2025-02-01,6609.104000000001,7899.49,19.6,15.16421831746566,129538.43840000003,119789.5909566368,11938.438400000025,28804.281051842845
SKU0006,Electronics,2025-02-01,52773.82600000001,52946.49,15.000000000000002,14.846859922155115,791607.3900000002,786089.1203997865,161607.39000000013,162521.0036692717
SKU0007,Electronics,2025-02-01,16327.955000000004,14791.49,10.6,12.566128510787026,173076.32300000003,185871.76420602118,45876.32300000003,35078.22207657687
SKU0008,Groceries,2025-02-01,683.5450000000001,780.99,68.60000000000001,59.44441034383016,46891.18700000001,46425.490034427916,9161.187000000005,13731.064345321329
SKU0009,Groceries,2025-02-01,1033.527,1106.49,68.70000000000002,64.98593130343386,71003.30490000002,71906.28312793653,12608.304900000006,16668.24152001775
SKU0010,Groceries,2025-02-01,595.4570000000001,550.49,68.5,74.65476564396411,40788.804500000006,41096.7019393458,12018.804500000007,9741.700368880878
SKU0011,Groceries,2025-02-01,580.5910000000001,699.49,57.80000000000001,48.91234491544271,33558.159800000016,34213.69614490302,3502.1598000000076,8779.276788872812
SKU0012,Groceries,2025-02-01,440.071,446.99,101.40000000000002,99.83451981319436,44623.19940000001,44625.03201129975,8119.199400000004,8684.604878549779
SKU0013,Groceries,2025-02-01,400.25200000000007,280.49,48.30000000000001,68.77291179165854,19332.17160000001,19290.114028442305,5808.171600000004,33.698726777913315
SKU0014,Apparel,2025-02-01,571.874,668.99,39.0,32.47840765601238,22303.086,21727.72993779572,2803.086000000001,5488.526109789533
SKU0015,Apparel,2025-02-01,1963.9500000000005,2214.99,26.9,23.195726288346,52830.25500000001,51378.301771423496,9790.255000000014,14265.1397100699
SKU0016,Apparel,2025-02-01,3195.023,2901.99,27.200000000000003,30.67800820028955,86904.62560000001,89027.27301715827,27064.625600000007,21535.654976521255
SKU0017,Apparel,2025-02-01,3356.907,3664.99,25.100000000000005,22.410501733640157,84258.36570000002,82134.26474877383,13978.365700000006,19384.859894581394
SKU0018,Apparel,2025-02-01,2396.6670000000004,2794.99,26.700000000000003,22.02023955132857,63991.008900000015,61546.34934356783,13261.008900000012,19707.89419604355
SKU0019,Apparel,2025-02-01,2151.9710000000005,1913.49,31.000000000000004,35.74096402312187,66711.10100000002,68389.97724860346,20211.101000000017,14778.531213920662
SKU0020,Home & Kitchen,2025-02-01,6085.932000000001,6523.99,18.000000000000004,16.332265749609363,109546.77600000003,106551.53842779399,19546.776000000016,24890.209679747168
SKU0021,Home & Kitchen,2025-02-01,4534.175000000001,5301.49,22.000000000000004,17.830911141787148,99751.85000000003,94530.39710907314,16151.850000000026,26772.93477028198
SKU0022,Home & Kitchen,2025-02-01,4625.504000000001,3997.49,21.6,26.10748722856557,99910.88640000002,104364.41912131858,30790.88640000002,20820.45998990875
SKU0023,Home & Kitchen,2025-02-01,7298.852000000001,9481.49,18.1,12.227255980208296,132109.22120000003,115932.60530378515,14459.221200000015,36455.44143243123
SKU0024,Home & Kitchen,2025-02-01,2328.1960000000004,2426.49,21.6,20.51027866781144,50289.03360000001,49767.98608465778,11409.033600000008,12849.484482597185
SKU0025,Home & Kitchen,2025-02-01,2004.356,1742.99,15.700000000000005,18.6773458648703,31468.38920000001,32554.427069010286,9488.389200000003,6406.142858191864
SKU0026,Beauty & Personal Care,2025-02-01,1155.428,1194.99,42.900000000000006,41.63147895995896,49567.861200000014,49749.20104236136,10957.861200000007,12280.869978398294
SKU0027,Beauty & Personal Care,2025-02-01,615.7020000000001,641.99,38.900000000000006,37.47040597995654,23950.80780000001,24055.625935072298,4500.807800000005,5320.422945094029
SKU0028,Beauty & Personal Care,2025-02-01,711.9030000000001,816.99,34.800000000000004,30.299033267445715,24774.224400000006,24754.007189170476,2154.224400000005,5059.63556533076
SKU0029,Beauty & Personal Care,2025-02-01,2330.193,2464.99,41.2,38.9568206582199,96003.95160000001,96028.17335430546,21843.95160000001,25905.89616950964
SKU0030,Beauty & Personal Care,2025-02-01,3010.6500000000005,2682.49,34.80000000000001,39.06565889596103,104770.62000000005,104793.2393318265,28210.620000000028,18848.78976071223
SKU0031,Beauty & Personal Care,2025-02-01,481.316,583.49,50.2,41.80723012507073,24162.0632,24394.10070567752,1572.0631999999987,5580.847149395692
SKU0032,Sports & Fitness,2025-02-01,3529.6460000000006,3821.49,19.700000000000003,17.739739307521894,69534.02620000002,67792.23636630183,10434.026200000015,14573.018443736157
SKU0033,Sports & Fitness,2025-02-01,1056.6920000000002,1154.49,29.600000000000005,26.624684000657894,31278.083200000012,30737.931431919533,4638.083200000007,6775.715831327428
SKU0034,Sports & Fitness,2025-02-01,1888.3790000000004,2419.49,28.40000000000001,20.84789175236716,53629.963600000025,50441.26561593482,2509.963600000011,12915.060461673927
SKU0035,Sports & Fitness,2025-02-01,889.8410000000001,865.99,29.40000000000001,30.36027865516141,26161.325400000012,26291.697712583227,5581.325400000005,5039.502653970242
SKU0036,Sports & Fitness,2025-02-01,3533.63,3243.99,34.60000000000001,38.55526022411839,122263.59800000003,125072.87861443781,32303.598000000013,24829.202031729994
SKU0037,Sports & Fitness,2025-02-01,627.7070000000001,724.99,25.5,21.486265682200344,16006.528500000002,15577.327756938428,1981.5285000000026,3759.8816317282385
SKU0038,Books & Stationery,2025-02-01,522.4760000000001,553.99,47.900000000000006,44.75890666486273,25026.600400000007,24795.986703267303,3471.6004000000057,4654.478704079075
SKU0039,Books & Stationery,2025-02-01,378.2180000000001,300.49,52.400000000000006,68.17664395974289,19818.623200000005,20486.399743463142,4098.6232000000045,33.40655554027464
SKU0040,Books & Stationery,2025-02-01,493.7090000000001,695.49,57.00000000000001,38.278928602658524,28141.41300000001,26622.612053862977,-358.5869999999934,7483.147752533715
SKU0041,Books & Stationery,2025-02-01,294.59000000000003,250.49,39.7,47.82609648017964,11695.223000000002,11979.958907320199,1770.2230000000013,23.43478727528846
SKU0042,Books & Stationery,2025-02-01,1005.833,932.99,49.30000000000001,53.83868524583137,49587.56690000001,50230.95494750821,10147.566900000002,7160.006750843115
SKU0043,Books & Stationery,2025-02-01,758.1520000000002,899.49,51.2,41.91793376859104,38817.38240000001,37704.762245509955,5537.382400000009,10458.10529592578
SKU0044,Pet Supplies,2025-02-01,1846.275,2060.49,45.10000000000001,39.80409668965558,83267.00250000002,82015.94318806841,11107.002500000006,18329.38848461949
SKU0045,Pet Supplies,2025-02-01,1412.908,1343.99,59.60000000000001,62.16498289483685,84209.3168,83549.11536083177,18649.316799999997,15167.634176511243
SKU0046,Pet Supplies,2025-02-01,527.133,626.99,51.900000000000006,45.28957772738953,27358.202700000005,28396.11233929596,4003.2027000000026,8015.802361970673
SKU0047,Pet Supplies,2025-02-01,440.936,439.99,44.400000000000006,44.47500052746708,19577.5584,19568.555482080243,4037.5583999999994,4002.305297466763
SKU0048,Pet Supplies,2025-02-01,1104.708,1132.49,40.2,39.21258986772416,44409.261600000005,44407.86589929894,8229.261600000003,9116.535018347191
SKU0049,Pet Supplies,2025-02-01,2336.3790000000004,2396.49,40.5,39.51285108845956,94623.34950000001,94692.15250498246,21723.349500000015,23569.020545755237
SKU0001,Electronics,2025-02-02,11322.331000000002,10711.99,15.500000000000004,16.870274926742702,175496.13050000006,180714.21631251855,51496.13050000004,45752.016898576934
SKU0002,Electronics,2025-02-02,20281.461000000003,23983.99,27.500000000000004,19.72212644706522,557740.1775000001,473015.2834851478,62740.17750000009,118017.00743797385
SKU0003,Electronics,2025-02-02,35639.64600000001,38585.49,6.4,5.111673899021212,228093.73440000007,197236.44211394398,36093.73440000005,43886.225143307616
SKU0004,Electronics,2025-02-02,13491.317,11058.99,5.500000000000001,7.728876830271327,74202.24350000001,85473.5715772023,24702.2435,15913.680104760359
SKU0005,Electronics,2025-02-02,6536.146000000001,7899.49,24.6,18.78668124312302,160789.19160000002,148405.20061323786,13189.191600000016,35685.11315449974
SKU0006,Electronics,2025-02-02,52901.01400000001,51963.99,15.000000000000002,15.864449573497598,793515.2100000002,824380.0989927334,163515.21000000017,158073.2169058343
SKU0007,Electronics,2025-02-02,16432.907,14791.49,16.900000000000002,20.147520745637923,277716.12830000004,298011.8516338959,74916.1283,56241.6026862408
SKU0008,Groceries,2025-02-02,683.6380000000001,780.99,72.70000000000002,63.01428761701845,49700.482600000025,49213.52848601524,9715.482600000012,14555.670296655091
SKU0009,Groceries,2025-02-02,1030.3580000000002,1106.49,63.70000000000001,60.10156080101041,65633.80460000002,66501.77601071,11488.804600000012,15415.44932985116
SKU0010,Groceries,2025-02-02,593.4270000000001,531.49,49.60000000000001,56.000966226861,29433.979200000012,29763.953539914353,8601.979200000009,6243.547724632734
SKU0011,Groceries,2025-02-02,591.0160000000001,699.49,72.80000000000001,62.63330042025818,43025.96480000001,43811.367310966394,5169.964800000006,11242.05109243214
SKU0012,Groceries,2025-02-02,438.048,429.49,61.400000000000006,62.62768831417264,26896.147200000003,26897.965854054008,4792.1472,4351.998060951857
SKU0013,Groceries,2025-02-02,411.076,280.49,51.900000000000006,75.84610574905018,21334.8444,21274.074201551088,6802.844400000002,37.16459181703528
SKU0014,Apparel,2025-02-02,578.0220000000002,668.99,26.500000000000007,22.297345623464057,15317.583000000008,14916.70124864122,2067.5830000000046,3768.0284369091914
SKU0015,Apparel,2025-02-02,1960.3010000000004,2214.99,34.2,29.45935436615595,67042.29420000002,65252.17532749176,12322.294200000015,18117.20834164224
SKU0016,Apparel,2025-02-02,3165.9040000000005,2901.99,22.800000000000004,25.44103518110893,72182.61120000003,73829.6296852263,22022.611200000014,17859.352286786652
SKU0017,Apparel,2025-02-02,3397.7960000000003,3664.99,31.500000000000004,28.59141469227388,107030.57400000002,104787.24893303684,18830.57400000001,24731.287794669977
SKU0018,Apparel,2025-02-02,2428.0160000000005,2794.99,34.800000000000004,29.220806655320317,84494.95680000003,81671.86239355373,18374.95680000002,26152.329748445125
SKU0019,Apparel,2025-02-02,2152.4950000000003,1913.49,27.500000000000007,31.73179368482516,59193.612500000025,60718.469897976094,17943.612500000014,13120.779370738355
SKU0020,Home & Kitchen,2025-02-02,6032.003000000001,6523.99,18.800000000000004,16.850801374008864,113401.65640000004,109934.45965602009,19401.656400000014,25680.452785975765
SKU0021,Home & Kitchen,2025-02-02,4566.021000000001,5301.49,22.700000000000003,18.57852815055434,103648.67670000003,98493.88120488233,17388.676700000018,27895.474232775832
SKU0022,Home & Kitchen,2025-02-02,4603.012000000001,3997.49,18.5,22.24754027276184,85155.72200000001,88934.31976496271,25955.722000000012,17742.190892124832
SKU0023,Home & Kitchen,2025-02-02,7212.688000000002,9481.49,24.700000000000003,16.503580525269854,178153.39360000007,156478.53371454086,17603.39360000005,49205.26030028681
SKU0024,Home & Kitchen,2025-02-02,2305.9810000000007,2426.49,12.1,11.326303481205487,27902.370100000007,27483.162134110302,6122.370100000008,7095.815867940423
SKU0025,Home & Kitchen,2025-02-02,2001.741,1742.99,27.40000000000001,32.4120116626183,54847.70340000002,56493.81220782707,16487.703400000006,11116.99588016145
SKU0026,Beauty & Personal Care,2025-02-02,1146.103,1194.99,41.2,39.69240834344216,47219.443600000006,47432.03104632995,10139.443600000004,11708.863537232004
SKU0027,Beauty & Personal Care,2025-02-02,624.1370000000002,641.99,26.40000000000001,25.733842905277253,16477.21680000001,16520.869806758943,3277.2168000000056,3653.9483541203176
SKU0028,Beauty & Personal Care,2025-02-02,704.8710000000001,816.99,42.50000000000001,36.66435097393692,29957.01750000001,29954.408102196725,2332.0175000000045,6122.579969137726
SKU0029,Beauty & Personal Care,2025-02-02,2331.6580000000004,2464.99,40.50000000000001,38.31802376613649,94432.14900000003,94453.54540328878,21532.14900000002,25481.102624243096
SKU0030,Beauty & Personal Care,2025-02-02,3006.7070000000003,2682.49,34.400000000000006,38.567385342773335,103430.72080000002,103456.62550813603,27750.720800000017,18608.377754034696
SKU0031,Beauty & Personal Care,2025-02-02,482.2390000000001,583.49,42.00000000000001,35.0154865992485,20254.038000000008,20431.186275795506,1354.038000000004,4674.2173061336825
SKU0032,Sports & Fitness,2025-02-02,3557.7110000000007,3821.49,6.000000000000001,5.4002737570875405,21346.266000000007,20637.092159972464,3346.2660000000046,4436.270888709842
SKU0033,Sports & Fitness,2025-02-02,1067.944,1154.49,29.100000000000005,26.50794364509238,31077.170400000003,30603.1558588227,4887.1704,6746.0065782395595
SKU0034,Sports & Fitness,2025-02-02,1865.138,2419.49,31.500000000000007,22.795965457502597,58751.84700000001,55154.61046477295,2051.846999999998,14121.872641268279
SKU0035,Sports & Fitness,2025-02-02,884.4270000000001,865.99,22.6,23.176002664852263,19988.050200000005,20070.18654773541,4168.050200000003,3846.9846823388275
SKU0036,Sports & Fitness,2025-02-02,3581.7490000000007,3243.99,35.300000000000004,40.01069969814811,126435.73970000003,129794.30971379548,34655.73970000003,25766.49049861039
SKU0037,Sports & Fitness,2025-02-02,625.9960000000001,724.99,16.3,13.634115513987869,10203.734800000002,9884.597406486066,1238.7348000000015,2385.8338737927374
SKU0038,Books & Stationery,2025-02-02,520.8600000000001,548.49,55.400000000000006,52.19039054859664,28855.64400000001,28625.90731199977,3925.6440000000075,5140.231565131284
SKU0039,Books & Stationery,2025-02-02,379.19200000000006,300.49,56.2,73.31414089560408,21310.590400000005,22030.16619772007,4450.590400000004,35.923929038846666
SKU0040,Books & Stationery,2025-02-02,492.1520000000001,695.49,57.00000000000001,38.13810930870734,28052.664000000008,26524.67364311287,-447.3359999999943,7455.618988759199
SKU0041,Books & Stationery,2025-02-02,294.504,250.49,40.3,48.52965074601261,11868.5112,12156.192215368697,1793.5112000000006,23.77952886554662
SKU0042,Books & Stationery,2025-02-02,1004.1120000000002,932.99,51.60000000000001,56.23347283065084,51812.17920000002,52465.267816268926,10532.179200000011,7478.4895517482555
SKU0043,Books & Stationery,2025-02-02,750.2010000000001,899.49,49.400000000000006,39.940696652952624,37059.92940000001,35926.257232364354,4949.929400000007,9964.80440794515
SKU0044,Pet Supplies,2025-02-02,1857.173,2060.49,47.20000000000001,41.9428794793891,87658.56560000002,86422.88373848643,12138.565600000004,19314.276571463877
SKU0045,Pet Supplies,2025-02-02,1419.8390000000002,1343.99,44.8,46.9326062285237,63608.787200000006,63076.953445073574,14328.787200000006,11451.086593697499
SKU0046,Pet Supplies,2025-02-02,528.1500000000001,626.99,51.60000000000001,45.095369700910965,27252.540000000008,28274.345848774166,4032.5400000000054,7981.429483364232
SKU0047,Pet Supplies,2025-02-02,435.26700000000005,439.99,52.60000000000001,52.15726562338765,22895.044200000008,22948.675301634332,4485.044200000004,4693.632333448655
SKU0048,Pet Supplies,2025-02-02,1084.534,1132.49,41.50000000000001,39.741438575915545,45008.161000000015,45006.78177283859,7658.1610000000055,9239.487054514606
SKU0049,Pet Supplies,2025-02-02,2355.8670000000006,2396.49,38.5,37.86517097590424,90700.87950000002,90743.50359204476,21400.879500000025,22586.195835417115
SKU0001,Electronics,2025-02-03,11044.323,10711.99,14.800000000000002,15.5105033800781,163455.98040000003,166148.35710236282,45055.980400000015,42064.330061738
SKU0002,Electronics,2025-02-03,20448.884000000005,23983.99,21.700000000000003,15.764915718645655,443740.78280000016,378105.58094684023,53140.782800000125,94337.09801121843
SKU0003,Electronics,2025-02-03,35435.276,35085.99,1.8000000000000005,1.8676074024881224,63783.496800000015,65526.85464762423,9783.496799999999,9498.632572980561
SKU0004,Electronics,2025-02-03,13749.467000000002,11058.99,0.8000000000000002,1.4861388549693353,10999.573600000003,16435.19473571733,3799.5736000000024,3059.9450409933115
SKU0005,Electronics,2025-02-03,6573.714000000001,7899.49,20.300000000000004,15.591924476669366,133446.39420000004,123168.25148420488,11646.394200000019,29616.70462418869
SKU0006,Electronics,2025-02-03,52506.683000000005,52691.49,15.900000000000004,15.726073892395132,834856.2597000003,828630.2652403992,167056.2597000001,168135.1617598036
SKU0007,Electronics,2025-02-03,16583.850000000002,14791.49,15.6,18.89783095260406,258708.06000000003,279527.07755713345,71508.06000000003,52753.106125884704
SKU0008,Groceries,2025-02-03,685.0230000000001,780.99,59.7,51.835794585523466,40895.87310000001,40483.23721334797,8060.873100000009,11973.550191310065
SKU0009,Groceries,2025-02-03,1030.6260000000002,1106.49,59.50000000000001,56.147082163135984,61322.24700000002,62126.184942688335,10747.247000000014,14401.16510402275
SKU0010,Groceries,2025-02-03,595.2590000000001,507.49,52.900000000000006,63.039739627882994,31489.20110000001,31992.037463754343,9271.201100000008,5515.346820043484
SKU0011,Groceries,2025-02-03,592.4570000000001,699.49,64.80000000000001,55.85702489640624,38391.21360000002,39071.4303447872,4695.213600000008,10025.777398655957
SKU0012,Groceries,2025-02-03,441.9500000000001,417.49,77.30000000000001,81.82839202106432,34162.735000000015,34162.53538487414,6334.735000000009,4704.314257290988
SKU0013,Groceries,2025-02-03,404.69,280.49,52.60000000000001,75.68054230709224,21286.694000000003,21227.6353117163,6558.694000000001,37.083465730475886
SKU0014,Apparel,2025-02-03,574.9460000000001,668.99,41.7,34.95609066935041,23975.24820000001,23385.27509688873,3125.248200000006,5907.229762213526
SKU0015,Apparel,2025-02-03,1960.676,2214.99,30.1,25.91762827470659,59016.3476,57407.287452192344,10856.3476,15939.0822126618
SKU0016,Apparel,2025-02-03,3189.023,2901.99,28.300000000000004,31.83896269308883,90249.35090000002,92396.35134571684,27989.35090000001,22350.633420921422
SKU0017,Apparel,2025-02-03,3366.5350000000008,3664.99,27.700000000000003,24.834057163943545,93253.01950000002,91016.57116528145,15693.019500000022,21481.21110623952
SKU0018,Apparel,2025-02-03,2408.469,2794.99,35.10000000000001,29.179010256481792,84537.26190000003,81555.04187676404,17847.261900000005,26114.92238944863
SKU0019,Apparel,2025-02-03,2147.1360000000004,1913.49,26.800000000000004,30.834373260765396,57543.24480000002,59001.26489074198,17343.244800000015,12749.704999593883
SKU0020,Home & Kitchen,2025-02-03,6092.006000000001,6523.99,23.6,21.47033023502744,143771.34160000004,140072.21975001667,25771.34160000003,32720.568574879464
SKU0021,Home & Kitchen,2025-02-03,4631.593000000001,5301.49,24.200000000000003,20.200860411584845,112084.55060000003,107094.65946341293,20124.55060000002,30331.389899390524
SKU0022,Home & Kitchen,2025-02-03,4617.729,3997.49,15.1,18.27063853673165,69727.70790000001,73036.6948441994,21407.707900000005,14570.65152665812
SKU0023,Home & Kitchen,2025-02-03,7215.440000000001,9481.49,23.200000000000003,15.490802732474611,167398.20800000004,146875.8911999307,16598.208000000035,46185.673438845726
SKU0024,Home & Kitchen,2025-02-03,2322.34,2426.49,21.0,19.876283613204148,48769.14,48229.60342460373,10969.140000000003,12452.292920836262
SKU0025,Home & Kitchen,2025-02-03,2006.476,1742.99,19.500000000000004,23.18482848906674,39126.28200000001,40410.92420815844,11826.282000000005,7952.164323465001
SKU0026,Beauty & Personal Care,2025-02-03,1162.3680000000002,1194.99,38.2,37.26634501317393,44402.45760000001,44532.90962729272,10022.457600000007,10993.199115436179
SKU0027,Beauty & Personal Care,2025-02-03,619.8620000000001,641.99,42.20000000000001,40.89765342378463,26158.17640000001,26255.884521535496,5058.176400000005,5807.05780964318
SKU0028,Beauty & Personal Care,2025-02-03,702.653,816.99,35.800000000000004,30.765339821054276,25154.977400000003,25134.974980403134,1884.977400000001,5137.504096717854
SKU0029,Beauty & Personal Care,2025-02-03,2333.784000000001,2464.99,41.8,39.58558258600507,97552.17120000004,97578.06521867662,22312.17120000004,26324.016563867503
SKU0030,Beauty & Personal Care,2025-02-03,3016.246,2682.49,39.3,44.18361513413339,118538.4678,118522.10576116147,32078.467800000002,21318.15246606801
SKU0031,Beauty & Personal Care,2025-02-03,482.2170000000001,583.49,46.10000000000001,38.44784790215253,22230.20370000001,22433.934772426983,1485.2037000000048,5132.403216458341
SKU0032,Sports & Fitness,2025-02-03,3561.5790000000006,3821.49,1.8000000000000005,1.5635956308166348,6410.842200000003,5975.265067209461,1010.8422000000014,1284.4781747595569
SKU0033,Sports & Fitness,2025-02-03,1059.46,1154.49,35.00000000000001,31.59802546374561,37081.100000000006,36479.60441763967,5581.100000000002,8041.381500268621
SKU0034,Sports & Fitness,2025-02-03,1882.413,2419.49,28.500000000000007,20.839268160691216,53648.77050000001,50420.400922110784,2348.770500000001,12909.718232866597
SKU0035,Sports & Fitness,2025-02-03,884.3560000000001,865.99,20.800000000000004,21.330018156252663,18394.604800000005,18471.582423133244,3834.6048000000033,3540.5697137563798
SKU0036,Sports & Fitness,2025-02-03,3566.5620000000004,3243.99,26.800000000000004,30.24366876679418,95583.86160000002,98110.15904279264,25903.861600000015,19476.620249127776
SKU0037,Sports & Fitness,2025-02-03,627.7330000000002,724.99,26.6,22.420763480387382,16697.697800000005,16254.829315646048,2067.697800000005,3923.409401432988
SKU0038,Books & Stationery,2025-02-03,527.0660000000001,539.49,49.3,47.98895519503233,25984.353800000004,25889.56143816799,3799.3538000000067,4294.531600403444
SKU0039,Books & Stationery,2025-02-03,378.83600000000007,300.49,43.400000000000006,56.62345123559623,16441.482400000004,17014.78086178431,3421.4824000000035,27.745491105442667
SKU0040,Books & Stationery,2025-02-03,492.7550000000001,695.49,73.50000000000001,49.34226895817398,36217.492500000015,34317.05463772042,-532.5074999999921,9645.920158633433
SKU0041,Books & Stationery,2025-02-03,293.482,250.49,47.900000000000006,57.415603577636574,14057.787800000004,14382.034540162185,2082.7878000000014,28.133645753042444
SKU0042,Books & Stationery,2025-02-03,994.61,932.99,43.7,47.10901085657765,43464.457,43952.23603907838,8504.457,6265.027353816262
SKU0043,Books & Stationery,2025-02-03,755.5320000000002,899.49,48.3,39.37322549681279,36492.19560000001,35415.82260212814,5097.195600000007,9823.226029199825
SKU0044,Pet Supplies,2025-02-03,1851.5020000000004,2060.49,41.7,36.91364725814727,77207.63340000002,76060.20103893986,10487.633400000017,16998.36542590423
SKU0045,Pet Supplies,2025-02-03,1411.0940000000005,1343.99,36.400000000000006,37.94151379474459,51363.821600000025,50993.015124998776,11323.82160000002,9257.349950779731
SKU0046,Pet Supplies,2025-02-03,527.436,626.99,36.10000000000001,31.47831276857586,19040.439600000005,19736.58732276938,2795.439600000002,5571.346576910242
SKU0047,Pet Supplies,2025-02-03,441.491,439.99,43.10000000000001,43.21557767541973,19028.262100000004,19014.42202140793,3943.2621000000004,3888.969835011022
SKU0048,Pet Supplies,2025-02-03,1091.967,1132.49,40.8,39.33859467470836,44552.253600000004,44550.56508316047,7832.253600000004,9145.829875922947
SKU0049,Pet Supplies,2025-02-03,2329.9200000000005,2396.49,35.50000000000001,34.53842545109857,82712.16000000003,82770.9912093032,18812.16000000002,20601.825397325778
SKU0001,Electronics,2025-02-04,11282.855000000003,10711.99,15.200000000000005,16.457357660101895,171499.3960000001,176291.0506814349,49899.396000000066,44632.18940061973
SKU0002,Electronics,2025-02-04,20379.348000000005,23983.99,17.800000000000004,12.794999051370285,362752.39440000016,306875.1292980744,42352.39440000011,76565.1463734093
SKU0003,Electronics,2025-02-04,35573.383,36204.99,0.0,0.0,0.0,0.0,0.0,0.0
SKU0004,Electronics,2025-02-04,13770.543,10241.49,0.0,0.5513222841091898,0.0,5646.361659481427,0.0,684.461102498718
SKU0005,Electronics,2025-02-04,6549.108000000001,7899.49,23.300000000000004,17.832548278155745,152594.21640000006,140868.0367978085,12794.216400000028,33872.74712887405
SKU0006,Electronics,2025-02-04,52652.15100000001,52892.99,22.4,22.08767806008952,1179408.1824000003,1168283.3347555343,238608.18240000025,240600.8562317745
SKU0007,Electronics,2025-02-04,16522.24,14791.49,12.900000000000002,15.563477503603604,213136.89600000007,230207.02185977765,58336.89600000003,43445.29181653442
SKU0008,Groceries,2025-02-04,681.094,780.99,54.60000000000001,47.10285310064653,37187.73240000001,36786.85724307393,7157.7324000000035,10880.288037718341
SKU0009,Groceries,2025-02-04,1038.061,1106.49,48.70000000000001,46.2172777401868,50553.570700000004,51138.9556467393,9158.570699999998,11854.269567580513
SKU0010,Groceries,2025-02-04,589.9010000000001,490.99,69.4,84.84170525983617,40939.129400000005,41656.42886552696,11791.129400000005,6022.912656395771
SKU0011,Groceries,2025-02-04,593.1300000000001,699.49,68.20000000000002,58.85466063440866,40451.466000000015,41168.24656716251,4987.4660000000085,10563.82303727001
SKU0012,Groceries,2025-02-04,437.8520000000001,402.99,52.3,56.85051770857683,22899.659600000003,22910.19013137938,4071.6596000000045,2444.0037562917187
SKU0013,Groceries,2025-02-04,409.874,280.49,53.10000000000001,77.36469714921408,21764.309400000006,21700.02390338306,6896.309400000002,37.9087016031156
SKU0014,Apparel,2025-02-04,580.2410000000001,668.99,32.10000000000001,27.163701717460636,18625.73610000001,18172.244811963992,2575.7361000000037,4590.3939532336735
SKU0015,Apparel,2025-02-04,1975.2690000000005,2214.99,31.800000000000004,27.639394784907648,62813.55420000002,61220.983054622586,11933.554200000017,16997.951398770347
SKU0016,Apparel,2025-02-04,3197.072,2901.99,23.800000000000004,26.880275310504736,76090.31360000002,78006.29014833164,23730.31360000001,18869.684465221213
SKU0017,Apparel,2025-02-04,3337.092000000001,3664.99,29.800000000000004,26.424361870637384,99445.34160000004,96845.0220122673,16005.341600000032,22856.808774482626
SKU0018,Apparel,2025-02-04,2428.818,2794.99,33.00000000000001,27.7127357654986,80150.99400000002,77456.81933721092,17450.99400000001,24802.621382763587
SKU0019,Apparel,2025-02-04,2141.3120000000004,1913.49,23.40000000000001,26.85183375927717,50106.70080000003,51380.71538003927,15006.700800000015,11102.964741123516
SKU0020,Home & Kitchen,2025-02-04,6135.136,6523.99,20.6,18.91488111305204,126383.80160000002,123400.49523274037,23383.80160000001,28826.089667480173
SKU0021,Home & Kitchen,2025-02-04,4557.192000000001,5301.49,29.300000000000004,23.96888103674099,133525.72560000003,127070.78312747198,22185.72560000003,35989.03518785622
SKU0022,Home & Kitchen,2025-02-04,4637.863000000001,3997.49,16.0,19.45851288821688,74205.80800000002,77785.21068551809,23005.80800000002,15517.969443224076
SKU0023,Home & Kitchen,2025-02-04,7218.924000000001,9481.49,27.200000000000006,18.229586819717017,196354.73280000006,172843.6451352787,19554.732800000027,54351.33080711809
SKU0024,Home & Kitchen,2025-02-04,2343.3610000000003,2426.49,22.000000000000004,21.06150454005142,51553.94200000002,51105.530151389365,11953.94200000001,13194.82197929681
SKU0025,Home & Kitchen,2025-02-04,2008.406,1742.99,19.40000000000001,23.094039074884783,38963.07640000002,40252.67916713343,11803.076400000005,7921.024462294732
SKU0026,Beauty & Personal Care,2025-02-04,1162.7190000000005,1194.99,38.3,37.37405240072827,44532.137700000014,44661.61887834627,10062.13770000002,11024.971717690833
SKU0027,Beauty & Personal Care,2025-02-04,620.652,641.99,45.10000000000001,43.7599503075543,27991.40520000001,28093.450497946786,5441.405200000003,6213.475344169635
SKU0028,Beauty & Personal Care,2025-02-04,707.0430000000001,816.99,39.00000000000001,33.738015734374606,27574.67700000001,27563.62147482671,2224.677000000005,5633.911247483215
SKU0029,Beauty & Personal Care,2025-02-04,2319.7730000000006,2464.99,46.400000000000006,43.68547310959707,107637.46720000004,107684.25436042566,24117.467200000032,29050.402763150945
SKU0030,Beauty & Personal Care,2025-02-04,3030.6200000000003,2682.49,33.7,38.08583421625663,102131.89400000001,102164.86942676624,27991.894000000015,18376.03415100165
SKU0031,Beauty & Personal Care,2025-02-04,483.82900000000006,583.49,55.10000000000001,46.13168672914724,26658.97790000001,26917.377889590123,1863.977900000004,6158.118861473866
SKU0032,Sports & Fitness,2025-02-04,3574.4930000000004,3719.49,0.0,0.0,0.0,0.0,0.0,0.0
SKU0033,Sports & Fitness,2025-02-04,1066.437,1154.49,34.900000000000006,31.754983640509263,37218.651300000005,36660.811063131536,5808.651299999998,8081.325786673203
SKU0034,Sports & Fitness,2025-02-04,1871.0930000000003,2419.49,43.50000000000001,31.70681659887796,81392.54550000002,76714.32569281923,3092.545500000014,19642.0558148389
SKU0035,Sports & Fitness,2025-02-04,886.5990000000002,865.99,27.1,27.86676757971206,24026.832900000005,24132.342056354846,5056.832900000005,4625.604750556406
SKU0036,Sports & Fitness,2025-02-04,3548.0420000000004,3243.99,21.4,24.013811738385407,75928.0988,77900.56514120488,20288.098800000007,15464.654621402813
SKU0037,Sports & Fitness,2025-02-04,624.7070000000001,724.99,30.700000000000003,25.752190235386223,19178.504900000004,18670.08039875266,2293.5049000000035,4506.375769290235
SKU0038,Books & Stationery,2025-02-04,523.0010000000001,518.49,49.20000000000001,49.69535049087538,25731.64920000001,25766.542276013974,3591.6492000000053,3403.634555120055
SKU0039,Books & Stationery,2025-02-04,379.263,300.49,48.400000000000006,63.19392044401536,18356.3292,18989.141154222176,3836.329199999999,30.9650210175681
SKU0040,Books & Stationery,2025-02-04,494.68000000000006,695.49,64.50000000000001,43.457311622187945,31906.86000000001,30224.125660115493,-343.13999999999595,8495.469849021521
SKU0041,Books & Stationery,2025-02-04,292.38400000000007,250.49,46.30000000000001,55.26694227727052,13537.379200000007,13843.816371033494,1962.3792000000037,27.08080171586306
SKU0042,Books & Stationery,2025-02-04,1013.5590000000002,932.99,31.200000000000006,34.415546079878894,31623.040800000013,32109.36033706621,6663.040800000008,4576.923473163094
SKU0043,Books & Stationery,2025-02-04,751.8530000000002,899.49,62.10000000000001,50.38638694658711,46690.07130000002,45322.05119458564,6325.071300000012,12570.899679304019
SKU0044,Pet Supplies,2025-02-04,1849.4010000000003,2060.49,57.60000000000001,50.96574611779858,106525.49760000003,105014.41021826278,14365.497600000019,23469.216429785058
SKU0045,Pet Supplies,2025-02-04,1405.5330000000004,1343.99,41.5,43.10710071633517,58329.619500000015,57935.512291747305,12679.619500000015,10517.701503778619
SKU0046,Pet Supplies,2025-02-04,524.769,626.99,43.50000000000001,37.80482768996306,22827.451500000003,23703.248913329942,3252.4515000000006,6691.0764528465625
SKU0047,Pet Supplies,2025-02-04,436.465,439.99,39.50000000000001,39.25040364126458,17240.367500000004,17269.785098120003,3415.3675,3532.1438236774
SKU0048,Pet Supplies,2025-02-04,1094.946,1132.49,39.400000000000006,38.091416023503136,43140.8724,43138.147732457066,7680.8723999999975,8855.873311304244
SKU0049,Pet Supplies,2025-02-04,2355.3660000000004,2396.49,45.900000000000006,45.13694074929769,108111.29940000003,108170.22713628442,25491.29940000002,26923.733787548572
SKU0001,Electronics,2025-02-05,11308.904000000002,10568.49,15.800000000000002,17.520266902637054,178680.68320000006,185162.76555785068,52280.68320000004,45000.63033675424
SKU0002,Electronics,2025-02-05,21435.332,25006.99,19.200000000000003,14.07083624616437,411558.37440000003,351869.26129947,65958.37439999999,98594.20886851131
SKU0003,Electronics,2025-02-05,37771.75600000001,40342.49,13.200000000000005,11.117561445076705,498587.1792000003,448510.1114223925,102587.17920000014,114983.26807009135
SKU0004,Electronics,2025-02-05,13674.410000000003,11204.49,7.800000000000001,10.824730262701936,106660.39800000003,121285.58198114121,36460.39800000003,23863.009616823787
SKU0005,Electronics,2025-02-05,6734.691000000001,8250.99,16.800000000000004,12.505650131487226,113142.80880000004,103183.99417839978,12342.808800000015,28150.093389476428
SKU0006,Electronics,2025-02-05,52358.01700000001,52024.49,22.40000000000001,22.844451635532508,1172819.5808000006,1188470.9456682445,232019.58080000026,229003.97697587922
SKU0007,Electronics,2025-02-05,16633.929000000004,14956.99,13.300000000000002,15.922033533053696,221231.2557000001,238145.6963335488,61631.25570000006,47081.29393690445
SKU0008,Groceries,2025-02-05,658.1100000000001,801.99,56.20000000000001,45.40016336938207,36985.782000000014,36410.47702061073,6075.782000000008,11440.387167450588
SKU0009,Groceries,2025-02-05,1020.5080000000004,1108.99,58.70000000000001,54.845334770178034,59903.81960000003,60822.92780677974,10008.819600000024,14204.39325212841
SKU0010,Groceries,2025-02-05,610.0320000000002,460.49,51.400000000000006,70.00606336573458,31355.644800000013,32237.092119287117,9767.64480000001,2834.5455056785936
SKU0011,Groceries,2025-02-05,562.9970000000001,673.49,62.40000000000001,53.15495595410387,35131.01280000001,35799.33128552941,2683.012800000005,8158.754189395403
SKU0012,Groceries,2025-02-05,460.4000000000001,377.99,60.20000000000001,73.35802775078767,27716.08000000001,27728.60090952023,6044.080000000006,1319.7109192366709
SKU0013,Groceries,2025-02-05,405.6710000000001,280.49,49.900000000000006,71.99041807402381,20242.982900000006,20192.59236558294,6270.982900000006,35.27530485627232
SKU0014,Apparel,2025-02-05,613.9330000000001,606.49,26.100000000000005,26.477680715934905,16023.651300000005,16058.448577407362,2973.651300000003,2819.608219439908
SKU0015,Apparel,2025-02-05,1884.449,2120.99,40.10000000000001,34.729593987098454,75566.40490000002,73661.12155069594,11406.404900000005,18093.771171338416
SKU0016,Apparel,2025-02-05,3120.0020000000004,2890.99,27.800000000000004,30.58053470169641,86736.05560000002,88408.0200172573,25576.055600000014,21130.843673525196
SKU0017,Apparel,2025-02-05,3489.4240000000004,3771.49,24.100000000000005,21.79613596378354,84095.11840000002,82203.90882604998,16615.118400000014,21174.728127456066
SKU0018,Apparel,2025-02-05,2277.5850000000005,2688.99,33.900000000000006,27.57769349037183,77210.13150000003,74156.14201867493,12800.13150000002,21758.524386968464
SKU0019,Apparel,2025-02-05,1981.668,1915.49,27.800000000000004,28.97387915345414,55090.37040000001,55499.17577964987,13390.3704,12038.357049468661
SKU0020,Home & Kitchen,2025-02-05,6344.338000000001,6650.99,20.700000000000003,19.387500331717916,131327.79660000003,128946.07083125254,27827.796600000016,32008.56917266296
SKU0021,Home & Kitchen,2025-02-05,4151.343000000001,5287.49,28.90000000000001,20.942177041384877,119973.81270000005,110731.55168455212,10153.812700000026,31151.278927289586
SKU0022,Home & Kitchen,2025-02-05,4579.889000000001,4016.49,16.1,19.13938022853264,73736.21290000003,76873.12929409907,22216.212900000017,15627.112562794611
SKU0023,Home & Kitchen,2025-02-05,7696.693000000001,9430.99,18.0,13.282891048830551,138540.47400000002,125270.81265261045,21540.47400000002,38932.02083521186
SKU0024,Home & Kitchen,2025-02-05,2194.0560000000005,2450.99,27.800000000000004,24.22999276814997,60994.756800000025,59387.469974807886,10954.756800000016,15773.482992137944
SKU0025,Home & Kitchen,2025-02-05,1847.7940000000003,1810.49,10.7,10.983566105138586,19771.395800000002,19885.63659769236,4791.395800000003,4508.644050498338
SKU0026,Beauty & Personal Care,2025-02-05,1132.7120000000002,1193.99,44.80000000000001,42.74595160194038,50745.497600000024,51038.23875320079,10425.497600000012,12566.882311454452
SKU0027,Beauty & Personal Care,2025-02-05,614.1490000000001,648.99,44.900000000000006,42.74204390697084,27575.29010000001,27739.15907518501,5125.290100000006,6368.137121699586
SKU0028,Beauty & Personal Care,2025-02-05,679.9160000000002,865.99,52.60000000000001,41.329512023768096,35763.58160000001,35790.94411746293,1573.581600000009,8926.761302013672
SKU0029,Beauty & Personal Care,2025-02-05,2320.344,2328.49,38.900000000000006,38.7644192497323,90261.38160000002,90262.56257880916,20241.381600000004,20486.607929291014
SKU0030,Beauty & Personal Care,2025-02-05,2946.9400000000005,2684.99,40.3,44.22557289009353,118761.68200000002,118745.22095417223,30101.68200000002,21448.96059596645
SKU0031,Beauty & Personal Care,2025-02-05,488.11300000000006,576.99,32.6,27.7590682761044,15912.483800000002,16016.704804629479,1242.4838000000018,3525.124080382498
SKU0032,Sports & Fitness,2025-02-05,3542.5250000000005,3920.99,15.6,13.618484764619204,55263.39000000001,53397.94257722425,8463.390000000009,12542.488283366638
SKU0033,Sports & Fitness,2025-02-05,1117.4810000000002,1194.49,28.700000000000003,26.498480537388,32071.70470000001,31652.170017104596,6241.704700000007,7803.537533455393
SKU0034,Sports & Fitness,2025-02-05,1815.806,2447.49,31.300000000000004,21.588710296209904,56834.72780000001,52838.152562870775,494.7278000000013,13978.474029692945
SKU0035,Sports & Fitness,2025-02-05,873.5990000000002,850.49,22.800000000000004,23.54164863381682,19918.057200000007,20021.936746574866,3958.0572000000043,3542.7827029030937
SKU0036,Sports & Fitness,2025-02-05,3234.5850000000005,3311.49,29.500000000000004,28.62979850698545,95420.25750000002,94807.29145789724,18720.257500000018,20369.81533973507
SKU0037,Sports & Fitness,2025-02-05,593.8890000000001,708.49,34.2,27.78724200982835,20311.003800000006,19686.983091543287,1501.0038000000043,4403.9999861376955
SKU0038,Books & Stationery,2025-02-05,552.9240000000001,496.49,56.20000000000001,63.62398501846958,31074.32880000001,31588.672321819962,5784.328800000007,2957.8790635086516
SKU0039,Books & Stationery,2025-02-05,344.8040000000001,300.49,53.00000000000001,62.03835459170554,18274.61200000001,18641.9051712616,2374.612000000005,30.398793749936278
SKU0040,Books & Stationery,2025-02-05,492.6070000000001,643.99,67.00000000000001,49.13582175170775,33004.669000000016,31642.977849882274,-495.33099999999445,7075.066974028399
SKU0041,Books & Stationery,2025-02-05,305.382,250.49,48.10000000000001,60.3317495379879,14688.874200000002,15112.499941770591,2663.8742000000007,29.562557273614622
SKU0042,Books & Stationery,2025-02-05,926.7240000000002,948.99,50.500000000000014,49.11391162154293,46799.56200000002,46608.610989728026,6399.56200000001,7317.481692493682
SKU0043,Books & Stationery,2025-02-05,673.767,868.99,51.30000000000001,38.0792173443076,34564.24710000001,33090.45908002986,1219.247100000003,8338.967806229923
SKU0044,Pet Supplies,2025-02-05,1933.5160000000003,2013.49,46.80000000000001,44.69416638344594,90488.54880000003,89991.25707140456,15608.548800000019,18480.59085789106
SKU0045,Pet Supplies,2025-02-05,1391.436,1381.99,46.8,47.0706862173783,65119.20479999999,65051.21764555464,13639.204799999996,13273.462806438509
SKU0046,Pet Supplies,2025-02-05,535.397,607.99,60.20000000000001,54.495941825160514,32230.89940000001,33132.98767027934,5140.899400000004,8609.81384895711
SKU0047,Pet Supplies,2025-02-05,417.19700000000006,439.99,36.10000000000001,34.61397501275524,15060.811700000006,15229.802865862179,2425.811700000003,3114.9116113978444
SKU0048,Pet Supplies,2025-02-05,1040.172,1119.49,46.10000000000001,42.83808644409857,47951.92920000001,47956.80939330391,6461.929200000002,9402.531593615196
SKU0049,Pet Supplies,2025-02-05,2204.277,2352.99,45.60000000000001,42.80417246675733,100515.03120000003,100717.78977255532,18435.031200000005,23670.279332392125
SKU0001,Electronics,2025-02-06,11324.389,10543.49,22.500000000000004,25.046068307033472,254798.75250000003,264072.97073452437,74798.75249999999,63704.42427825656
SKU0002,Electronics,2025-02-06,21809.69000000001,25374.99,14.500000000000004,10.623864396085814,316240.50500000024,269580.4528120336,55240.50500000015,78350.89368248894
SKU0003,Electronics,2025-02-06,37910.77900000001,40064.99,19.200000000000003,16.682395243284056,727886.9568000003,668379.9985982232,151886.95680000022,167908.14129970156
SKU0004,Electronics,2025-02-06,13713.758000000002,11242.99,11.700000000000005,16.051149117954512,160450.96860000008,180462.9090216714,55150.968600000044,36002.56696008079
SKU0005,Electronics,2025-02-06,7047.174000000001,8391.99,25.800000000000004,20.13516665931762,181817.08920000005,168974.11725332687,27017.089200000028,48163.117297421144
SKU0006,Electronics,2025-02-06,52575.53400000001,52738.99,24.800000000000004,24.565273911274133,1303873.2432000004,1295547.7351539473,262273.2432000002,263806.23088043375
SKU0007,Electronics,2025-02-06,16680.423000000003,15040.49,20.500000000000004,24.33057297910275,341948.6715000001,365943.7395864651,95948.67150000007,73976.86383723211
SKU0008,Groceries,2025-02-06,664.0990000000002,811.49,67.00000000000001,54.00249841754797,44494.63300000002,43822.487440856,7644.6330000000125,14121.11331120462
SKU0009,Groceries,2025-02-06,1013.357,1111.99,61.30000000000001,56.82390294145672,62118.78410000001,63187.61183187046,10013.7841,14887.294331632247
SKU0010,Groceries,2025-02-06,599.4700000000001,439.49,56.40000000000001,79.27385975594831,33810.108000000015,34840.06862414172,10122.108000000011,1545.0475266434332
SKU0011,Groceries,2025-02-06,561.3770000000001,660.99,64.70000000000002,55.90768521201473,36321.091900000014,36954.420848289614,2677.091900000005,7882.424538041957
SKU0012,Groceries,2025-02-06,454.88700000000006,370.49,51.00000000000001,62.68023493843231,23199.237000000005,23222.400242339787,4839.237000000004,657.5156645041554
SKU0013,Groceries,2025-02-06,401.0100000000001,280.49,55.500000000000014,79.11086881769707,22256.05500000001,22189.80759467585,6716.055000000008,38.76432572067228
SKU0014,Apparel,2025-02-06,611.8930000000001,596.49,28.000000000000007,28.851168503508397,17133.004000000008,17209.433500657724,3133.004000000005,2783.8492489035257
SKU0015,Apparel,2025-02-06,1867.6830000000004,2084.49,31.500000000000007,27.53653937032341,58832.01450000003,57399.64095204544,8432.014500000016,13341.177959527982
SKU0016,Apparel,2025-02-06,3003.751,2868.49,26.700000000000003,28.286793641086884,80200.15170000002,81140.3846915213,21460.15170000001,18909.438681130167
SKU0017,Apparel,2025-02-06,3500.361000000001,3831.49,24.700000000000003,21.97808786141985,86458.91670000003,84208.82386015155,17298.91670000002,22670.177848175957
SKU0018,Apparel,2025-02-06,2244.3830000000003,2649.99,34.400000000000006,27.984526057530093,77206.77520000002,74158.71420719416,11846.775200000011,20988.114697886987
SKU0019,Apparel,2025-02-06,2013.8830000000005,1914.49,25.200000000000003,26.80712529871148,50749.851600000016,51321.97331313014,12949.851600000015,11111.285365062922
SKU0020,Home & Kitchen,2025-02-06,6568.304000000001,6715.49,22.700000000000003,22.015860528781605,149100.50080000004,147847.29122242756,35600.50080000003,37767.98857851955
SKU0021,Home & Kitchen,2025-02-06,4056.440000000001,5243.49,32.900000000000006,23.41200835294925,133456.87600000005,122760.63167860586,8436.876000000033,33794.99993739871
SKU0022,Home & Kitchen,2025-02-06,4658.871000000001,4007.99,14.3,17.456230649276524,66621.85530000002,69964.3978799938,20861.855300000014,14104.459802308935
SKU0023,Home & Kitchen,2025-02-06,7745.258000000001,9389.99,24.200000000000003,18.228993433574374,187435.24360000005,171170.06605132902,30135.24360000002,52681.6087330956
SKU0024,Home & Kitchen,2025-02-06,2294.2560000000003,2471.49,10.3,9.33848823739948,23630.836800000005,23079.980293850436,5090.836800000004,6270.7014665313745
SKU0025,Home & Kitchen,2025-02-06,1851.3740000000005,1837.49,28.600000000000005,28.86278668828833,52949.29640000002,53035.08191186292,12909.296400000016,12627.180548259263
SKU0026,Beauty & Personal Care,2025-02-06,1208.64,1186.49,48.60000000000001,49.40548769946426,58739.90400000002,58619.11710053735,14999.904000000008,14154.178171019516
SKU0027,Beauty & Personal Care,2025-02-06,612.614,662.99,43.0,40.06776909658261,26342.402000000002,26564.530233343303,4842.402000000002,6530.645685052
SKU0028,Beauty & Personal Care,2025-02-06,695.7650000000001,889.99,56.80000000000001,44.45514235356588,39519.45200000001,39564.6321432501,2599.452000000006,10668.789613432276
SKU0029,Beauty & Personal Care,2025-02-06,2362.3430000000003,2290.49,34.300000000000004,35.37505531559395,81028.36490000002,81026.21044981477,19288.36490000001,17351.110881745666
SKU0030,Beauty & Personal Care,2025-02-06,2843.786,2700.49,38.60000000000001,40.64827359074111,109770.13960000002,109770.25634906045,24850.13960000001,20344.054449430012
SKU0031,Beauty & Personal Care,2025-02-06,481.0610000000001,573.99,62.60000000000001,52.96616658780178,30114.418600000008,30402.049959732343,1944.418600000006,6567.274995221544
SKU0032,Sports & Fitness,2025-02-06,3674.868,3963.49,27.300000000000004,24.743346911661583,100323.89640000001,98070.00805090155,18423.8964,23839.967315916812
SKU0033,Sports & Fitness,2025-02-06,1096.895,1208.99,27.200000000000003,24.20075007170944,29835.544,29258.464829195997,5355.544,7477.7897646575
SKU0034,Sports & Fitness,2025-02-06,1899.9480000000003,2463.49,32.10000000000001,23.248836798309977,60988.330800000025,57273.27696426864,3208.330800000011,15425.370727310681
SKU0035,Sports & Fitness,2025-02-06,860.4050000000001,854.99,23.300000000000004,23.47623941107873,20047.436500000007,20071.949934078202,3737.4365000000025,3638.5823463230927
SKU0036,Sports & Fitness,2025-02-06,3147.0510000000004,3327.99,27.000000000000004,25.13667736347339,84970.37700000002,83654.6108988658,14770.377000000013,18299.249753834985
SKU0037,Sports & Fitness,2025-02-06,576.302,711.99,48.000000000000014,37.50664479515702,27662.49600000001,26704.35602770385,1262.4960000000015,6075.701390367486
SKU0038,Books & Stationery,2025-02-06,541.2340000000002,479.99,56.70000000000001,65.1133312745966,30687.967800000013,31253.747878493625,5172.967800000009,1952.7488049251526
SKU0039,Books & Stationery,2025-02-06,354.394,300.49,41.7,50.4097908146768,14778.229800000001,15147.638041902233,2268.2298000000005,24.700797499192092
SKU0040,Books & Stationery,2025-02-06,497.342,599.49,52.90000000000001,42.58386561939563,26309.391800000005,25528.60160017149,-140.60820000000086,4236.668790473672
SKU0041,Books & Stationery,2025-02-06,306.23,250.49,31.000000000000007,39.09648197114768,9493.130000000003,9793.277768952783,1743.130000000001,19.15727616586272
SKU0042,Books & Stationery,2025-02-06,889.4500000000002,960.49,52.900000000000006,48.34480535088424,47051.90500000001,46434.702091470805,4731.905000000009,7758.857810763413
SKU0043,Books & Stationery,2025-02-06,683.9500000000002,865.99,50.60000000000001,38.379830522985486,34607.87000000002,33236.5494346002,1717.8700000000083,8289.659594659635
SKU0044,Pet Supplies,2025-02-06,1887.7590000000005,2000.49,31.90000000000001,29.845623196305315,60219.51210000003,59705.87074797682,9179.512100000018,11952.873633888315
SKU0045,Pet Supplies,2025-02-06,1415.5700000000002,1397.99,32.900000000000006,33.25302256063988,46572.25300000001,46487.39300954894,10382.253000000008,9909.068192845078
SKU0046,Pet Supplies,2025-02-06,538.926,593.99,49.0,45.39387084743877,26407.374000000003,26963.505344670157,4357.3740000000025,6536.263463322709
SKU0047,Pet Supplies,2025-02-06,413.55000000000007,438.49,42.900000000000006,40.96823635331415,17741.295000000006,17964.16195856472,2726.2950000000033,3625.279234904769
SKU0048,Pet Supplies,2025-02-06,1069.7050000000002,1114.99,38.2,36.64433955220394,40862.73100000001,40858.07215731187,6482.731000000006,7878.166560328325
SKU0049,Pet Supplies,2025-02-06,2095.474,2279.49,40.80000000000001,37.59527026187659,85495.33920000003,85698.04260924507,12055.33920000001,18026.5561378672
SKU0001,Electronics,2025-02-07,11136.682,10527.49,14.1,15.373823074596793,157027.2162,161847.768679587,44227.21620000001,38857.184082812644
SKU0002,Electronics,2025-02-07,21736.840000000004,25508.99,14.3,10.287580732028506,310836.8120000001,262425.79401750787,53436.812000000056,77249.34084099474
SKU0003,Electronics,2025-02-07,37505.437000000005,39885.99,28.300000000000004,24.263700946103075,1061403.8671000004,967781.7332992577,212403.86710000018,239870.7049161655
SKU0004,Electronics,2025-02-07,13570.668000000003,11251.49,10.900000000000002,14.712829583482096,147920.28120000006,165541.25493025297,49820.28120000005,33125.7886789141
SKU0005,Electronics,2025-02-07,7063.0790000000015,8450.49,26.40000000000001,20.470917701202836,186465.28560000012,172989.28532483755,28065.28560000005,50163.779117620536
SKU0006,Electronics,2025-02-07,52519.10500000001,51218.49,15.500000000000002,16.764334902324144,814046.1275000003,858643.9195513402,163046.12750000018,154541.85365372605
SKU0007,Electronics,2025-02-07,16563.941000000003,15054.99,18.9,22.151278006474808,313058.48490000004,333487.26887469814,86258.48490000004,67671.93279700047
SKU0008,Groceries,2025-02-07,659.1700000000001,815.49,79.60000000000002,63.34646506358871,52469.93200000002,51658.40879470596,8689.932000000008,16817.853009732167
SKU0009,Groceries,2025-02-07,1032.248,1114.49,60.400000000000006,56.73560108488672,62347.77920000001,63231.2600530954,11007.779200000004,15005.99913094169
SKU0010,Groceries,2025-02-07,592.811,434.49,57.60000000000001,80.97551144570056,34145.91360000001,35183.04996804244,9953.913600000003,1173.335160848202
SKU0011,Groceries,2025-02-07,564.8240000000001,656.49,58.400000000000006,51.04028449626207,32985.721600000004,33507.43636895109,2617.7216000000044,6966.48843089481
SKU0012,Groceries,2025-02-07,454.1000000000001,360.49,66.9,84.28214102700214,30379.290000000008,30382.869018824003,6295.290000000005,41.29824910323182
SKU0013,Groceries,2025-02-07,396.6310000000001,280.49,51.10000000000001,72.08366481360403,20267.84410000001,20218.747143567794,5959.844100000006,35.32099575866663
SKU0014,Apparel,2025-02-07,611.3330000000001,590.49,23.5,24.483550878620047,14366.325500000003,14457.291958316351,2616.3255000000017,2215.5165190063285
SKU0015,Apparel,2025-02-07,1861.4360000000004,2073.49,36.60000000000001,32.0905484164462,68128.55760000003,66539.43123601702,9568.557600000016,15194.553769703103
SKU0016,Apparel,2025-02-07,3052.8190000000004,2861.99,21.300000000000004,23.1099178470748,65025.04470000002,66140.3537791496,18165.044700000013,15298.534515585043
SKU0017,Apparel,2025-02-07,3563.822,3842.99,31.40000000000001,28.51061408349882,111904.01080000003,109566.00481674512,23984.01080000001,29736.285382948427
SKU0018,Apparel,2025-02-07,2197.9570000000003,2631.49,40.2,32.173905915490046,88357.87140000002,84665.31167755289,11977.871400000015,23534.890438121805
SKU0019,Apparel,2025-02-07,2016.9260000000004,1911.49,24.90000000000001,26.588427483618663,50221.45740000003,50823.51325066224,12871.457400000014,10940.872025234245
SKU0020,Home & Kitchen,2025-02-07,6450.951000000001,6737.99,16.700000000000003,15.710270396967012,107730.88170000003,105855.64483205976,24230.88170000002,27304.292847224693
SKU0021,Home & Kitchen,2025-02-07,4123.719000000001,5237.49,23.6,17.118120922957228,97319.76840000003,89655.98715277926,7639.768400000024,24607.127645541783
SKU0022,Home & Kitchen,2025-02-07,4619.419,4007.99,14.900000000000002,17.977787797840385,68829.34310000001,72054.79371586628,21149.343100000002,14525.87276277705
SKU0023,Home & Kitchen,2025-02-07,7775.279,9376.49,22.9,17.37345368294001,178053.8891,162902.01472355018,29203.889100000008,49974.56578444011
SKU0024,Home & Kitchen,2025-02-07,2273.897,2469.99,23.6,21.28448614699208,53663.9692,52572.46793820896,11183.9692,14260.39287362322
SKU0025,Home & Kitchen,2025-02-07,1895.6510000000003,1842.99,17.400000000000002,18.01886379993202,32984.32740000001,33208.58579463672,8624.327400000006,7982.176474731886
SKU0026,Beauty & Personal Care,2025-02-07,1193.9700000000005,1183.99,38.50000000000001,38.78982036356884,45967.84500000003,45926.759412261876,11317.845000000021,11015.921085049917
SKU0027,Beauty & Personal Care,2025-02-07,615.9760000000001,664.99,39.50000000000001,36.88226745508441,24331.05200000001,24526.33903495658,4581.052000000005,6085.205307414377
SKU0028,Beauty & Personal Care,2025-02-07,697.1000000000001,898.49,43.80000000000001,33.9716622664094,30532.980000000014,30523.198829746187,2062.9800000000064,8441.618356580073
SKU0029,Beauty & Personal Care,2025-02-07,2358.9770000000008,2271.99,31.300000000000004,32.5004579712655,73835.98010000003,73840.71550613549,17495.980100000026,15339.891157857595
SKU0030,Beauty & Personal Care,2025-02-07,2834.693,2714.99,41.60000000000001,43.43102511722711,117923.22880000003,117914.79888302041,26403.228800000015,22366.54362512078
SKU0031,Beauty & Personal Care,2025-02-07,481.042,574.49,37.2,31.386210120367025,17894.7624,18031.063852049654,1154.7623999999992,3907.269297884491
SKU0032,Sports & Fitness,2025-02-07,3687.000000000001,3989.49,30.800000000000004,27.809922288687734,113559.60000000005,110947.40687149682,21159.60000000003,27517.64000543362
SKU0033,Sports & Fitness,2025-02-07,1105.586,1213.99,32.80000000000001,29.3368447293262,36263.22080000001,35614.636132954714,6743.220800000003,9211.475876561133
SKU0034,Sports & Fitness,2025-02-07,1857.684,2466.99,41.7,29.398302355719444,77465.4228,72525.3179285363,2405.422799999999,19608.373688241307
SKU0035,Sports & Fitness,2025-02-07,840.8460000000001,853.49,25.700000000000003,25.24774388073537,21609.742200000004,21548.696924768832,3619.7422000000033,3875.276208254072
SKU0036,Sports & Fitness,2025-02-07,3135.6570000000006,3339.99,35.10000000000001,32.39899990597149,110061.56070000005,108212.33569594572,18801.560700000027,23974.935940419837
SKU0037,Sports & Fitness,2025-02-07,579.97,713.99,35.50000000000001,27.79942241686531,20588.935000000005,19848.509611417663,1063.935000000001,4558.827282141742
SKU0038,Books & Stationery,2025-02-07,530.985,481.99,47.3,52.90163199629375,25115.5905,25498.057605893624,3830.5905000000002,1692.3232075614376
SKU0039,Books & Stationery,2025-02-07,357.276,300.49,42.30000000000001,51.6095112948784,15112.774800000005,15508.142048998012,2422.774800000001,25.288660534490887
SKU0040,Books & Stationery,2025-02-07,497.3190000000001,594.99,58.90000000000001,47.849825730810174,29292.089100000012,28470.167811574745,-157.9108999999957,4545.254946169659
SKU0041,Books & Stationery,2025-02-07,307.93500000000006,250.49,40.10000000000001,50.82103293251421,12348.193500000005,12730.160539265484,2323.193500000003,24.902306136932424
SKU0042,Books & Stationery,2025-02-07,903.0510000000002,968.49,51.00000000000001,46.98324675750223,46055.60100000002,45502.804652173334,5255.601000000009,7916.207246171551
SKU0043,Books & Stationery,2025-02-07,677.3000000000001,863.49,63.90000000000001,48.14147102680168,43279.470000000016,41569.67881693298,1744.4700000000048,10277.722649511892
SKU0044,Pet Supplies,2025-02-07,1914.617,1997.49,37.00000000000001,35.251511140246485,70840.82900000001,70414.54098753096,11640.829000000002,14012.123163136575
SKU0045,Pet Supplies,2025-02-07,1418.6290000000004,1405.99,42.00000000000001,42.32019922174114,59582.41800000003,59501.776903775826,13382.418000000018,12949.557759860572
SKU0046,Pet Supplies,2025-02-07,547.7660000000001,591.99,31.40000000000001,29.52103714829804,17199.852400000007,17476.158781420956,3069.8524000000034,4191.692064686838
SKU0047,Pet Supplies,2025-02-07,413.9240000000001,438.49,28.000000000000004,26.743156358264248,11589.872000000005,11726.606631535291,1789.8720000000028,2366.5019061428034
SKU0048,Pet Supplies,2025-02-07,1062.784,1114.49,64.50000000000001,61.53052107658914,68549.56800000003,68575.15043464783,10499.568000000008,13197.681465717606
SKU0049,Pet Supplies,2025-02-07,2063.625,2268.99,46.50000000000001,42.41585801742818,95958.56250000001,96241.15768296435,12258.562500000002,19892.613251593633
SKU0001,Electronics,2025-02-08,11244.026000000002,10527.49,16.400000000000002,18.130230866311123,184402.02640000006,190865.8241427817,53202.02640000003,45823.977212292695
SKU0002,Electronics,2025-02-08,21672.097000000005,25508.99,19.500000000000004,14.038379586742764,422605.8915000002,358104.8844944253,71605.89150000011,105414.05193305557
SKU0003,Electronics,2025-02-08,37596.80600000001,39885.99,14.400000000000002,12.356578238215594,541394.0064000002,492854.35604368476,109394.00640000019,122157.00889721695
SKU0004,Electronics,2025-02-08,13643.432000000004,11251.49,12.800000000000002,17.36668597362187,174635.9296000001,195401.09356534673,59435.92960000007,39100.9198027499
SKU0005,Electronics,2025-02-08,7088.953000000001,8450.49,24.1,18.766642388166296,170843.76730000004,158587.3238347754,26243.767300000032,45987.469505777626
SKU0006,Electronics,2025-02-08,51943.22800000001,51301.49,14.100000000000003,14.662932631364358,732399.5148000004,752230.2917586123,140199.51480000018,136387.12124130924
SKU0007,Electronics,2025-02-08,16640.569000000003,15054.99,15.000000000000002,17.75070555519706,249608.5350000001,267236.6946264362,69608.53500000006,54228.22796407147
SKU0008,Groceries,2025-02-08,662.839,815.49,76.9,61.557289209009966,50972.31910000001,50199.353777055534,8677.319100000004,16342.844712100057
SKU0009,Groceries,2025-02-08,1025.1510000000003,1114.49,76.9,71.84633672245016,78834.11190000003,80072.02381380348,13469.111900000024,19002.637599720845
SKU0010,Groceries,2025-02-08,599.3660000000001,425.99,38.400000000000006,55.97853443426125,23015.654400000007,23846.29588365095,6887.654400000005,335.3114212612254
SKU0011,Groceries,2025-02-08,557.5010000000001,656.49,50.50000000000001,43.60426416996782,28153.80050000001,28625.763384942173,1893.8005000000048,5951.546016558908
SKU0012,Groceries,2025-02-08,456.114,360.49,49.60000000000001,62.831775331420445,22623.2544,22650.226689223757,4767.2544,30.787569912396588
SKU0013,Groceries,2025-02-08,401.0820000000001,280.49,48.00000000000001,68.48887423215879,19251.93600000001,19210.444333378222,5811.936000000006,33.55954837375843
SKU0014,Apparel,2025-02-08,613.1190000000001,572.99,22.800000000000004,24.699955684047644,13979.113200000005,14152.82760740246,2579.113200000004,1802.8497653786378
SKU0015,Apparel,2025-02-08,1864.847,2073.49,28.300000000000004,24.84194878234024,52775.17010000001,51509.532380694654,7495.1701,11762.414328950274
SKU0016,Apparel,2025-02-08,2987.407,2861.99,27.500000000000004,29.016725528534757,82153.69250000002,83045.57829541118,21653.69250000001,19208.78213263472
SKU0017,Apparel,2025-02-08,3555.4350000000004,3842.99,33.7,30.51340694650762,119818.15950000002,117262.71776135931,25458.159500000016,31825.178311137974
SKU0018,Apparel,2025-02-08,2193.1070000000004,2631.49,30.500000000000007,24.296200307509128,66889.76350000003,63935.20814720719,8939.763500000015,17772.427562939847
SKU0019,Apparel,2025-02-08,2027.7360000000003,1911.49,31.800000000000008,34.15860343123606,64482.004800000024,65293.82887277342,16782.004800000013,14055.923725919327
SKU0020,Home & Kitchen,2025-02-08,6499.779,6737.99,17.800000000000004,16.9265440190859,115696.06620000003,114050.88433516059,26696.066200000016,29418.164239731097
SKU0021,Home & Kitchen,2025-02-08,4115.116000000001,5237.49,31.6,22.94613852564155,130037.66560000004,120180.17106666237,9957.66560000003,32984.84466922447
SKU0022,Home & Kitchen,2025-02-08,4626.561000000001,4007.99,19.0,22.91743854221581,87904.65900000001,91852.86450281553,27104.65900000001,18517.061167724947
SKU0023,Home & Kitchen,2025-02-08,7722.347000000002,9376.49,20.90000000000001,15.675192084209783,161397.0523000001,146978.2818256722,25547.052300000043,45089.5332783086
SKU0024,Home & Kitchen,2025-02-08,2283.0650000000005,2469.99,19.500000000000004,17.659917863778826,44519.767500000016,43619.82052435506,9419.76750000001,11831.968369553171
SKU0025,Home & Kitchen,2025-02-08,1896.3120000000004,1842.99,32.2,33.33069646078936,61061.24640000002,61428.14027027019,15981.246400000013,14765.16522516508
SKU0026,Beauty & Personal Care,2025-02-08,1181.12,1183.99,45.20000000000001,45.10245012769347,53386.624,53400.8499266878,12706.623999999998,12808.64481176367
SKU0027,Beauty & Personal Care,2025-02-08,617.0680000000001,664.99,51.20000000000001,47.901561962970746,31593.88160000001,31854.059689755915,5993.881600000006,7903.278708270544
SKU0028,Beauty & Personal Care,2025-02-08,700.4280000000001,898.49,41.900000000000006,32.6444774226633,29347.93320000001,29330.73651948875,2112.933200000005,8111.826194757604
SKU0029,Beauty & Personal Care,2025-02-08,2368.166,2271.99,37.00000000000001,38.56140719766939,87622.14200000002,87611.13153903287,21022.14200000001,18200.598583227966
SKU0030,Beauty & Personal Care,2025-02-08,2821.0550000000003,2714.99,50.20000000000001,52.15005767716861,141616.96100000004,141586.885092936,31176.96100000002,26856.758203165053
SKU0031,Beauty & Personal Care,2025-02-08,485.8940000000001,574.49,58.60000000000001,50.0030146285288,28473.38840000001,28726.231873943514,2103.388400000007,6224.875291105551
SKU0032,Sports & Fitness,2025-02-08,3678.8830000000007,3989.49,23.700000000000003,21.315840700584825,87189.52710000002,85039.33331657614,16089.52710000002,21091.811214821675
SKU0033,Sports & Fitness,2025-02-08,1115.0570000000002,1213.99,27.100000000000005,24.47071240978117,30218.044700000013,29707.200158350246,5828.044700000008,7683.55898954719
SKU0034,Sports & Fitness,2025-02-08,1866.8430000000003,2466.99,45.900000000000006,32.58557817228158,85688.09370000003,80388.29549523693,3068.0937000000145,21734.254785130084
SKU0035,Sports & Fitness,2025-02-08,850.8720000000001,853.49,31.700000000000003,31.58521632767512,26972.642400000004,26957.66628350744,4782.642400000002,4848.014854134854
SKU0036,Sports & Fitness,2025-02-08,3099.5930000000008,3339.99,22.90000000000001,20.798944327697185,70980.67970000005,69468.26606506531,11440.679700000022,15391.010813052635
SKU0037,Sports & Fitness,2025-02-08,573.8350000000002,681.99,36.400000000000006,29.71851888420182,20887.59400000001,20267.7326938368,867.5940000000056,3922.5473075257987
SKU0038,Books & Stationery,2025-02-08,527.0450000000001,453.99,51.00000000000001,60.581049810061806,26879.29500000001,27503.19080326996,3929.295000000004,241.71838874214717
SKU0039,Books & Stationery,2025-02-08,354.72400000000005,300.49,45.50000000000001,55.043569936077176,16139.942000000005,16540.04233009183,2489.9420000000023,26.971349268678317
SKU0040,Books & Stationery,2025-02-08,496.8900000000001,565.99,53.20000000000001,45.74033452933534,26434.54800000001,25888.57194025851,-165.4519999999947,3018.40467559084
SKU0041,Books & Stationery,2025-02-08,311.78800000000007,250.49,32.900000000000006,42.34398056751493,10257.825200000005,10606.743692356817,2032.8252000000025,20.748550478082702
SKU0042,Books & Stationery,2025-02-08,887.9190000000001,968.49,46.20000000000001,41.71646803762736,41021.85780000001,40401.98212976172,4061.857800000005,7028.807699659834
SKU0043,Books & Stationery,2025-02-08,676.1000000000001,863.49,67.5,50.76213401580452,45636.75000000001,43832.595101307044,1761.750000000009,10837.207991034107
SKU0044,Pet Supplies,2025-02-08,1906.789,1997.49,36.60000000000001,34.70692462984386,69788.47740000002,69326.73487886682,11228.477400000002,13795.655471116637
SKU0045,Pet Supplies,2025-02-08,1418.8520000000003,1405.99,38.900000000000006,39.20235327362179,55193.34280000002,55118.1166791795,12403.342800000015,11995.528078195532
SKU0046,Pet Supplies,2025-02-08,550.4390000000001,591.99,35.1,33.13407304159035,19320.408900000002,19615.03989989107,3525.408900000003,4704.707031175414
SKU0047,Pet Supplies,2025-02-08,412.98800000000006,438.49,43.50000000000001,41.497402076514895,17964.978000000006,18196.195836531017,2739.978000000003,3672.1051097508034
SKU0048,Pet Supplies,2025-02-08,1063.9390000000003,1114.49,35.5,33.882235094054536,37769.83450000001,37761.41218997284,5819.834500000011,7267.400605323758
SKU0049,Pet Supplies,2025-02-08,2103.389,2268.99,49.30000000000001,45.81419829641591,103697.07770000002,103951.95779258473,14957.077700000009,21486.400859036086
SKU0001,Electronics,2025-02-09,11371.992000000002,10527.49,18.5,20.79120639863236,210381.85200000004,218879.2174495382,62381.852000000035,52549.5662604793
SKU0002,Electronics,2025-02-09,21871.56300000001,25508.99,14.6,10.644860718843464,319324.8198000001,271539.64562837075,56524.819800000136,79932.1526891884
SKU0003,Electronics,2025-02-09,37384.51500000001,39225.99,6.900000000000001,6.036097495719728,257953.1535000001,236771.90000612708,50953.15350000006,55688.97513453524
SKU0004,Electronics,2025-02-09,13632.406000000004,11251.49,12.1,16.414149877876447,164952.11260000005,184683.64320942806,56052.11260000005,36956.29430854004
SKU0005,Electronics,2025-02-09,7076.939000000002,8450.49,24.100000000000005,18.72110929254792,170554.2299000001,158202.54686558325,25954.229900000057,45875.89111029574
SKU0006,Electronics,2025-02-09,52243.117000000006,52724.99,25.000000000000004,24.30656371372116,1306077.9250000003,1281563.328740311,256077.9250000002,260687.65276402226
SKU0007,Electronics,2025-02-09,16437.616,15054.99,14.100000000000003,16.355265882716054,231770.38560000007,246228.36431163136,62570.38560000004,49965.173719038714
SKU0008,Groceries,2025-02-09,669.2720000000002,815.49,64.4,52.05872461714606,43101.11680000001,42453.36933803644,7681.116800000011,13821.070798606108
SKU0009,Groceries,2025-02-09,1019.1330000000002,1114.49,83.10000000000001,77.27332473115086,84689.95230000002,86120.34767962033,14054.952300000014,20438.021658142094
SKU0010,Groceries,2025-02-09,603.8600000000001,448.49,65.00000000000001,90.01685286587715,39250.900000000016,40371.658341817245,11950.90000000001,2564.580138148841
SKU0011,Groceries,2025-02-09,562.1830000000001,656.49,52.2,45.41676285312999,29345.952600000008,29815.650645451307,2201.9526000000055,6198.933961823713
SKU0012,Groceries,2025-02-09,450.2900000000001,387.49,42.2,49.10654522687261,19002.238000000005,19028.29520996087,3810.2380000000035,1349.9389282867285
SKU0013,Groceries,2025-02-09,399.032,280.49,59.20000000000001,83.94556219869189,23622.694400000004,23545.89074111109,7046.6944,41.13332547735979
SKU0014,Apparel,2025-02-09,613.8020000000001,619.49,39.70000000000001,39.27622883307789,24367.93940000001,24331.23099980342,4517.939400000007,4693.116583264477
SKU0015,Apparel,2025-02-09,1859.045,2073.49,33.900000000000006,29.667653144746225,63021.62550000002,61515.58211909985,8781.625500000004,14047.337087505884
SKU0016,Apparel,2025-02-09,3034.938000000001,2861.99,29.700000000000003,31.95678660874794,90137.65860000004,91460.00370637051,24797.65860000003,21155.073167125043
SKU0017,Apparel,2025-02-09,3530.13,3842.99,27.90000000000001,25.01487319123376,98490.62700000004,96131.90752517943,20370.62700000001,26090.262589724894
SKU0018,Apparel,2025-02-09,2211.813,2631.49,24.90000000000001,20.01279971827081,55074.14370000002,52663.48233063245,7764.143700000005,14639.16286591791
SKU0019,Apparel,2025-02-09,2040.163,1911.49,23.500000000000004,25.451175521935564,47943.83050000001,48649.66749842461,12693.830500000002,10472.904215521266
SKU0020,Home & Kitchen,2025-02-09,6495.335000000001,6737.99,16.800000000000004,15.95766766460004,109121.62800000004,107522.60514739841,25121.628000000022,27734.26682439822
SKU0021,Home & Kitchen,2025-02-09,4072.728000000001,5237.49,31.700000000000006,22.703570881243348,129105.47760000006,118909.72545480322,8645.477600000033,32636.156106078495
SKU0022,Home & Kitchen,2025-02-09,4633.705000000001,4007.99,15.400000000000002,18.650050563242765,71359.05700000003,74749.21615697136,22079.057000000015,15069.054354594517
SKU0023,Home & Kitchen,2025-02-09,7822.598000000001,9376.49,20.000000000000004,15.282183136619864,156451.96000000005,143293.2373586848,26451.96000000002,43959.04697065567
SKU0024,Home & Kitchen,2025-02-09,2263.6720000000005,2469.99,28.700000000000003,25.759925217297532,64967.38640000002,63626.757687472724,13307.386400000016,17258.892296337166
SKU0025,Home & Kitchen,2025-02-09,1878.907,1842.99,25.300000000000004,25.90284329789159,47536.347100000006,47738.68116958122,12116.3471,11474.700552532995
SKU0026,Beauty & Personal Care,2025-02-09,1187.2300000000002,1183.99,30.9,30.97601422157785,36685.40700000001,36675.291078205955,8875.407000000007,8796.878278785893
SKU0027,Beauty & Personal Care,2025-02-09,615.5550000000001,664.99,35.60000000000001,33.213925810558536,21913.75800000001,22086.92852476332,4113.758000000003,5479.965619484053
SKU0028,Beauty & Personal Care,2025-02-09,697.6780000000001,898.49,42.30000000000001,32.82808163079014,29511.779400000014,29495.70306444863,2016.7794000000051,8157.450004435042
SKU0029,Beauty & Personal Care,2025-02-09,2351.7080000000005,2271.99,24.200000000000003,25.058353573468004,56911.33360000002,56932.32873538356,13351.333600000014,11827.292303141157
SKU0030,Beauty & Personal Care,2025-02-09,2810.8230000000003,2714.99,39.10000000000001,40.48001630061836,109903.17930000003,109902.83945601583,23883.179300000018,20846.80359465544
SKU0031,Beauty & Personal Care,2025-02-09,483.9400000000001,574.49,42.00000000000001,35.65985702969661,20325.480000000007,20486.231264990405,1425.480000000005,4439.295601626931
SKU0032,Sports & Fitness,2025-02-09,3701.7530000000006,3989.49,10.7,9.653019434000514,39608.7571,38510.62450175071,7508.757100000006,9551.566199749166
SKU0033,Sports & Fitness,2025-02-09,1122.248,1213.99,22.700000000000003,20.64259769898593,25475.029600000005,25059.90718059193,5045.029600000002,6481.569251504593
SKU0034,Sports & Fitness,2025-02-09,1862.0950000000005,2466.99,48.3,34.19671571282634,89939.18850000002,84362.95569638544,2999.188500000023,22808.867413298034
SKU0035,Sports & Fitness,2025-02-09,850.6700000000001,853.49,29.800000000000004,29.6835458318365,25349.966000000004,25334.609532014136,4489.966000000003,4556.127449728585
SKU0036,Sports & Fitness,2025-02-09,3147.6390000000006,3339.99,30.500000000000007,28.28041492092175,96002.98950000004,94456.30303172943,16702.98950000002,20927.22423733288
SKU0037,Sports & Fitness,2025-02-09,577.1550000000001,713.99,26.500000000000004,20.57821600684542,15294.607500000004,14692.64044672756,719.6075000000023,3374.6216429625806
SKU0038,Books & Stationery,2025-02-09,528.5820000000001,496.99,47.2,50.68733557217679,24949.070400000008,25191.098906016145,3709.070400000005,2381.797898536588
SKU0039,Books & Stationery,2025-02-09,357.365,300.49,47.60000000000001,58.065566541094,17010.574000000004,17448.12208993334,2730.574000000001,28.45212760513659
SKU0040,Books & Stationery,2025-02-09,497.5640000000001,623.49,59.20000000000001,45.576018693100174,29455.78880000001,28416.191894961026,-144.2111999999954,5628.182548410941
SKU0041,Books & Stationery,2025-02-09,311.00000000000006,250.49,43.80000000000001,56.11798128577792,13621.800000000007,14056.993132274512,2671.8000000000034,27.497810830031693
SKU0042,Books & Stationery,2025-02-09,890.711,968.49,50.10000000000001,45.41313942981524,44624.62110000001,43982.17140638176,4544.621100000001,7651.65986252957
SKU0043,Books & Stationery,2025-02-09,679.0300000000001,863.49,59.10000000000001,44.640093588908265,40130.67300000001,38546.2744130864,1715.6730000000055,9530.213580296026
SKU0044,Pet Supplies,2025-02-09,1889.1230000000005,1997.49,46.00000000000001,43.17420754136193,86899.65800000004,86240.04782179504,13299.658000000025,17161.315755615953
SKU0045,Pet Supplies,2025-02-09,1422.226,1405.99,41.30000000000001,41.70454289509856,58737.93380000002,58636.17026507963,13307.933800000008,12761.17308047121
SKU0046,Pet Supplies,2025-02-09,549.5330000000001,591.99,58.40000000000001,55.09406352680048,32092.727200000016,32615.134667230617,5812.727200000008,7822.806080170401
SKU0047,Pet Supplies,2025-02-09,416.561,438.49,41.10000000000001,39.47243333723839,17120.657100000004,17308.26729404566,2735.6571,3492.915626012226
SKU0048,Pet Supplies,2025-02-09,1060.652,1114.49,30.700000000000003,29.203572039782447,32562.016400000004,32547.08900261714,4932.016400000002,6263.874166812937
SKU0049,Pet Supplies,2025-02-09,2089.0490000000004,2268.99,53.2,49.11796955971583,111137.40680000003,111448.18175129962,15377.406800000024,23035.836543811118
SKU0001,Electronics,2025-02-10,10203.269,9331.49,33.1,37.779050294917816,337728.2039,352534.83003652265,72928.20390000001,50302.427677180116
SKU0002,Electronics,2025-02-10,19690.527,18657.99,41.2,45.74911618748915,811249.7124,853586.5523350107,69649.71239999993,30102.46096020606
SKU0003,Electronics,2025-02-10,34314.287000000004,32663.99,6.200000000000001,7.107530827811223,212748.57940000008,232160.3158843175,26748.579400000028,18934.39104998083
SKU0004,Electronics,2025-02-10,12306.676,10126.49,6.000000000000002,8.347265643724242,73840.05600000003,84528.5020685171,19840.056000000004,9403.111274998919
SKU0005,Electronics,2025-02-10,6355.6500000000015,6186.49,35.60000000000001,36.96730482233849,226261.1400000001,228697.86161034883,12661.140000000054,6894.032676317897
SKU0006,Electronics,2025-02-10,46470.994000000006,44190.49,38.00000000000001,44.2279172921485,1765897.7720000006,1954453.336819515,169897.77200000026,96880.81054927828
SKU0007,Electronics,2025-02-10,15079.469000000005,13549.49,27.500000000000004,32.764157799776754,414685.3975000002,443937.6284664971,84685.39750000014,50767.73486917608
SKU0008,Groceries,2025-02-10,599.999,604.99,80.10000000000001,79.39231166884935,48059.91990000001,48031.55463653716,4004.919900000002,4365.783218670026
SKU0009,Groceries,2025-02-10,926.661,937.99,105.10000000000002,104.0702333263675,97392.07110000002,97616.83815779946,8057.071099999996,9157.139830387077
SKU0010,Groceries,2025-02-10,534.7070000000001,506.49,95.0,100.7913516712094,50797.16500000001,51049.81170795085,10897.16500000001,8717.444006042902
SKU0011,Groceries,2025-02-10,509.66600000000005,557.99,95.70000000000002,88.29619072574788,48775.03620000002,49268.391463060056,-988.963799999995,3354.3722856711624
SKU0012,Groceries,2025-02-10,406.91600000000005,402.99,66.10000000000001,66.74538497604863,26897.147600000008,26897.72269149784,3101.147600000004,2869.384100120331
SKU0013,Groceries,2025-02-10,359.48100000000005,307.99,74.80000000000001,87.15624543416473,26889.17880000001,26843.252031268396,5945.178800000005,2439.5033097022715
SKU0014,Apparel,2025-02-10,551.244,538.49,51.900000000000006,53.32363658252579,28609.563600000005,28714.245063324313,2659.5636000000018,2052.4267720614184
SKU0015,Apparel,2025-02-10,1678.9420000000002,1789.49,39.900000000000006,36.92547638407849,66989.78580000001,66077.77073454463,3149.7858000000097,6997.008520019034
SKU0016,Apparel,2025-02-10,2713.0640000000003,2575.99,50.7,54.04404810466449,137552.34480000002,139216.92747713468,26012.344800000017,20320.02164687279
SKU0017,Apparel,2025-02-10,3191.1220000000003,3056.49,39.5,41.72087917862246,126049.31900000002,127519.45000066776,15449.319000000012,10700.988300524867
SKU0018,Apparel,2025-02-10,1972.878,2113.99,38.900000000000006,35.71675180625692,76744.95420000001,75504.85615090907,2834.954199999998,7643.027719020911
SKU0019,Apparel,2025-02-10,1845.3530000000003,1720.99,38.3,41.66106393566834,70677.0199,71698.27442264586,13227.01990000001,9206.678519143346
SKU0020,Home & Kitchen,2025-02-10,5860.298000000001,5770.49,33.300000000000004,34.0073241410911,195147.92340000006,196238.92388292475,28647.923400000025,26202.30317746927
SKU0021,Home & Kitchen,2025-02-10,3643.47,4002.99,43.00000000000001,38.01001632913476,156669.21000000002,152153.71526536313,-6730.79000000001,7715.653214651056
SKU0022,Home & Kitchen,2025-02-10,4203.889000000001,3607.99,32.10000000000001,39.04640094958821,134944.83690000008,140879.02416210476,32224.836900000042,15930.541123422485
SKU0023,Home & Kitchen,2025-02-10,7000.818000000001,7003.99,37.50000000000001,37.47551668322573,262530.6750000001,262478.14409414615,18780.675000000047,18887.285653178926
SKU0024,Home & Kitchen,2025-02-10,2049.0220000000004,2087.49,31.800000000000004,31.079002343517743,65158.89960000002,64877.10660206985,7918.899600000013,8934.90238373791
SKU0025,Home & Kitchen,2025-02-10,1695.5680000000002,1600.99,30.800000000000004,33.01681752472401,52223.49440000001,52859.5946889079,9103.494400000007,6636.050154294279
SKU0026,Beauty & Personal Care,2025-02-10,1073.9910000000002,1023.99,54.000000000000014,56.33149532678728,57995.514000000025,57682.887899676905,9395.514000000014,6984.542105568355
SKU0027,Beauty & Personal Care,2025-02-10,558.2940000000001,534.49,54.70000000000001,56.85828630358882,30538.68180000001,30390.18544640519,3188.6818000000058,1961.042294610779
SKU0028,Beauty & Personal Care,2025-02-10,632.0510000000002,692.99,81.10000000000001,74.0483751640901,51259.336100000015,51314.783504962805,-1455.6638999999873,3183.3396483042343
SKU0029,Beauty & Personal Care,2025-02-10,2133.5710000000004,2001.99,48.00000000000001,51.12489242326311,102411.40800000004,102351.52338244852,16011.40800000002,10326.717020574917
SKU0030,Beauty & Personal Care,2025-02-10,2514.8460000000005,2443.99,53.400000000000006,54.93774341971472,134292.77640000003,134267.29554034857,16812.776400000028,13404.260016976183
SKU0031,Beauty & Personal Care,2025-02-10,432.4600000000001,452.99,58.20000000000002,55.70161989344293,25169.172000000013,25232.276795530714,-1020.8279999999949,166.54784348139486
SKU0032,Sports & Fitness,2025-02-10,3334.1380000000004,3364.49,4.6000000000000005,4.536807974543334,15337.034800000003,15264.0450622713,1537.034800000002,1653.6211386412988
SKU0033,Sports & Fitness,2025-02-10,1003.6540000000002,1027.49,53.3,51.84706085830148,53494.75820000001,53272.33656129619,5524.758200000012,6609.981788824856
SKU0034,Sports & Fitness,2025-02-10,1672.0030000000002,1850.49,57.30000000000001,50.63043445270707,95805.77190000002,93691.11265038991,-7334.228099999992,2556.3306355171803
SKU0035,Sports & Fitness,2025-02-10,763.7620000000002,768.99,57.30000000000001,56.84661171651165,43763.56260000002,43714.475943880294,3653.5626000000107,3921.8477423221393
SKU0036,Sports & Fitness,2025-02-10,2788.5020000000004,3006.49,41.2,37.46320956761356,114886.28240000003,112632.76493293449,7766.282400000017,15228.420057139228
SKU0037,Sports & Fitness,2025-02-10,519.238,574.99,62.60000000000001,55.62192435240138,32504.298800000008,31982.05028338727,-1925.7011999999968,1389.991889566511
SKU0038,Books & Stationery,2025-02-10,483.9990000000001,490.49,111.1,109.42015249784636,53772.28890000001,53669.490598668664,3777.2889000000087,4430.4219746378
SKU0039,Books & Stationery,2025-02-10,322.66400000000004,328.49,92.40000000000002,90.53840009574742,29814.15360000001,29740.95904745207,2094.1536000000046,2579.439018727845
SKU0040,Books & Stationery,2025-02-10,446.4910000000001,500.0000000000001,104.0,91.3209019435074,46435.06400000001,45660.45097175371,-5564.93599999999,1.0381984559843135e-11
SKU0041,Books & Stationery,2025-02-10,277.69500000000005,262.99,61.80000000000001,65.7549481222299,17161.551000000007,17292.893806665244,1711.5510000000033,854.1567761077671
SKU0042,Books & Stationery,2025-02-10,808.0920000000001,871.99,68.2,62.40614309050978,55111.87440000001,54417.53271349362,551.8744000000067,4492.6182410858
SKU0043,Books & Stationery,2025-02-10,610.739,683.99,75.50000000000001,66.19474203600109,46110.79450000001,45276.54160520439,-2964.205499999998,2249.9592818036776
SKU0044,Pet Supplies,2025-02-10,1717.9810000000002,1740.99,43.00000000000001,42.35408690970209,73873.18300000002,73738.04176892224,5073.18300000001,5971.502713398898
SKU0045,Pet Supplies,2025-02-10,1273.811,1247.49,63.60000000000001,64.72781232827705,81014.3796,80747.29860140235,11054.379599999997,9546.705040297584
SKU0046,Pet Supplies,2025-02-10,497.777,500.49,78.10000000000001,77.76994739241162,38876.383700000006,38923.08097042809,3731.3836999999994,3926.6046438428634
SKU0047,Pet Supplies,2025-02-10,372.104,378.49,62.80000000000001,61.9713966787959,23368.131200000003,23455.55392895746,1388.1311999999994,1765.5650913788957
SKU0048,Pet Supplies,2025-02-10,952.1980000000002,948.99,69.70000000000002,69.93337390728179,66368.20060000003,66366.07250427135,3638.200600000015,3426.0359877177357
SKU0049,Pet Supplies,2025-02-10,1875.429,2023.99,68.30000000000001,63.470349228744496,128091.80070000002,128463.35213548657,5151.800700000007,14216.723523746481
SKU0001,Electronics,2025-02-11,10176.438000000002,9331.49,24.6,28.0025649879896,250340.37480000005,261305.65515977508,53540.37480000005,37285.135255858266
SKU0002,Electronics,2025-02-11,19790.99200000001,18657.99,28.500000000000004,31.99771293975244,564043.2720000003,597013.0080527717,51043.272000000274,21054.175137227758
SKU0003,Electronics,2025-02-11,33839.261000000006,32663.99,0.6000000000000001,0.7421865608305693,20303.556600000007,24242.77440110411,2303.556600000004,1977.1775761870297
SKU0004,Electronics,2025-02-11,12335.477000000004,10126.49,0.5000000000000001,1.0099412859709562,6167.738500000004,10227.160332972027,1667.7385000000027,1137.6887592334222
SKU0005,Electronics,2025-02-11,6423.969000000001,6186.49,34.10000000000001,35.94444118135664,219057.34290000008,222369.92592405103,14457.342900000036,6703.278835911192
SKU0006,Electronics,2025-02-11,47155.47400000001,44190.49,33.5,40.76935583979113,1579708.3790000004,1801617.8115447315,172708.3790000003,89304.866273504
SKU0007,Electronics,2025-02-11,14937.979000000005,13549.49,26.300000000000004,30.86304496878284,392868.8477000002,418178.5191740734,77268.84770000014,47821.979548679315
SKU0008,Groceries,2025-02-11,612.4620000000002,604.99,88.60000000000001,89.77123758233984,54264.133200000026,54310.70102493978,5534.133200000019,4936.520354652868
SKU0009,Groceries,2025-02-11,932.9340000000002,937.99,78.80000000000001,78.45457402463589,73515.19920000003,73589.60588936822,6535.199200000016,6903.217968427713
SKU0010,Groceries,2025-02-11,534.7170000000001,506.49,84.20000000000002,89.34165017864385,45023.171400000014,45250.65239898132,9659.17140000001,7727.1593239509075
SKU0011,Groceries,2025-02-11,506.6210000000001,557.99,64.80000000000001,59.44273756674782,32829.04080000001,33168.45313486962,-866.959199999994,2258.22960016075
SKU0012,Groceries,2025-02-11,410.52600000000007,402.99,87.70000000000002,89.33753615765454,36003.130200000014,36002.1336961732,4431.130200000007,3840.6206794175696
SKU0013,Groceries,2025-02-11,359.3070000000001,307.99,80.70000000000002,93.97307470368108,28996.07490000001,28942.767277986735,6400.074900000007,2630.306360956034
SKU0014,Apparel,2025-02-11,548.6990000000001,538.49,53.50000000000001,54.67365047820881,29355.396500000006,29441.214046010664,2605.396500000004,2104.3888069062577
SKU0015,Apparel,2025-02-11,1677.8000000000002,1789.49,54.3,50.23691418645394,91104.54000000001,89898.45556751746,4224.54000000001,9519.392869191157
SKU0016,Apparel,2025-02-11,2722.946,2575.99,35.00000000000001,37.497383356518704,95303.11000000002,96592.88455255861,18303.11,14098.641168217458
SKU0017,Apparel,2025-02-11,3171.0940000000005,3056.49,51.30000000000001,53.73944883341122,162677.12220000007,164254.08796483304,19037.12220000003,13783.631231281632
SKU0018,Apparel,2025-02-11,1992.313,2113.99,37.2,34.569553150416795,74114.0436,73079.68966444959,3434.043600000004,7397.538678657682
SKU0019,Apparel,2025-02-11,1837.726,1720.99,36.60000000000001,39.61733022827382,67260.77160000002,68181.02914955697,12360.771600000007,8755.033807146232
SKU0020,Home & Kitchen,2025-02-11,5872.3420000000015,5770.49,24.500000000000004,25.09657286947425,143872.37900000004,144819.52277757248,21372.379000000037,19336.65843020121
SKU0021,Home & Kitchen,2025-02-11,3705.964000000001,4002.99,48.7,44.03262771021332,180480.44680000006,176262.16839770682,-4579.553199999958,8938.183098896192
SKU0022,Home & Kitchen,2025-02-11,4164.055,3607.99,21.200000000000003,25.542099804655187,88277.96600000001,92155.64067419786,20437.966000000008,10420.921299301264
SKU0023,Home & Kitchen,2025-02-11,6961.421000000001,7003.99,24.1,23.88603214409901,167770.24610000005,167297.530276948,11120.24610000003,12038.321340304454
SKU0024,Home & Kitchen,2025-02-11,2066.0240000000003,2087.49,27.700000000000003,27.347675904933958,57228.86480000002,57087.99997479058,7368.86480000001,7862.183345909458
SKU0025,Home & Kitchen,2025-02-11,1688.4680000000003,1600.99,28.40000000000001,30.294944456661668,47952.491200000026,48501.90312567076,8192.491200000011,6088.980886344429
SKU0026,Beauty & Personal Care,2025-02-11,1070.0000000000002,1023.99,40.60000000000001,42.22309472475239,43442.00000000002,43236.026767199204,6902.000000000011,5235.24151492205
SKU0027,Beauty & Personal Care,2025-02-11,556.5700000000002,534.49,62.100000000000016,64.36839073467308,34562.99700000002,34404.261163775416,3512.997000000011,2220.065796438875
SKU0028,Beauty & Personal Care,2025-02-11,630.3370000000001,692.99,77.9,70.93240914665823,49103.252300000015,49155.45021454269,-1531.7476999999922,3049.384269214838
SKU0029,Beauty & Personal Care,2025-02-11,2140.655,2001.99,57.30000000000001,61.21796364517586,122659.53150000004,122557.75103800562,19519.531500000016,12365.416476689072
SKU0030,Beauty & Personal Care,2025-02-11,2531.2160000000003,2443.99,62.20000000000002,64.39905891585688,157441.63520000008,157390.65599976506,20601.635200000026,15712.726384879907
SKU0031,Beauty & Personal Care,2025-02-11,434.0060000000001,452.99,82.4,79.14575948704905,35762.09440000001,35852.23759003835,-1317.905599999993,236.64582086627738
SKU0032,Sports & Fitness,2025-02-11,3322.8060000000005,3364.49,0.0,0.0,0.0,0.0,0.0,0.0
SKU0033,Sports & Fitness,2025-02-11,1007.0010000000002,1027.49,51.10000000000001,49.90137048899738,51457.751100000016,51273.15916373992,5467.751100000011,6361.925723642276
SKU0034,Sports & Fitness,2025-02-11,1676.1830000000002,1850.49,69.20000000000002,61.35527095724108,115991.86360000004,113537.31535366505,-8568.136399999987,3097.8276306311027
SKU0035,Sports & Fitness,2025-02-11,763.6310000000001,768.99,41.400000000000006,41.06200493690129,31614.32340000001,31576.271176427723,2634.323400000004,2832.86772059682
SKU0036,Sports & Fitness,2025-02-11,2823.139,3006.49,53.2,49.15756869752687,150190.99480000001,147791.73871342753,11870.994800000008,19982.060099857685
SKU0037,Sports & Fitness,2025-02-11,519.662,574.99,47.900000000000006,42.575288565025446,24891.809800000006,24480.36517200398,-1453.1901999999984,1063.9564612399863
SKU0038,Books & Stationery,2025-02-11,485.11800000000005,490.49,67.20000000000002,66.35405793226394,32599.92960000001,32546.00187519614,2359.929600000004,2686.6758056773674
SKU0039,Books & Stationery,2025-02-11,322.47600000000006,328.49,77.60000000000001,75.9828926495669,25024.137600000005,24959.620406456233,1744.1376000000046,2164.752611586162
SKU0040,Books & Stationery,2025-02-11,448.9210000000001,500.0000000000001,99.60000000000002,87.99967828909993,44712.531600000024,43999.83914454997,-5087.468399999991,1.0004405145207321e-11
SKU0041,Books & Stationery,2025-02-11,280.99000000000007,262.99,55.80000000000001,60.18194728728157,15679.242000000007,15827.25031708218,1729.242000000004,781.7634952617881
SKU0042,Books & Stationery,2025-02-11,803.0450000000001,871.99,63.80000000000001,57.94868224397354,51234.271000000015,50530.67142992249,194.27100000000468,4171.725634743656
SKU0043,Books & Stationery,2025-02-11,606.0970000000001,683.99,90.0,78.23584699660323,54548.73000000001,53512.536987206644,-3951.2699999999913,2659.2364394145443
SKU0044,Pet Supplies,2025-02-11,1717.668,1740.99,73.4,72.2929736063921,126076.8312,125861.34411899258,8636.831199999993,10192.586348765222
SKU0045,Pet Supplies,2025-02-11,1268.0840000000003,1247.49,61.500000000000014,62.35406361872619,77987.16600000004,77786.07082372473,10337.16600000002,9196.600843125925
SKU0046,Pet Supplies,2025-02-11,497.3470000000001,500.49,79.9,79.50889565332423,39738.02530000001,39793.40718553225,3783.025300000008,4014.4041415363413
SKU0047,Pet Supplies,2025-02-11,373.7750000000001,378.49,66.2,65.55594031702934,24743.905000000006,24812.267850592434,1573.905000000006,1867.6887396321665
SKU0048,Pet Supplies,2025-02-11,967.701,948.99,55.30000000000001,56.383739574164885,53513.86530000001,53507.605018486734,3743.8653000000018,2762.239401738338
SKU0049,Pet Supplies,2025-02-11,1853.9880000000005,2023.99,65.5,60.195072694175394,121436.21400000004,121834.22518228406,3536.2140000000336,13483.094332768347
SKU0001,Electronics,2025-02-12,9881.303000000002,9331.99,24.600000000000005,26.79722757976987,243080.05380000008,250071.45980213664,46280.05380000005,35693.63916397766
SKU0002,Electronics,2025-02-12,19351.861000000004,18657.99,34.400000000000006,36.94403811415968,665704.0184000003,689301.4936936103,46504.01840000016,24308.807638735987
SKU0003,Electronics,2025-02-12,35417.25000000001,32663.99,19.800000000000004,24.276222761092345,701261.5500000003,792958.2975060928,107261.55000000016,64671.61467332244
SKU0004,Electronics,2025-02-12,11145.301,10469.99,13.800000000000002,15.23751316185452,153805.15380000003,159536.6104294852,29605.153799999996,22398.991972794523
SKU0005,Electronics,2025-02-12,6757.551000000001,6186.49,24.90000000000001,28.2034489092322,168263.0199000001,174480.3546424759,18863.01990000004,5259.661187082707
SKU0006,Electronics,2025-02-12,43419.848000000005,44190.49,35.300000000000004,33.46757623717859,1532720.6344000003,1478948.5930332781,50120.6344000002,73310.39107177727
SKU0007,Electronics,2025-02-12,15578.336,13400.99,35.60000000000001,45.458878215182175,554588.7616000001,609193.9723728742,127388.76160000001,63687.43379068807
SKU0008,Groceries,2025-02-12,607.7390000000001,604.99,96.4,96.86830980027464,58586.03960000002,58604.35874606816,5566.039600000015,5326.788355917103
SKU0009,Groceries,2025-02-12,971.023,937.99,83.30000000000001,85.6746922314031,80886.21590000001,80362.0045661338,10081.215900000003,7538.51616944116
SKU0010,Groceries,2025-02-12,536.301,506.99,129.10000000000002,137.24543738373512,69236.45910000002,69582.06429917987,15014.45910000001,11938.98059801112
SKU0011,Groceries,2025-02-12,557.1650000000001,557.99,90.50000000000004,90.38101960246368,50423.43250000003,50431.70512797871,3363.4325000000085,3433.574934697596
SKU0012,Groceries,2025-02-12,394.9020000000001,402.99,90.70000000000002,88.8827162254389,35817.611400000016,35818.84581168962,3165.61140000001,3821.067970531619
SKU0013,Groceries,2025-02-12,323.577,311.99,71.70000000000002,74.33596102621806,23200.470900000004,23192.076480569773,3124.4709000000007,2378.0073932287164
SKU0014,Apparel,2025-02-12,559.0590000000002,538.49,49.400000000000006,51.589585533319095,27617.514600000013,27780.475913837,2917.51460000001,1985.6831471774524
SKU0015,Apparel,2025-02-12,1718.071,1789.49,49.00000000000001,46.64585422299032,84185.479,83472.28967349895,5785.478999999997,8838.922916714437
SKU0016,Apparel,2025-02-12,2881.0560000000005,2534.49,55.30000000000001,64.7352966947955,159322.39680000005,164070.9621199922,37662.39680000004,21653.30939144213
SKU0017,Apparel,2025-02-12,3210.0080000000007,3056.49,55.60000000000001,59.14167424037418,178476.44480000006,180765.93589896127,22796.444800000045,15169.248025913561
SKU0018,Apparel,2025-02-12,1979.3660000000004,2113.99,52.50000000000001,48.42664961837598,103916.71500000004,102373.45302675063,4166.715000000024,10362.818751836267
SKU0019,Apparel,2025-02-12,1817.735,1720.99,41.60000000000001,44.43034524922087,75617.77600000001,76464.17987045663,13217.775999999998,9818.66199662532
SKU0020,Home & Kitchen,2025-02-12,6052.414000000001,5770.49,20.8,22.218665863967576,125890.21120000002,128212.58918136626,21890.211200000016,17119.25986152837
SKU0021,Home & Kitchen,2025-02-12,3902.476000000001,4002.99,36.1,34.91260421106733,140879.38360000003,139754.8055308604,3699.383600000037,7086.90952880455
SKU0022,Home & Kitchen,2025-02-12,4398.772000000001,3711.99,21.4,26.677731732713596,94133.72080000001,99027.47341451554,25653.720800000017,13658.731869832029
SKU0023,Home & Kitchen,2025-02-12,6873.703000000001,7003.99,51.60000000000001,50.23113673472333,354683.0748000001,351818.37937863485,19283.07480000007,25315.990602933198
SKU0024,Home & Kitchen,2025-02-12,2031.617,2087.49,30.100000000000005,29.107881172173723,61151.671700000006,60762.41086810092,6971.6717,8368.224758188217
SKU0025,Home & Kitchen,2025-02-12,1759.5100000000002,1600.99,32.300000000000004,36.2037685719699,56832.17300000002,57961.871446038094,11612.173000000008,7276.595445280231
SKU0026,Beauty & Personal Care,2025-02-12,1019.039,1023.99,66.30000000000001,66.01655215306067,67562.28570000001,67600.2892392126,7892.2857,8185.392301457993
SKU0027,Beauty & Personal Care,2025-02-12,580.9200000000001,534.49,47.400000000000006,51.048733765493,27535.608000000007,27285.037710318353,3835.608000000004,1760.670827571854
SKU0028,Beauty & Personal Care,2025-02-12,630.8680000000002,692.99,58.00000000000001,52.83396716381824,36590.34400000001,36613.4109048544,-1109.6559999999906,2271.3322483725465
SKU0029,Beauty & Personal Care,2025-02-12,2161.313,2001.99,62.10000000000001,66.97160856430514,134217.53730000003,134076.49062965324,22437.53730000001,13527.595213903996
SKU0030,Beauty & Personal Care,2025-02-12,2450.4540000000006,2492.99,49.400000000000006,48.56108217207909,121052.42760000004,121062.29224417143,12372.427600000032,14227.911465597443
SKU0031,Beauty & Personal Care,2025-02-12,425.67800000000005,452.99,59.70000000000001,56.29027316307692,25412.97660000001,25498.930840142213,-1452.023399999997,168.3079167576005
SKU0032,Sports & Fitness,2025-02-12,3318.2900000000004,3364.49,22.800000000000004,22.391449573702182,75657.01200000002,75335.80817622526,7257.012000000011,8161.459455118704
SKU0033,Sports & Fitness,2025-02-12,965.9880000000002,1027.49,47.30000000000001,43.97516203476066,45691.23240000002,45184.03923909623,3121.232400000009,5606.393407811636
SKU0034,Sports & Fitness,2025-02-12,1765.0650000000005,1850.49,64.4,60.80039547960545,113670.18600000005,112510.52383105509,-2249.8139999999676,3069.81196776528
SKU0035,Sports & Fitness,2025-02-12,771.3330000000001,747.49,30.200000000000003,31.34155227881136,23294.256600000004,23427.496912888702,2154.256600000003,1488.4103177207517
SKU0036,Sports & Fitness,2025-02-12,2808.0640000000003,3024.99,45.7,41.60964638176903,128328.52480000003,125868.7642083875,9508.524800000014,17683.683615788013
SKU0037,Sports & Fitness,2025-02-12,558.8120000000001,574.99,66.00000000000001,63.85602711221127,36881.59200000002,36716.57702925036,581.5920000000084,1595.7621175341603
SKU0038,Books & Stationery,2025-02-12,500.407,490.49,67.30000000000001,68.86723858945135,33677.39110000001,33778.69185573999,3392.3910999999994,2788.434490486886
SKU0039,Books & Stationery,2025-02-12,348.55400000000003,328.49,68.9,73.72199651082393,24015.370600000006,24216.938633840553,3345.3706000000025,2100.3396805933744
SKU0040,Books & Stationery,2025-02-12,446.946,500.0000000000001,111.5,98.02985091022988,49834.479,49014.92545511495,-5915.520999999997,1.1144703752305518e-11
SKU0041,Books & Stationery,2025-02-12,273.8790000000001,262.99,99.3,103.97325471739032,27196.184700000005,27343.92625812648,2371.1847000000075,1350.6125787789013
SKU0042,Books & Stationery,2025-02-12,858.6540000000001,872.99,75.70000000000002,74.25452665891409,65000.10780000002,64823.45922796541,4440.10780000001,5419.83790083414
SKU0043,Books & Stationery,2025-02-12,628.9440000000001,683.99,84.30000000000001,76.48678437737541,53019.979200000016,52316.19564628101,-1775.020799999994,2599.785800986991
SKU0044,Pet Supplies,2025-02-12,1636.6080000000002,1740.99,48.900000000000006,45.58576230280613,80030.13120000002,79364.35631156244,1790.1312000000087,6427.136627072637
SKU0045,Pet Supplies,2025-02-12,1309.4320000000002,1247.49,71.30000000000001,74.26343133038989,93362.50160000003,92642.88795034809,14932.50160000002,10953.113486919206
SKU0046,Pet Supplies,2025-02-12,479.7750000000001,500.49,74.20000000000002,71.79410735717569,35599.305000000015,35932.23279119286,2209.305000000007,3624.884480463801
SKU0047,Pet Supplies,2025-02-12,353.629,378.49,78.30000000000001,74.26735099375783,27689.150700000006,28109.449677627403,284.15070000000156,2115.8768298121613
SKU0048,Pet Supplies,2025-02-12,920.7570000000002,948.99,55.30000000000001,53.66383605929199,50917.86210000002,50926.4437819075,1147.8621000000098,2628.991328544715
SKU0049,Pet Supplies,2025-02-12,1881.7670000000005,2023.99,63.70000000000001,59.38366931389513,119868.55790000006,120191.95285463061,5208.557900000033,13301.348089619372
SKU0001,Electronics,2025-02-13,9752.492000000002,9331.99,33.10000000000001,35.33387451489155,322807.48520000017,329735.36363422277,58007.48520000008,47064.36751509039
SKU0002,Electronics,2025-02-13,19238.903,18657.99,33.900000000000006,35.99418265864645,652198.8117000001,671579.100103199,41998.811699999955,23683.812247562837
SKU0003,Electronics,2025-02-13,34811.02500000001,32663.99,24.6,28.842118654795,856351.2150000003,942098.6753190374,118351.21500000021,76835.11567518738
SKU0004,Electronics,2025-02-13,11596.654000000002,10674.49,20.40000000000001,23.198129588542223,236571.74160000015,247628.20231159806,52971.74160000007,38845.03601471806
SKU0005,Electronics,2025-02-13,6517.660000000002,6186.49,26.600000000000005,28.6278866843192,173369.75600000008,177106.1346936739,13769.756000000047,5338.814587758681
SKU0006,Electronics,2025-02-13,42237.70400000001,44190.49,38.3,33.40333820165089,1617704.0632000004,1476109.8827666715,9104.063200000477,73169.67829733419
SKU0007,Electronics,2025-02-13,16429.640000000003,13292.99,21.800000000000004,30.89322425884712,358166.1520000001,410663.3211406122,96566.15200000009,39944.63003444673
SKU0008,Groceries,2025-02-13,599.6870000000001,604.99,84.00000000000001,83.21192519148165,50373.70800000002,50342.38262159449,4173.708000000011,4575.823766279577
SKU0009,Groceries,2025-02-13,977.25,937.99,69.10000000000001,71.44544068991075,67527.975,67015.10891272938,8792.975,6286.484326305248
SKU0010,Groceries,2025-02-13,528.2600000000001,507.49,66.10000000000001,69.07197755117703,34917.98600000001,35053.33788744683,7155.986000000008,6043.1073159524785
SKU0011,Groceries,2025-02-13,558.4570000000001,557.99,92.10000000000002,92.168518395752,51433.88970000002,51429.11157964566,3541.8897000000106,3501.4820138546193
SKU0012,Groceries,2025-02-13,384.758,402.99,92.3,88.13144819676188,35513.1634,35516.09230881307,2285.163399999998,3788.770957978794
SKU0013,Groceries,2025-02-13,320.968,314.49,61.400000000000006,62.65509043686021,19707.435200000004,19704.39939148817,2515.4352000000013,2160.974069167309
SKU0014,Apparel,2025-02-13,574.1370000000002,538.49,55.40000000000001,59.65424187078252,31807.18980000002,32123.21270499768,4107.18980000001,2296.09176960642
SKU0015,Apparel,2025-02-13,1739.833,1789.49,36.6,35.36770021568504,63677.887800000004,63290.14585896622,5117.887800000003,6701.825513870159
SKU0016,Apparel,2025-02-13,2915.5030000000006,2510.99,46.20000000000001,55.540979327811314,134696.23860000007,139462.84368234093,33056.23860000003,17272.689161156028
SKU0017,Apparel,2025-02-13,3320.7910000000006,3056.49,49.30000000000001,54.74129795986587,163714.99630000006,167316.22980135042,25674.996300000035,14040.595513725984
SKU0018,Apparel,2025-02-13,1927.308,2113.99,54.500000000000014,48.65580660191115,105038.28600000002,102857.88859837415,1488.286,10411.856054742957
SKU0019,Apparel,2025-02-13,1748.0010000000002,1725.49,47.10000000000001,47.83890168925956,82330.84710000003,82545.54647580048,11680.847100000012,10787.193941911139
SKU0020,Home & Kitchen,2025-02-13,5876.259000000002,5770.49,36.00000000000001,36.8990023137378,211545.3240000001,212925.32386140086,31545.324000000073,28430.31229271183
SKU0021,Home & Kitchen,2025-02-13,4051.273,4002.99,39.8,40.43054166889426,161240.6654,161843.05399516702,10000.665400000005,8206.995653368836
SKU0022,Home & Kitchen,2025-02-13,4215.148000000001,3768.49,31.000000000000007,35.79393603890791,130669.58800000006,134889.09002326406,31469.58800000004,20348.49469875875
SKU0023,Home & Kitchen,2025-02-13,7033.974000000001,7003.99,40.50000000000001,40.74970617677746,284875.9470000001,285410.5345650875,21625.947000000047,20537.44441603406
SKU0024,Home & Kitchen,2025-02-13,2016.2490000000005,2087.49,45.20000000000001,43.32217716765332,91134.45480000004,90434.61161570462,9774.454800000023,12454.692713928644
SKU0025,Home & Kitchen,2025-02-13,1700.77,1600.99,35.60000000000001,38.29250170577254,60547.41200000001,61305.91230592477,10707.412000000002,7696.4099178432225
SKU0026,Beauty & Personal Care,2025-02-13,993.101,1023.99,44.2,43.01034433144154,43895.0642,44042.16249195282,4115.0642,5332.852593655437
SKU0027,Beauty & Personal Care,2025-02-13,552.5520000000001,534.49,75.60000000000001,77.8536375365934,41772.93120000001,41611.99072693381,3972.9312000000104,2685.171958637107
SKU0028,Beauty & Personal Care,2025-02-13,605.3580000000002,692.99,70.0,61.22640270842357,42375.06000000001,42429.28481291045,-3124.939999999988,2632.12305243513
SKU0029,Beauty & Personal Care,2025-02-13,2103.706,2001.99,61.2,64.2669997940943,128746.80720000001,128661.89091777886,18586.80720000001,12981.29128840911
SKU0030,Beauty & Personal Care,2025-02-13,2396.4570000000003,2502.99,77.30000000000001,74.04779977617808,185246.12610000005,185340.90236177595,15186.126100000029,22435.74285418418
SKU0031,Beauty & Personal Care,2025-02-13,439.7000000000001,452.99,59.10000000000001,57.45901381027679,25986.27000000001,26028.358665917283,-608.729999999994,171.8024512927281
SKU0032,Sports & Fitness,2025-02-13,3302.2520000000004,3364.49,27.000000000000004,26.35289271803081,89160.80400000002,88664.04402088746,8160.804000000012,9605.365866795044
SKU0033,Sports & Fitness,2025-02-13,989.3450000000004,1027.49,53.70000000000001,51.36031972567261,53127.82650000003,52772.21491493135,4797.826500000021,6547.927161826002
SKU0034,Sports & Fitness,2025-02-13,1744.3500000000004,1850.49,46.00000000000001,42.78951706143305,80240.10000000003,79181.57342701124,-2559.8999999999837,2160.4427164317553
SKU0035,Sports & Fitness,2025-02-13,761.3750000000001,739.49,46.2,47.80200614286756,35175.52500000001,35349.10552258913,2835.5250000000055,1887.7012225818405
SKU0036,Sports & Fitness,2025-02-13,2862.5960000000005,3019.99,38.400000000000006,35.88601327952455,109923.68640000004,108375.40124403134,10083.686400000019,15071.766717267506
SKU0037,Sports & Fitness,2025-02-13,570.623,574.99,41.3,40.934084368155496,23566.729900000002,23536.68917084573,851.7299000000019,1022.9427683602062
SKU0038,Books & Stationery,2025-02-13,514.085,490.49,76.10000000000001,80.31707064968546,39121.868500000004,39394.71998296422,4876.868500000003,3252.038190605765
SKU0039,Books & Stationery,2025-02-13,361.7700000000001,328.49,66.70000000000002,74.46548095263647,24130.059000000012,24461.165838131554,4120.0590000000075,2121.5215523406137
SKU0040,Books & Stationery,2025-02-13,449.70200000000006,500.0000000000001,115.20000000000002,102.00416128995208,51805.67040000002,51002.08064497605,-5794.329599999995,1.159653053150033e-11
SKU0041,Books & Stationery,2025-02-13,269.89400000000006,262.99,76.20000000000002,78.4784641320319,20565.922800000008,20639.05128208307,1515.922800000005,1019.4352490750952
SKU0042,Books & Stationery,2025-02-13,904.37,872.99,76.30000000000001,79.50122727465035,69003.43100000001,69403.77639849701,7963.431000000001,5802.794578776729
SKU0043,Books & Stationery,2025-02-13,648.3290000000001,683.99,74.40000000000002,69.9160372749002,48235.67760000002,47821.87033565899,-124.32239999999523,2376.4461069738586
SKU0044,Pet Supplies,2025-02-13,1698.8260000000002,1740.99,66.20000000000002,64.39339385559022,112462.28120000004,112108.25476864401,6542.2812000000185,9078.824599699665
SKU0045,Pet Supplies,2025-02-13,1275.717,1247.49,51.80000000000001,52.78842775153717,66082.14060000001,65853.03573576511,9102.140600000008,7785.765209074218
SKU0046,Pet Supplies,2025-02-13,475.47800000000007,500.49,58.40000000000001,56.10306355878189,27767.91520000001,28079.022280534748,1487.9152000000042,2832.643679082898
SKU0047,Pet Supplies,2025-02-13,366.2950000000001,378.49,56.400000000000006,54.97384156692276,20659.038000000008,20807.049294664594,919.0380000000042,1566.20474624163
SKU0048,Pet Supplies,2025-02-13,905.1600000000002,948.99,77.60000000000002,74.053192768781,70240.41600000004,70275.73940564548,400.4160000000153,3627.865913742582
SKU0049,Pet Supplies,2025-02-13,1928.8740000000005,2023.99,72.9,69.60492311582223,140614.91460000005,140879.66833719303,9394.914600000036,15590.806728713022
SKU0001,Electronics,2025-02-14,9764.073,9331.99,21.800000000000004,23.335160363497085,212856.79140000005,217763.48316055114,38456.79140000002,31082.200252574476
SKU0002,Electronics,2025-02-14,19015.997000000003,18657.99,29.90000000000001,31.03663585112882,568578.3103000002,579081.2413440031,30378.3103000001,20421.796023684303
SKU0003,Electronics,2025-02-14,34698.034,32663.99,23.4,27.22141732593744,811933.9955999999,889160.1033202474,109933.99559999998,72517.58354212412
SKU0004,Electronics,2025-02-14,11589.057000000004,10730.49,20.9,23.548218901804272,242211.29130000007,252683.9274436217,54111.291300000084,40749.95732738327
SKU0005,Electronics,2025-02-14,6497.551000000001,6186.49,29.700000000000003,31.817489885202534,192977.26470000006,196838.58299990662,14777.26470000004,5933.643688691413
SKU0006,Electronics,2025-02-14,42403.28400000001,44190.49,36.400000000000006,32.119405820672526,1543479.5376000004,1419372.281724371,14679.537600000254,70357.23725612489
SKU0007,Electronics,2025-02-14,16280.984000000004,13261.49,24.1,33.73887854507129,392371.7144000001,447427.8004366774,103171.7144000001,42561.25789582197
SKU0008,Groceries,2025-02-14,599.5400000000001,604.99,80.10000000000001,79.3272463187685,48023.15400000001,47992.190750391754,3968.154000000007,4362.205275069081
SKU0009,Groceries,2025-02-14,976.718,937.99,82.00000000000001,84.7395725201154,80090.876,79484.87162814305,10390.875999999998,7456.234986044955
SKU0010,Groceries,2025-02-14,535.1780000000001,508.49,87.4,92.42345177091278,46774.55720000001,46996.40099099144,10066.55720000001,8178.551247208073
SKU0011,Groceries,2025-02-14,563.519,557.99,71.10000000000001,71.72789828391987,40066.2009,40023.44996344445,3094.2009000000007,2724.9428558061163
SKU0012,Groceries,2025-02-14,379.35800000000006,402.99,80.70000000000002,75.96824207397569,30614.190600000013,30614.441873391464,1562.1906000000054,3265.8747267602157
SKU0013,Groceries,2025-02-14,319.9580000000001,314.99,81.60000000000002,82.87216739626436,26108.572800000013,26103.90400814931,3260.5728000000076,2899.697137195291
SKU0014,Apparel,2025-02-14,571.5520000000001,538.49,60.500000000000014,64.80118207935801,34578.896000000015,34894.7885379135,4328.896000000009,2494.1974982344905
SKU0015,Apparel,2025-02-14,1723.188,1789.49,55.80000000000001,53.316626107694645,96153.89040000002,95409.5692534585,6873.8904000000075,10102.96748114706
SKU0016,Apparel,2025-02-14,2915.519,2505.49,49.80000000000001,60.01535768490307,145192.84620000003,150367.87852594777,35632.8462,18334.091619161027
SKU0017,Apparel,2025-02-14,3277.473000000001,3056.49,37.10000000000001,40.54048160197963,121594.24830000006,123911.57661163471,17714.248300000036,10398.228126091746
SKU0018,Apparel,2025-02-14,1956.9020000000005,2113.99,61.900000000000006,56.31816736584826,121132.23380000005,119056.04262972955,3522.2338000000314,12051.524634617857
SKU0019,Apparel,2025-02-14,1794.6000000000004,1727.49,33.2,34.76794727467301,59580.720000000016,60061.28123752488,9780.720000000012,7909.360325515364
SKU0020,Home & Kitchen,2025-02-14,5961.899000000001,5770.49,44.400000000000006,46.40096813913037,264708.3156000001,267756.3226371704,42708.31560000006,35751.48194151855
SKU0021,Home & Kitchen,2025-02-14,4038.567000000001,4002.99,39.10000000000001,39.55643796066386,157907.96970000007,158344.0255921578,9327.969700000038,8029.561341635148
SKU0022,Home & Kitchen,2025-02-14,4245.662000000001,3782.49,26.200000000000003,30.41176351897657,111236.34440000005,115032.19139289368,27396.344400000035,17714.548132168657
SKU0023,Home & Kitchen,2025-02-14,7047.871000000001,7003.99,31.000000000000007,31.281897888751654,218484.00100000008,219098.0999938377,16984.001000000037,15765.76371695194
SKU0024,Home & Kitchen,2025-02-14,1992.3010000000004,2087.49,30.000000000000004,28.318366179750324,59769.03000000002,59114.306216567,5769.0300000000125,8141.2470930164145
SKU0025,Home & Kitchen,2025-02-14,1703.3960000000002,1600.99,43.2,46.53763550599196,73586.70720000002,74506.28906873807,13106.707200000008,9353.599360349324
SKU0026,Beauty & Personal Care,2025-02-14,1008.764,1021.49,83.20000000000002,82.28579573187861,83929.16480000001,84054.11748215668,9049.164800000002,9996.901323465932
SKU0027,Beauty & Personal Care,2025-02-14,552.3740000000001,534.49,57.80000000000001,59.51293282442034,31927.217200000014,31809.067465324428,3027.2172000000087,2052.601053114258
SKU0028,Beauty & Personal Care,2025-02-14,611.846,692.99,61.80000000000001,54.61507741902902,37812.082800000004,37847.70250061292,-2357.9172000000003,2347.902178244058
SKU0029,Beauty & Personal Care,2025-02-14,2110.0690000000004,2001.99,80.20000000000002,84.45414762250437,169227.53380000006,169076.35899877752,24867.533800000037,17058.893278269657
SKU0030,Beauty & Personal Care,2025-02-14,2385.1070000000004,2502.99,42.8,40.78682623494412,102082.57960000001,102089.01819780278,7922.579600000017,12358.000480925712
SKU0031,Beauty & Personal Care,2025-02-14,437.335,452.99,52.20000000000001,50.488609737102536,22828.887000000002,22870.83532481008,-661.1130000000012,150.96094311393705
SKU0032,Sports & Fitness,2025-02-14,3291.1450000000004,3364.49,43.3,42.09398282497504,142506.5785,141624.78427480027,12606.578500000018,15342.835799875143
SKU0033,Sports & Fitness,2025-02-14,980.999,1027.49,45.400000000000006,42.98267595800721,44537.354600000006,44164.26972009283,3677.3546000000015,5479.86135788634
SKU0034,Sports & Fitness,2025-02-14,1774.4860000000003,1850.49,65.10000000000001,61.8614133581845,115519.03860000004,114473.92680518684,-1660.9613999999788,3123.382760454736
SKU0035,Sports & Fitness,2025-02-14,761.238,737.99,41.50000000000001,43.03564203080642,31591.377000000008,31759.87346231483,2541.3770000000027,1634.9240407503364
SKU0036,Sports & Fitness,2025-02-14,2951.5560000000005,3018.99,39.7,38.58305132387751,117176.77320000003,116481.84611627297,13956.773200000021,16165.91267419143
SKU0037,Sports & Fitness,2025-02-14,562.177,574.99,47.900000000000006,46.66017066282488,26928.278300000005,26829.13152941768,583.2783000000011,1166.0376648639942
SKU0038,Books & Stationery,2025-02-14,509.8070000000001,490.49,73.30000000000001,76.62518293929487,37368.85310000001,37583.885979894745,4383.853100000006,3102.55365721205
SKU0039,Books & Stationery,2025-02-14,362.8190000000001,328.49,67.30000000000001,75.38279566000007,24417.71870000001,24762.494546353424,4227.718700000006,2147.6558483534027
SKU0040,Books & Stationery,2025-02-14,454.91300000000007,500.0000000000001,77.00000000000001,69.05376224736375,35028.301000000014,34526.88112368188,-3471.6989999999955,7.850503862683098e-12
SKU0041,Books & Stationery,2025-02-14,273.60800000000006,262.99,84.4,88.27974871428968,23092.515200000005,23216.691114371046,1992.5152000000053,1146.7539357986238
SKU0042,Books & Stationery,2025-02-14,897.2140000000002,872.99,79.40000000000002,81.96876274344667,71238.79160000003,71557.91018740152,7718.791600000015,5982.899992644174
SKU0043,Books & Stationery,2025-02-14,645.8620000000001,683.99,71.30000000000001,66.7042059912008,46049.96060000001,45625.00985592143,-295.0393999999943,2267.2759616409157
SKU0044,Pet Supplies,2025-02-14,1708.2820000000002,1740.99,67.7,66.26683139398318,115650.69140000001,115369.89078861078,7330.691400000011,9342.96055823769
SKU0045,Pet Supplies,2025-02-14,1301.382,1247.49,59.30000000000001,61.45151379602835,77171.95260000002,76660.1489454074,11941.952600000006,9063.483769776221
SKU0046,Pet Supplies,2025-02-14,470.7440000000001,500.49,81.20000000000002,77.41554628013803,38224.41280000001,38745.70675774628,1684.4128000000073,3908.7109316841697
SKU0047,Pet Supplies,2025-02-14,364.58900000000006,378.49,74.60000000000001,72.457742135489,27198.339400000008,27424.530820861233,1088.3394000000042,2064.3210734400823
SKU0048,Pet Supplies,2025-02-14,905.459,948.99,57.10000000000001,54.49614521236151,51701.708900000005,51716.29684507895,311.70889999999696,2669.766153953591
SKU0049,Pet Supplies,2025-02-14,1921.072,2023.49,67.70000000000002,64.40048590083349,130056.57440000003,130313.73921547756,8196.574399999994,14392.864593977276
SKU0001,Electronics,2025-02-15,10870.843000000004,10677.99,17.700000000000003,18.18816186582787,192413.9211000001,194213.01052169132,50813.92110000009,48707.715595068374
SKU0002,Electronics,2025-02-15,21130.768000000004,24444.49,14.300000000000002,10.599637623548643,302169.9824000001,259102.7358924586,44769.98240000006,68309.25866858302
SKU0003,Electronics,2025-02-15,38809.243,38625.99,10.7,10.834140057168495,415258.90009999997,418479.3855067897,94258.90010000001,93455.18379173485
SKU0004,Electronics,2025-02-15,12997.143000000004,11922.49,5.300000000000001,6.160227008204255,68884.85790000003,73445.24490304515,21184.85790000002,18003.201829206853
SKU0005,Electronics,2025-02-15,7217.238000000001,8051.49,15.900000000000002,13.564529640130152,114754.08420000004,109214.67475221152,19354.084200000023,27827.4969114306
SKU0006,Electronics,2025-02-15,47391.56500000001,49382.49,18.1,15.920498289926504,857787.3265000002,786193.8475973126,97587.32650000018,117532.91942039948
SKU0007,Electronics,2025-02-15,17928.117000000006,14734.99,16.6,23.014377983570924,297606.7422000001,339116.62944413774,98406.7422000001,62944.093641286636
SKU0008,Groceries,2025-02-15,662.7720000000002,744.99,48.10000000000001,42.38473026027003,31879.333200000012,31576.200196598573,5424.333200000009,8264.598553450054
SKU0009,Groceries,2025-02-15,1083.611,1133.99,47.50000000000001,45.76260206890391,51471.522500000014,51894.333120116346,11096.522500000006,12996.121361548021
SKU0010,Groceries,2025-02-15,595.9200000000001,491.99,65.0,80.18573186230229,38734.8,39450.578218934104,11434.800000000005,5772.570836767142
SKU0011,Groceries,2025-02-15,619.0540000000001,694.99,77.00000000000001,69.45190560053727,47667.15800000002,48268.3798733174,7627.1580000000085,12153.388961038017
SKU0012,Groceries,2025-02-15,420.628,410.49,62.400000000000006,63.94584580566361,26247.1872,26249.130244766857,3783.1871999999994,3228.625754727956
SKU0013,Groceries,2025-02-15,356.3190000000001,280.49,65.0,82.37608692669205,23160.735000000004,23105.668622067857,4960.735000000005,40.36428259407985
SKU0014,Apparel,2025-02-15,633.5150000000001,680.99,30.700000000000006,28.204145960571267,19448.910500000005,19206.74135768943,4098.910500000004,5104.668377403794
SKU0015,Apparel,2025-02-15,1934.7900000000004,2186.49,39.2,33.77986687249963,75843.76800000003,73859.34111805171,13123.768000000018,19811.5541220523
SKU0016,Apparel,2025-02-15,3232.3000000000006,2783.49,22.800000000000004,27.514501945516784,73696.44000000003,76586.34102032651,23536.44000000002,16054.436740189582
SKU0017,Apparel,2025-02-15,3653.5790000000006,3716.99,24.500000000000007,23.962299561496742,89512.68550000004,89067.62784708777,20912.68550000002,21973.18907489689
SKU0018,Apparel,2025-02-15,2173.9720000000007,2689.99,42.30000000000001,32.50876974393509,91959.01560000006,87448.26552348795,11589.015600000032,25681.603010011277
SKU0019,Apparel,2025-02-15,1964.427,1918.99,32.60000000000001,33.53770050112876,64040.32020000002,64358.51188466108,15140.3202,14051.96113296794
SKU0020,Home & Kitchen,2025-02-15,6668.703000000001,6432.49,21.1,22.178952810261723,140709.63330000004,142665.89216248042,35209.63330000003,31771.128111171813
SKU0021,Home & Kitchen,2025-02-15,4465.502,5326.49,20.700000000000003,16.318540620540723,92435.89140000002,86920.54342990395,13775.89140000001,24910.089071849205
SKU0022,Home & Kitchen,2025-02-15,4755.187000000001,4201.99,22.40000000000001,26.29977366070429,106516.18880000006,110511.38592454282,34836.18880000003,26352.110210289084
SKU0023,Home & Kitchen,2025-02-15,7802.728000000001,9092.49,29.600000000000005,23.684380504549104,230960.74880000006,215349.99289380768,38560.74880000004,61401.5196142385
SKU0024,Home & Kitchen,2025-02-15,2209.9540000000006,2406.99,17.900000000000002,16.066151782071433,39558.17660000001,38671.06667792812,7338.1766000000125,9751.993470199535
SKU0025,Home & Kitchen,2025-02-15,1893.5560000000005,1803.49,20.200000000000003,21.448475162888577,38249.831200000015,38682.11047151792,9969.831200000011,8654.245243473912
SKU0026,Beauty & Personal Care,2025-02-15,1123.427,1134.49,51.80000000000001,51.35131049185374,58193.51860000001,58257.548239903146,11573.518599999998,12041.368797234783
SKU0027,Beauty & Personal Care,2025-02-15,617.95,637.99,32.7,31.77433669964023,20206.965000000004,20271.70907100347,3856.965000000002,4384.540721183355
SKU0028,Beauty & Personal Care,2025-02-15,681.1380000000001,891.49,55.30000000000001,42.295858047058594,37666.931400000016,37706.33449037227,1721.9314000000086,10214.026759784181
SKU0029,Beauty & Personal Care,2025-02-15,2348.9690000000005,2350.99,35.50000000000001,35.469524626241025,83388.39950000003,83388.49770104638,19488.39950000002,19543.353373812533
SKU0030,Beauty & Personal Care,2025-02-15,2675.6800000000003,2781.99,34.10000000000001,32.79108932450832,91240.68800000004,91224.4825898889,16220.688000000015,19084.08607597059
SKU0031,Beauty & Personal Care,2025-02-15,485.67500000000007,617.99,35.00000000000001,27.772860220869678,16998.625000000007,17163.349887895252,1248.6250000000027,4665.5627885038975
SKU0032,Sports & Fitness,2025-02-15,3656.3670000000006,3926.49,14.400000000000002,13.084952266907058,52651.68480000002,51377.93422648789,9451.68480000001,12123.077425766716
SKU0033,Sports & Fitness,2025-02-15,1093.746,1226.49,21.700000000000003,18.885391773395824,23734.288200000006,23162.744156152243,4204.288200000003,6165.891560096003
SKU0034,Sports & Fitness,2025-02-15,1972.107,2426.49,31.700000000000006,24.507985439529392,62515.79190000001,59468.38158916367,5455.7919,15354.007798010764
SKU0035,Sports & Fitness,2025-02-15,851.4760000000001,819.49,29.000000000000004,30.343987244155795,24692.804000000007,24866.594106713233,4392.804000000004,3625.803035804176
SKU0036,Sports & Fitness,2025-02-15,3234.2210000000005,3353.99,28.200000000000003,26.92087017335484,91205.03220000002,90292.32935273039,17885.032200000016,20298.06690200781
SKU0037,Sports & Fitness,2025-02-15,621.5680000000001,741.49,32.300000000000004,26.233852323174396,20076.646400000005,19452.139159110582,2311.6464000000033,5023.520381364666
SKU0038,Books & Stationery,2025-02-15,573.7660000000001,522.99,71.2,79.19651501848381,40852.139200000005,41418.98538951685,8812.139200000005,5780.553631199134
SKU0039,Books & Stationery,2025-02-15,398.8380000000001,300.49,43.00000000000001,59.50917895801582,17150.034000000007,17881.913185094174,4250.034000000004,29.159497689428296
SKU0040,Books & Stationery,2025-02-15,504.7360000000001,714.99,72.30000000000001,48.32653835614624,36492.41280000001,34552.991659260995,342.41280000000756,10389.72248118788
SKU0041,Books & Stationery,2025-02-15,303.28600000000006,250.49,60.10000000000001,74.73317185687863,18227.488600000008,18719.912218429527,3202.4886000000038,36.61925420987121
SKU0042,Books & Stationery,2025-02-15,992.478,977.99,50.30000000000001,51.17429906215399,49921.64340000001,50047.95273979598,9681.643399999999,9108.51349007279
SKU0043,Books & Stationery,2025-02-15,720.249,898.49,57.000000000000014,44.02377551206807,41054.193000000014,39554.92205983804,4004.1930000000025,10939.467976993796
SKU0044,Pet Supplies,2025-02-15,1889.9900000000005,1989.99,51.80000000000001,48.85887801810441,97901.48200000005,97228.6786672476,15021.482000000027,19054.47383828054
SKU0045,Pet Supplies,2025-02-15,1432.1580000000004,1440.99,43.8,43.572247341278086,62728.52040000001,62787.172696308306,14548.520400000014,14857.700620902415
SKU0046,Pet Supplies,2025-02-15,516.417,607.99,37.900000000000006,33.30832589487369,19572.204300000005,20251.129060824256,2517.2043000000017,5262.382408131095
SKU0047,Pet Supplies,2025-02-15,406.544,431.49,56.500000000000014,53.927927643961375,22969.736000000004,23269.361499092895,3194.736,4394.586823706413
SKU0048,Pet Supplies,2025-02-15,1001.7110000000002,1121.49,49.400000000000006,44.13615745284645,49484.52340000002,49498.25922179276,5024.523400000013,9775.71751423096
SKU0049,Pet Supplies,2025-02-15,2134.9930000000004,2247.49,64.60000000000002,61.48412581081136,137920.5478000001,138184.95791854043,21640.547800000033,27513.531459079964
SKU0001,Electronics,2025-02-16,10788.564000000002,10677.99,15.600000000000003,15.848043149526715,168301.59840000008,169225.24627021476,43501.59840000004,42440.90107400104
SKU0002,Electronics,2025-02-16,21138.768000000004,24444.49,21.1,15.767090769175276,446028.0048000001,385418.49263619736,66228.00480000008,101610.8587910424
SKU0003,Electronics,2025-02-16,38604.726,32785.99,1.2000000000000002,2.260712627730993,46325.67120000001,74119.70160566205,10325.671200000004,6298.322773732264
SKU0004,Electronics,2025-02-16,12851.4,11922.49,3.700000000000001,4.253163121167616,47550.180000000015,50708.29478048969,14250.180000000002,12429.826689981146
SKU0005,Electronics,2025-02-16,7254.980000000001,8051.49,21.700000000000003,18.70223305906201,157433.06600000005,150580.84245270718,27233.066000000035,38367.444098335116
SKU0006,Electronics,2025-02-16,46770.124,48233.49,24.90000000000001,22.65400282301576,1164576.0876000004,1092681.6186239023,118776.08760000013,141213.50005724045
SKU0007,Electronics,2025-02-16,18121.061,14734.99,13.500000000000002,19.122969243269083,244634.32350000006,281776.7605698775,82634.32350000003,52301.1296506485
SKU0008,Groceries,2025-02-16,661.0710000000001,744.99,57.900000000000006,50.90267605566838,38276.01090000001,37921.98463471239,6431.010900000008,9925.512804094778
SKU0009,Groceries,2025-02-16,1068.726,1133.99,55.2,52.588449373242696,58993.67520000001,59634.77570476349,12073.675200000007,14934.593737507194
SKU0010,Groceries,2025-02-16,596.3860000000001,470.99,73.50000000000001,95.14457913917346,43834.371000000014,44812.14532875931,12964.371000000008,4851.422090306455
SKU0011,Groceries,2025-02-16,622.681,694.99,71.4,64.73069610974993,44459.42340000001,44987.1864893151,7331.423400000003,11327.22451224514
SKU0012,Groceries,2025-02-16,421.01900000000006,401.49,53.7,56.326300408051495,22608.720300000004,22614.446350828595,3276.7203000000036,2336.978203930057
SKU0013,Groceries,2025-02-16,355.62000000000006,280.49,60.10000000000001,76.03810155488239,21372.762000000006,21327.92710512896,4544.762000000004,37.25866976189306
SKU0014,Apparel,2025-02-16,635.1690000000001,623.99,28.60000000000001,29.20246759500075,18165.833400000007,18222.04775460452,3865.833400000004,3620.8139571041434
SKU0015,Apparel,2025-02-16,1914.1420000000005,2186.49,39.900000000000006,33.938742965970704,76374.26580000004,74206.72210766528,12534.265800000023,19904.73336211215
SKU0016,Apparel,2025-02-16,3186.9040000000005,2783.49,18.9,22.43772316341866,60232.48560000001,62455.178048144204,18652.485600000007,13092.187088623148
SKU0017,Apparel,2025-02-16,3618.542000000001,3716.99,30.500000000000007,29.469952064626348,110365.53100000005,109539.51712469549,24965.53100000003,27023.65134374171
SKU0018,Apparel,2025-02-16,2185.1200000000003,2689.99,36.2,27.96590008986272,79101.34400000001,75227.99158272981,10321.344000000014,22092.781411990643
SKU0019,Apparel,2025-02-16,1962.259,1918.99,34.300000000000004,35.238045827155254,67305.48370000001,67621.45756185266,15855.483700000003,14764.388821119781
SKU0020,Home & Kitchen,2025-02-16,6636.5520000000015,6432.49,16.3,17.0290753440951,108175.79760000003,109539.3568601383,26675.797600000027,24393.980139662788
SKU0021,Home & Kitchen,2025-02-16,4504.554000000001,5326.49,32.400000000000006,25.95474324778713,145947.54960000006,138247.68036190566,22827.549600000035,39619.65602031457
SKU0022,Home & Kitchen,2025-02-16,4734.507000000001,4201.99,18.800000000000004,21.97466899033629,89008.73160000004,92337.33935070319,28848.731600000032,22018.398581627054
SKU0023,Home & Kitchen,2025-02-16,7831.958,9092.49,20.6,16.516003267361505,161338.3348,150171.5945484518,27438.334799999993,42817.57331060203
SKU0024,Home & Kitchen,2025-02-16,2192.726,2406.99,19.6,17.42804385983227,42977.4296,41949.12729017767,7697.429600000003,10578.648342479584
SKU0025,Home & Kitchen,2025-02-16,1878.667,1803.49,14.400000000000004,15.1564574520482,27052.804800000005,27334.519450194406,6892.804800000001,6115.479017326928
SKU0026,Beauty & Personal Care,2025-02-16,1132.591,1134.49,46.400000000000006,46.33089386674592,52552.2224,52561.935782884575,10792.222399999997,10864.13130281325
SKU0027,Beauty & Personal Care,2025-02-16,614.3810000000001,637.99,34.7,33.5443464999716,21319.020700000005,21400.957623516882,3969.020700000003,4628.784373531082
SKU0028,Beauty & Personal Care,2025-02-16,677.075,891.49,58.60000000000001,44.56685226852377,39676.59500000001,39730.90312886625,1586.595000000003,10762.449154325805
SKU0029,Beauty & Personal Care,2025-02-16,2329.4390000000003,2350.99,38.60000000000001,38.24738261120781,89916.34540000003,89919.21404512344,20436.345400000017,21073.925344949384
SKU0030,Beauty & Personal Care,2025-02-16,2663.4400000000005,2781.99,47.20000000000001,45.19552251127104,125714.36800000005,125733.4916711309,21874.368000000028,26303.34214633462
SKU0031,Beauty & Personal Care,2025-02-16,484.7950000000001,617.99,47.900000000000006,38.01728243552291,23221.680500000006,23494.300372328802,1666.6805000000036,6386.523276343493
SKU0032,Sports & Fitness,2025-02-16,3700.27,3571.99,0.9000000000000001,0.9858341676408972,3330.2430000000004,3521.389788471608,630.243,563.8872855489166
SKU0033,Sports & Fitness,2025-02-16,1088.5680000000002,1226.49,30.800000000000004,26.704722465748656,33527.89440000001,32753.07505701607,5807.894400000007,8718.82483784228
SKU0034,Sports & Fitness,2025-02-16,1959.8220000000003,2426.49,23.800000000000004,18.201238630764955,46643.76360000001,44165.123525164854,3803.763600000009,11402.893989787932
SKU0035,Sports & Fitness,2025-02-16,848.268,819.49,22.90000000000001,23.863055736863995,19425.33720000001,19555.535545802675,3395.337200000002,2851.396529997879
SKU0036,Sports & Fitness,2025-02-16,3238.514,3353.99,31.300000000000004,29.93558151325597,101365.48820000002,100403.64103964537,19985.488200000007,22571.12910517986
SKU0037,Sports & Fitness,2025-02-16,622.7970000000001,741.49,23.300000000000004,18.91814394390433,14511.170100000007,14027.614552965622,1696.1701000000035,3622.6353838182404
SKU0038,Books & Stationery,2025-02-16,565.7280000000001,505.99,55.20000000000001,62.77866428145298,31228.185600000008,31765.376339772396,6388.185600000004,3514.977413118553
SKU0039,Books & Stationery,2025-02-16,397.7510000000001,300.49,48.900000000000006,67.4124126394527,19450.023900000007,20256.755874029142,4780.023900000005,33.032082193332435
SKU0040,Books & Stationery,2025-02-16,505.8320000000001,680.49,82.4,58.51825223608844,41680.55680000001,39821.085464135824,480.5568000000089,10561.959346091604
SKU0041,Books & Stationery,2025-02-16,302.76900000000006,250.49,52.30000000000001,64.93865348204004,15834.818700000007,16266.48331071621,2759.818700000004,31.819940206200208
SKU0042,Books & Stationery,2025-02-16,990.6410000000002,977.99,67.30000000000001,68.3162932605605,66670.13930000002,66812.65164589556,12830.139300000015,12159.617037447164
SKU0043,Books & Stationery,2025-02-16,721.4630000000001,898.49,54.400000000000006,42.08848772563874,39247.58720000001,37816.085336609154,3887.5872000000045,10458.568314943972
SKU0044,Pet Supplies,2025-02-16,1873.516,1989.99,55.50000000000001,51.836067051801095,103980.13800000002,103153.25507241367,15180.138000000006,20215.54778953191
SKU0045,Pet Supplies,2025-02-16,1436.3420000000003,1440.99,29.700000000000006,29.61788487573561,42659.357400000015,42679.075927086255,9989.357400000012,10099.402563777085
SKU0046,Pet Supplies,2025-02-16,520.6270000000001,607.99,48.30000000000001,42.75317995533536,25146.284100000008,25993.505881044348,3411.284100000004,6754.5749011434345
SKU0047,Pet Supplies,2025-02-16,410.16800000000006,431.49,48.2,46.32079990814063,19770.097600000005,19986.9619523636,2900.0976000000032,3774.68198451438
SKU0048,Pet Supplies,2025-02-16,1008.0460000000002,1121.49,59.500000000000014,53.51589825654872,59978.73700000002,60017.54473573682,6428.737000000011,11853.236304842976
SKU0049,Pet Supplies,2025-02-16,2119.005,2247.49,48.10000000000001,45.43588959147349,101924.14050000002,102116.70749794075,15344.140500000009,20332.10623328846
SKU0001,Electronics,2025-02-17,10957.515000000005,10677.99,16.700000000000003,17.370895518185197,182990.5005000001,185486.24863422636,49390.50050000009,46519.084488744775
SKU0002,Electronics,2025-02-17,21228.985,24444.49,28.40000000000001,21.48682572145485,602903.1740000002,525234.4964798458,91703.17400000004,138471.6334936586
SKU0003,Electronics,2025-02-17,38499.83,33592.99,1.9000000000000004,3.027235018366393,73149.67700000001,101693.87569963204,16149.677000000007,10876.82514864026
SKU0004,Electronics,2025-02-17,12961.4,10341.49,0.4000000000000001,0.9568991800738522,5184.560000000001,9895.763301741941,1584.5600000000002,1283.6706810772719
SKU0005,Electronics,2025-02-17,7253.549000000001,8051.49,15.200000000000005,13.05685383252899,110253.94480000004,105127.12806406883,19053.94480000002,26786.005068894894
SKU0006,Electronics,2025-02-17,47059.956000000006,48009.99,27.300000000000004,25.682694671491895,1284736.7988000005,1233025.914351379,138136.79880000016,154352.7381487195
SKU0007,Electronics,2025-02-17,18026.65500000001,14734.99,9.8,13.864620968403628,176661.2190000001,204295.05132321778,59061.2190000001,37919.59970237424
SKU0008,Groceries,2025-02-17,661.2700000000001,744.99,70.9,62.37845708218569,46884.04300000001,46471.32674165752,7889.043000000008,12163.175346455388
SKU0009,Groceries,2025-02-17,1073.5970000000002,1133.99,44.80000000000001,42.83143403126882,48097.14560000002,48570.41787711853,10017.145600000013,12163.698950540032
SKU0010,Groceries,2025-02-17,594.2440000000001,457.49,56.10000000000001,74.74589502716084,33337.088400000015,34195.49951597581,9775.08840000001,2802.2236045682607
SKU0011,Groceries,2025-02-17,626.3700000000001,694.99,64.30000000000001,58.59354810558097,40275.591000000015,40721.92999789772,6839.5910000000085,10253.284982995614
SKU0012,Groceries,2025-02-17,424.7850000000001,390.99,50.50000000000001,54.892752926372445,21451.642500000005,21462.517466682362,3271.6425000000045,1701.1264131882826
SKU0013,Groceries,2025-02-17,359.34900000000005,280.49,54.20000000000001,69.31203680270133,19476.715800000005,19441.333202789698,4300.715800000004,33.96289803332428
SKU0014,Apparel,2025-02-17,632.749,604.99,33.5,35.30169310186503,21197.091500000002,21357.17130969732,4447.0915,3706.3247587648093
SKU0015,Apparel,2025-02-17,1928.1900000000005,2186.49,37.2,31.91606351150644,71728.66800000002,69784.15370727371,12208.66800000002,18718.452088863403
SKU0016,Apparel,2025-02-17,3179.706,2783.49,30.200000000000006,35.64626238092061,96027.12120000002,99221.0148746687,29587.12120000001,20799.23763664336
SKU0017,Apparel,2025-02-17,3640.0390000000007,3716.99,27.500000000000007,26.77104023860599,100101.07250000004,99507.68885649608,23101.072500000024,24548.7761883993
SKU0018,Apparel,2025-02-17,2194.8540000000003,2689.99,32.60000000000001,25.30308193615801,71552.24040000002,68065.03737744568,9612.240400000012,19989.18169874546
SKU0019,Apparel,2025-02-17,1965.3470000000004,1918.99,31.500000000000004,32.42540539823553,61908.430500000024,62224.02870516,14658.430500000015,13585.920607806705
SKU0020,Home & Kitchen,2025-02-17,6602.774000000001,6432.49,22.0,22.80817463280244,145261.02800000002,146713.35524375536,35261.02800000003,32672.482079743164
SKU0021,Home & Kitchen,2025-02-17,4470.235000000001,5326.49,27.300000000000004,21.616557159373265,122037.41550000003,115140.3755438301,18297.415500000017,32997.45833821169
SKU0022,Home & Kitchen,2025-02-17,4733.455000000001,4201.99,16.5,19.300271064393968,78102.0075,81099.5460098728,25302.007500000014,19338.678603812106
SKU0023,Home & Kitchen,2025-02-17,7704.904000000001,9092.49,23.500000000000004,18.4165587933052,181065.24400000006,167452.37666253958,28315.244000000035,47744.744506055795
SKU0024,Home & Kitchen,2025-02-17,2206.885,2406.99,15.500000000000002,13.874298712956444,34206.717500000006,33395.29825909903,6306.717500000004,8421.560575777428
SKU0025,Home & Kitchen,2025-02-17,1871.8490000000004,1803.49,24.000000000000004,25.11628375616516,44924.37600000002,45296.96659140631,11324.376000000011,10134.16933277508
SKU0026,Beauty & Personal Care,2025-02-17,1127.6510000000003,1134.49,39.00000000000001,38.78991867762845,43978.38900000002,44006.7748405827,8878.389000000014,9095.848030717096
SKU0027,Beauty & Personal Care,2025-02-17,612.3840000000001,637.99,44.7,43.09517546031482,27373.564800000007,27494.290991926253,5023.5648000000065,5946.703261768843
SKU0028,Beauty & Personal Care,2025-02-17,680.2050000000002,891.49,60.2,46.00115746870701,40948.34100000001,41009.57187177761,1818.3410000000094,11108.819517118056
SKU0029,Beauty & Personal Care,2025-02-17,2350.7080000000005,2350.99,35.10000000000001,35.095794267724,82509.85080000004,82509.86136547645,19329.850800000022,19337.43168357324
SKU0030,Beauty & Personal Care,2025-02-17,2661.2850000000003,2781.99,37.60000000000001,35.965558610236606,100064.31600000004,100055.82439809213,17344.316000000017,20931.595455571594
SKU0031,Beauty & Personal Care,2025-02-17,489.93700000000007,617.99,49.7,39.85233585937201,24349.868900000005,24628.34503773331,1984.8689000000036,6694.793901015904
SKU0032,Sports & Fitness,2025-02-17,3689.118,3853.99,1.6000000000000003,1.4614680237556432,5902.588800000001,5632.483148874011,1102.5888000000002,1248.0790776070814
SKU0033,Sports & Fitness,2025-02-17,1098.8830000000005,1226.49,37.10000000000001,32.5571382807523,40768.55930000003,39931.004529959886,7378.55930000002,10629.580077282819
SKU0034,Sports & Fitness,2025-02-17,1969.952,2426.49,31.800000000000004,24.552503950955,62644.473600000005,59576.40531195279,5404.4736,15381.898200233793
SKU0035,Sports & Fitness,2025-02-17,843.6250000000001,819.49,19.700000000000003,20.399253816529004,16619.412500000006,16716.984510107355,2829.4125000000026,2437.506838537051
SKU0036,Sports & Fitness,2025-02-17,3243.286,3353.99,22.000000000000004,21.06842509859956,71352.29200000002,70663.28709645192,14152.292000000003,15885.381840093076
SKU0037,Sports & Fitness,2025-02-17,623.4910000000001,741.49,29.500000000000004,24.03189354571447,18392.984500000006,17819.408745211822,2167.984500000003,4601.867295068864
SKU0038,Books & Stationery,2025-02-17,561.548,500.99,34.10000000000001,38.94691609127801,19148.786800000005,19512.01549256937,3803.786800000001,1985.9032514942662
SKU0039,Books & Stationery,2025-02-17,394.18000000000006,300.49,43.400000000000006,59.257126141596856,17107.412000000004,17806.17383428844,4087.4120000000034,29.035991809383
SKU0040,Books & Stationery,2025-02-17,507.6980000000001,626.99,79.00000000000001,61.92849188070485,40108.142000000014,38828.54512428313,608.1420000000074,7864.299183930709
SKU0041,Books & Stationery,2025-02-17,304.95300000000003,250.49,46.900000000000006,58.73842372307359,14302.295700000002,14713.387758392704,2577.295700000002,28.781827624306594
SKU0042,Books & Stationery,2025-02-17,995.634,977.99,47.900000000000006,48.91518285530928,47690.86860000001,47838.55968066392,9370.868600000002,8706.4133964165
SKU0043,Books & Stationery,2025-02-17,723.2260000000001,898.49,51.900000000000006,40.25921838817441,37535.42940000001,36172.50512959083,3800.4294000000064,10004.01317727746
SKU0044,Pet Supplies,2025-02-17,1866.5160000000003,1989.99,44.50000000000001,41.372712455292366,83059.96200000003,82331.28405890726,11859.962000000016,16134.94413043947
SKU0045,Pet Supplies,2025-02-17,1433.366,1440.99,41.00000000000001,40.81569910870977,58768.00600000001,58815.01425865969,13668.006000000001,13917.745239078946
SKU0046,Pet Supplies,2025-02-17,521.277,607.99,36.7,32.490446602930255,19130.865900000004,19753.866630115568,2615.8659000000016,5133.165658796951
SKU0047,Pet Supplies,2025-02-17,407.3730000000001,431.49,53.80000000000001,51.43070769093429,21916.66740000001,22191.836061561236,3086.667400000006,4191.088369734236
SKU0048,Pet Supplies,2025-02-17,1000.8410000000002,1121.49,47.3,42.21879632222957,47339.77930000001,47347.957887417244,4769.779300000011,9351.041197410628
SKU0049,Pet Supplies,2025-02-17,2140.2950000000005,2247.49,43.3,41.2951314620687,92674.77350000001,92810.39500968478,14734.773500000021,18479.158377961114
SKU0001,Electronics,2025-02-18,10987.607000000002,10677.99,19.9,20.77800472508453,218653.37930000003,221867.32667440534,59453.37930000003,55643.288873729114
SKU0002,Electronics,2025-02-18,21200.305000000004,24444.49,24.4,18.37753910387444,517287.44200000004,449229.57084926777,78087.4420000001,118433.86697952783
SKU0003,Electronics,2025-02-18,38766.13500000001,38765.99,0.0,9.008860104575687e-06,0.0,0.34923738072538,0.0,0.07897157758810941
SKU0004,Electronics,2025-02-18,12927.645000000002,9657.99,0.0,0.5409952524464996,0.0,5224.926738175768,0.0,355.96946615727217
SKU0005,Electronics,2025-02-18,7171.1500000000015,8051.49,31.700000000000003,26.936674625753305,227325.45500000007,216880.36638250647,37125.45500000005,55260.31862798664
SKU0006,Electronics,2025-02-18,47165.28100000001,48023.99,33.300000000000004,31.52544091150572,1570603.8573000005,1513977.4590797415,172003.85730000035,189908.94079650127
SKU0007,Electronics,2025-02-18,18122.321000000004,14734.99,17.000000000000004,23.982989587580803,308079.4570000001,353389.11174310726,104079.45700000008,65593.23669213762
SKU0008,Groceries,2025-02-18,658.6680000000001,744.99,60.70000000000001,53.16092919027789,39981.14760000001,39604.36063746513,6596.147600000008,10365.849582812287
SKU0009,Groceries,2025-02-18,1073.374,1133.99,73.9,70.66871180418394,79322.3386,80137.61249882655,16507.338600000003,20069.2074652702
SKU0010,Groceries,2025-02-18,595.267,468.99,82.30000000000001,106.77758801736056,48990.474100000014,50077.62100426193,14424.474100000007,5231.0340369704945
SKU0011,Groceries,2025-02-18,616.6340000000001,694.99,96.8,87.03204923645914,59690.17120000001,60486.403898846744,9354.171200000012,15229.738295887986
SKU0012,Groceries,2025-02-18,427.93500000000006,396.99,66.60000000000001,71.80037805580139,28500.47100000001,28504.032084372593,4524.471000000004,2655.895984284094
SKU0013,Groceries,2025-02-18,357.72600000000006,280.49,57.50000000000001,73.18663264515772,20569.245000000006,20528.11859064029,4469.2450000000035,35.861449996127945
SKU0014,Apparel,2025-02-18,634.922,626.99,30.500000000000004,30.95258307094761,19365.121000000003,19406.960059653444,4115.121000000001,3930.668524179637
SKU0015,Apparel,2025-02-18,1911.6120000000003,2186.49,34.300000000000004,29.107762244052207,65568.29160000003,63643.8310689977,10688.291600000011,17071.411478514172
SKU0016,Apparel,2025-02-18,3178.522,2783.49,23.200000000000003,27.411548881457783,73741.71040000001,76299.77219604891,22701.7104,15994.364656841795
SKU0017,Apparel,2025-02-18,3667.484000000001,3716.99,31.4,30.866377258328413,115158.99760000002,114730.01560543412,27238.997600000024,28304.159282114564
SKU0018,Apparel,2025-02-18,2192.2470000000003,2689.99,36.50000000000001,28.31415711515973,80017.01550000002,76164.79949820852,10667.015500000012,22367.90097940503
SKU0019,Apparel,2025-02-18,1971.1100000000004,1918.99,31.600000000000005,32.64392369420507,62287.07600000002,62643.36312994259,14887.076000000014,13677.477588634983
SKU0020,Home & Kitchen,2025-02-18,6646.233000000001,6432.49,16.6,17.377091017925135,110327.46780000003,111777.96420189325,27327.46780000002,24892.509112267573
SKU0021,Home & Kitchen,2025-02-18,4488.917000000001,5326.49,19.000000000000004,15.068927969572204,85289.42300000004,80264.49414064665,13089.423000000026,23002.56785627227
SKU0022,Home & Kitchen,2025-02-18,4772.353,4201.99,14.6,17.281770733823425,69676.3538,72617.82780581868,22956.3538,17316.16145758373
SKU0023,Home & Kitchen,2025-02-18,7721.431000000001,9092.49,19.700000000000003,15.454448667927878,152112.19070000004,140519.41996864753,24062.190700000032,40065.50362711634
SKU0024,Home & Kitchen,2025-02-18,2207.7770000000005,2406.99,21.500000000000004,19.292932222159077,47467.20550000002,46437.89492941467,8767.205500000013,11710.616929528334
SKU0025,Home & Kitchen,2025-02-18,1879.1110000000003,1803.49,18.1,19.04376458512078,34011.90910000001,34345.23899161947,8671.909100000006,7683.968572450383
SKU0026,Beauty & Personal Care,2025-02-18,1120.6470000000002,1134.49,35.7,35.30969500504109,40007.09790000001,40058.49588626907,7877.097900000006,8279.770381732085
SKU0027,Beauty & Personal Care,2025-02-18,612.9040000000001,637.99,39.400000000000006,38.01017691413827,24148.417600000008,24250.112769451076,4448.417600000005,5245.02431238194
SKU0028,Beauty & Personal Care,2025-02-18,681.1290000000001,891.49,66.9,51.21582346787843,45567.53010000001,45658.39446337894,2082.530100000009,12368.109209257962
SKU0029,Beauty & Personal Care,2025-02-18,2346.2020000000007,2350.99,21.800000000000004,21.754899007930486,51147.20360000002,51145.55001865449,11907.203600000017,11986.731804379613
SKU0030,Beauty & Personal Care,2025-02-18,2676.5290000000005,2781.99,28.40000000000001,27.31240715512034,76013.42360000004,75982.84358147322,13533.423600000016,15895.547840208481
SKU0031,Beauty & Personal Care,2025-02-18,486.72100000000006,617.99,44.30000000000001,35.278351665897496,21561.74030000001,21801.668546007993,1626.7403000000031,5926.410296354121
SKU0032,Sports & Fitness,2025-02-18,3668.0350000000008,3668.49,0.0,0.0,0.0,0.0,0.0,0.0
SKU0033,Sports & Fitness,2025-02-18,1084.794,1226.49,40.00000000000001,34.5768551263564,43391.76000000001,42408.16704392486,7391.760000000005,11288.997430204101
SKU0034,Sports & Fitness,2025-02-18,1967.67,2426.49,37.3,28.795824561682437,73394.091,69872.7803406768,6254.091000000002,18040.296129648425
SKU0035,Sports & Fitness,2025-02-18,844.259,819.49,29.800000000000004,30.867825818464656,25158.918200000004,25295.874579973603,4298.918200000001,3688.396507048342
SKU0036,Sports & Fitness,2025-02-18,3220.733,3353.99,28.1,26.682370685759377,90502.59730000001,89492.40445633008,17442.597300000005,20118.240673355707
SKU0037,Sports & Fitness,2025-02-18,624.1230000000002,741.49,41.400000000000006,33.838641326584565,25838.69220000001,25091.01415724919,3068.6922000000072,6479.761427627679
SKU0038,Books & Stationery,2025-02-18,569.4820000000001,507.49,47.10000000000001,53.81297740371436,26822.60220000001,27309.547902611004,5627.602200000005,3093.708070939539
SKU0039,Books & Stationery,2025-02-18,402.44900000000007,300.49,44.2,61.79331250942382,17788.245800000004,18568.272475956765,4528.245800000003,30.278723129618236
SKU0040,Books & Stationery,2025-02-18,506.3670000000001,672.49,77.50000000000001,55.84847396792637,39243.44250000001,37557.5402586908,493.44250000000596,9633.30327472762
SKU0041,Books & Stationery,2025-02-18,302.48800000000006,250.49,63.10000000000001,78.2169383066885,19086.992800000007,19592.560876442403,3311.992800000004,38.32629977027808
SKU0042,Books & Stationery,2025-02-18,995.379,977.99,60.10000000000001,61.35010293947725,59822.27790000001,59999.78717377936,11742.277900000003,10919.704822197556
SKU0043,Books & Stationery,2025-02-18,721.6660000000002,898.49,74.00000000000001,57.351586479873646,53403.28400000002,51529.82693630167,5303.284000000013,14251.295724383803
SKU0044,Pet Supplies,2025-02-18,1893.427,1989.99,41.60000000000001,39.3083782918561,78766.56320000002,78223.27971701072,12206.563199999999,15329.874450040961
SKU0045,Pet Supplies,2025-02-18,1444.388,1440.99,38.8,38.87778906727722,56042.25439999999,56022.5052680558,13362.254399999996,13256.93729405086
SKU0046,Pet Supplies,2025-02-18,519.6590000000001,607.99,47.70000000000001,42.15884983867043,24787.73430000001,25632.159113413232,3322.7343000000055,6660.676686011541
SKU0047,Pet Supplies,2025-02-18,409.64900000000006,431.49,40.400000000000006,38.78000044723016,16549.819600000006,16733.18239297534,2409.8196000000025,3160.1822364447858
SKU0048,Pet Supplies,2025-02-18,999.3830000000004,1121.49,47.70000000000001,42.51472129347412,47670.56910000003,47679.834783418286,4740.569100000019,9416.585619291583
SKU0049,Pet Supplies,2025-02-18,2139.0350000000003,2247.49,48.50000000000001,46.23343096386908,103743.19750000002,103909.17375698611,16443.197500000017,20688.998022021766
SKU0001,Electronics,2025-02-19,11464.225000000002,10623.99,11.5,12.947685332599509,131838.58750000002,137556.07949668384,39838.58750000002,33974.59683588778
SKU0002,Electronics,2025-02-19,19501.620000000003,24587.99,22.6,14.191679309584233,440736.6120000001,348944.86894726404,33936.61200000006,93494.64137474785
SKU0003,Electronics,2025-02-19,38960.22600000001,40025.49,18.6,17.3670624739989,724660.2036000002,695125.1853824182,166660.20360000018,174113.3111624512
SKU0004,Electronics,2025-02-19,14560.982000000002,11575.99,7.800000000000001,11.36640727140616,113575.65960000003,131577.416909725,43375.65960000002,29279.751467069553
SKU0005,Electronics,2025-02-19,6603.466,8131.49,26.300000000000004,19.570928433036556,173671.15580000004,159140.80884395243,15871.155800000011,41715.23824573308
SKU0006,Electronics,2025-02-19,50425.591,50614.49,22.800000000000004,22.539422728669333,1149703.4748000002,1140821.3863060067,192103.47480000005,194165.63170189463
SKU0007,Electronics,2025-02-19,17893.225000000002,15157.49,17.300000000000004,22.802262781433257,309552.7925000001,345625.07008694677,101952.79250000007,71997.91670974769
SKU0008,Groceries,2025-02-19,703.1070000000001,786.49,60.000000000000014,53.177490559537176,42186.42000000001,41823.56455017039,9186.420000000007,12575.944742424947
SKU0009,Groceries,2025-02-19,971.3200000000002,1139.99,55.900000000000006,49.03712098687547,54296.788000000015,55901.82755382817,6781.78800000001,14220.274714984018
SKU0010,Groceries,2025-02-19,623.6310000000001,480.49,90.9,120.80986434397084,56688.057900000014,58047.93171863455,18510.05790000001,7307.7886941667975
SKU0011,Groceries,2025-02-19,619.4530000000002,702.49,74.0,66.14360085937766,45839.52200000001,46465.21816770421,7359.522000000015,12070.54572082783
SKU0012,Groceries,2025-02-19,440.3930000000001,395.49,80.30000000000001,89.40813503998851,35363.557900000014,35360.023326965056,6455.557900000008,3173.094712569193
SKU0013,Groceries,2025-02-19,390.9270000000001,280.49,48.30000000000001,67.18383080509005,18881.77410000001,18844.392702519708,5357.774100000005,32.92007709449474
SKU0014,Apparel,2025-02-19,584.4390000000001,668.99,34.400000000000006,29.368067581612078,20104.701600000008,19646.943531422665,2904.701600000003,4962.909740616626
SKU0015,Apparel,2025-02-19,1872.414,2229.49,38.60000000000001,31.205309906596675,72275.18040000001,69571.92638365821,10515.180400000001,19643.430533103536
SKU0016,Apparel,2025-02-19,3107.380000000001,2851.49,31.000000000000004,34.503545156987094,96328.78000000004,98386.51397969712,28128.780000000035,22478.714634325515
SKU0017,Apparel,2025-02-19,3305.336,3709.49,29.40000000000001,25.352667831453804,97176.87840000003,94045.46779409956,14856.878399999998,23057.997866028916
SKU0018,Apparel,2025-02-19,2411.262,2724.99,31.40000000000001,26.9645236159096,75713.62680000003,73478.05720811749,16053.626800000011,22245.462337889254
SKU0019,Apparel,2025-02-19,1989.1410000000003,1981.99,41.00000000000001,41.17829786187608,81554.78100000003,81614.97457925978,20054.781000000017,19847.527786445655
SKU0020,Home & Kitchen,2025-02-19,6765.502,6565.49,20.700000000000003,21.578025057248333,140045.89140000002,141670.30773311335,36545.891400000015,33780.18244687169
SKU0021,Home & Kitchen,2025-02-19,4512.042,5427.49,31.500000000000007,24.66014446813961,142129.32300000003,133842.68749938306,22429.32300000002,40134.13852045253
SKU0022,Home & Kitchen,2025-02-19,4635.301000000001,4087.99,23.1,27.18552239584376,107075.45310000004,111134.14369898532,33155.453100000035,24140.47203228529
SKU0023,Home & Kitchen,2025-02-19,7993.198000000001,9315.49,20.200000000000003,16.098889827670988,161462.59960000005,149969.04720077082,30162.59960000003,45326.263320909384
SKU0024,Home & Kitchen,2025-02-19,2292.454,2491.49,17.5,15.747859572172636,40117.945,39235.6346454724,8617.945000000003,10889.487415561653
SKU0025,Home & Kitchen,2025-02-19,1947.4260000000004,1826.49,18.90000000000001,20.45591832969203,36806.35140000003,37362.530269999195,10346.351400000012,8724.244608430354
SKU0026,Beauty & Personal Care,2025-02-19,1157.467,1203.99,44.400000000000006,42.868275722793456,51391.53480000001,51612.97528748609,11431.534800000007,13031.527136971983
SKU0027,Beauty & Personal Care,2025-02-19,614.2170000000001,647.99,49.500000000000014,47.19524567259425,30403.741500000015,30582.047243384346,5653.741500000006,6984.424407087223
SKU0028,Beauty & Personal Care,2025-02-19,741.7790000000001,860.49,63.00000000000001,54.368358688928254,46732.07700000001,46783.42896823587,5782.0770000000075,11443.995820432508
SKU0029,Beauty & Personal Care,2025-02-19,2099.4960000000005,2401.99,48.60000000000001,42.52178838761007,102035.50560000005,102136.9104891555,14555.50560000003,25597.691391457378
SKU0030,Beauty & Personal Care,2025-02-19,2754.3540000000003,2760.49,37.400000000000006,37.316742874137816,103012.83960000002,103012.49553662869,20732.839600000014,20915.661213525495
SKU0031,Beauty & Personal Care,2025-02-19,468.3440000000001,584.49,50.2,40.66704682099823,23510.868800000007,23769.482196405257,920.8688000000054,5469.311126956052
SKU0032,Sports & Fitness,2025-02-19,3638.447000000001,3926.99,19.800000000000004,17.90412796171782,72041.25060000004,70309.33146438625,12641.250600000023,16596.947579232798
SKU0033,Sports & Fitness,2025-02-19,1126.8480000000002,1196.49,36.10000000000001,33.615920492528005,40679.212800000016,40221.11271010483,8189.212800000008,9966.784266829629
SKU0034,Sports & Fitness,2025-02-19,1855.693,2407.99,27.40000000000001,19.786246886616848,50845.988200000014,47645.0846405045,1525.9882,12029.840244594174
SKU0035,Sports & Fitness,2025-02-19,851.2560000000001,850.99,20.700000000000003,20.70776396681215,17620.999200000006,17622.10005811747,3130.999200000002,3126.6652813489663
SKU0036,Sports & Fitness,2025-02-19,3471.3810000000003,3281.99,18.700000000000003,20.109657425090507,64914.82470000002,65999.69457257279,16294.824700000008,13714.58526733747
SKU0037,Sports & Fitness,2025-02-19,595.5420000000001,728.99,40.2,31.7196205778028,23940.78840000001,23123.286205012464,1830.7884000000058,5677.494887220923
SKU0038,Books & Stationery,2025-02-19,539.974,516.49,65.4,68.83252933405029,35314.299600000006,35551.31307574364,5884.299600000004,4576.674875421005
SKU0039,Books & Stationery,2025-02-19,359.736,300.49,48.60000000000001,59.73118207300695,17483.1696,17948.62290111786,2903.1696,29.268279215773948
SKU0040,Books & Stationery,2025-02-19,528.817,689.49,53.70000000000001,39.450659492056616,28397.472900000004,27200.835213178118,1547.4729000000007,7475.505467149808
SKU0041,Books & Stationery,2025-02-19,285.8190000000001,250.49,43.900000000000006,51.06729215421407,12547.454100000004,12791.846011709084,1572.4541000000033,25.02297315556536
SKU0042,Books & Stationery,2025-02-19,989.0730000000002,971.99,47.7,48.6848868132607,47178.78210000001,47321.223133621264,9018.782100000011,8373.313683012708
SKU0043,Books & Stationery,2025-02-19,740.4640000000002,888.49,64.5,52.1605610787694,47759.928000000014,46344.13691287582,5834.928000000011,12439.772211675714
SKU0044,Pet Supplies,2025-02-19,1832.4960000000003,2063.49,51.70000000000001,45.18431815859215,94740.04320000003,93237.38867707331,12020.043200000018,20942.479623325864
SKU0045,Pet Supplies,2025-02-19,1352.297,1375.99,33.50000000000001,33.00681436245999,45301.94950000001,45417.04649460132,8451.949500000002,9109.550695895334
SKU0046,Pet Supplies,2025-02-19,570.1570000000002,590.99,38.00000000000001,36.93775429595285,21665.96600000001,21829.843411365175,4565.966000000007,5207.853978186393
SKU0047,Pet Supplies,2025-02-19,410.7800000000001,419.49,48.50000000000001,47.70829836481462,19922.830000000005,20013.154081056084,2947.8300000000045,3315.249653370968
SKU0048,Pet Supplies,2025-02-19,1005.09,1102.49,38.400000000000006,34.99697902950115,38595.456000000006,38583.81941023472,4035.456000000002,7086.538283683688
SKU0049,Pet Supplies,2025-02-19,2244.684,2289.49,33.1,32.46724364307014,74299.04040000001,74333.42964837265,14719.040400000007,15892.391090846397
SKU0001,Electronics,2025-02-20,11890.996,10548.99,17.800000000000004,21.33740754449496,211659.72880000004,225088.09881280185,69259.7288,54388.8384568422
SKU0002,Electronics,2025-02-20,19990.489,24701.49,30.800000000000004,20.269463632239507,615707.0612000001,500685.9532171279,61307.061200000055,135835.60783681678
SKU0003,Electronics,2025-02-20,38288.557,38855.99,16.800000000000004,16.180348637589677,643247.7576000001,628703.4648586981,139247.75760000004,143293.00573100778
SKU0004,Electronics,2025-02-20,13814.179000000004,11402.99,8.100000000000001,11.094537120803215,111894.84990000004,126510.89584314785,38994.84990000004,26660.061755918916
SKU0005,Electronics,2025-02-20,6673.532000000001,8194.99,24.000000000000007,17.90906928612252,160164.76800000007,146764.6437090812,16164.768000000031,39310.22799234607
SKU0006,Electronics,2025-02-20,49864.948,49432.49,23.700000000000003,24.341649383816964,1181799.2676000001,1203268.3397490382,186399.26759999993,180919.0656287257
SKU0007,Electronics,2025-02-20,17004.686000000005,15341.49,11.400000000000002,13.59626560601045,193853.4204000001,208586.97283195326,57053.42040000007,45431.785559827855
SKU0008,Groceries,2025-02-20,712.3520000000001,807.49,63.400000000000006,55.39830765664285,45163.11680000001,44733.57944966254,10293.116800000007,14264.510238508969
SKU0009,Groceries,2025-02-20,998.421,1137.99,70.10000000000001,63.0110288789775,69989.31210000001,71705.92075398761,10404.312100000005,18146.54620685673
SKU0010,Groceries,2025-02-20,609.7570000000001,468.99,68.70000000000002,91.556021538463,41890.305900000014,42938.85854132376,13036.305900000007,4485.329495169303
SKU0011,Groceries,2025-02-20,642.1970000000001,708.99,53.20000000000001,48.68187570649364,34164.88040000001,34514.963057146924,6500.880400000007,9200.387689770234
SKU0012,Groceries,2025-02-20,445.38000000000005,389.99,69.50000000000001,79.37853323754013,30953.91000000001,30956.834177308276,5933.910000000004,2380.562211793829
SKU0013,Groceries,2025-02-20,400.912,280.49,47.00000000000001,67.04253575082028,18842.864,18804.76085274758,5682.864,32.85084251790255
SKU0014,Apparel,2025-02-20,560.0830000000001,643.49,39.80000000000001,33.85401899609005,22291.303400000008,21784.722683793985,2391.303400000004,4857.713185748961
SKU0015,Apparel,2025-02-20,1856.713,2247.99,38.60000000000001,30.575246500636595,71669.12180000001,68732.84838096605,9909.1218,19812.453979947502
SKU0016,Apparel,2025-02-20,3154.242,2883.99,21.90000000000001,24.51914304105654,69077.89980000003,70712.96333897665,20897.899800000014,16770.84864865226
SKU0017,Apparel,2025-02-20,3110.3810000000003,3690.49,46.30000000000001,37.27148316301116,144010.64030000006,137550.03589826106,14370.640300000017,33189.8830418298
SKU0018,Apparel,2025-02-20,2400.3620000000005,2744.99,30.800000000000004,26.05818116107371,73931.14960000003,71529.44670533571,15411.149600000019,22018.902499295666
SKU0019,Apparel,2025-02-20,1991.8970000000004,1999.99,28.40000000000001,28.260115776379497,56569.87480000003,56519.94895160123,13969.874800000016,14129.775287031985
SKU0020,Home & Kitchen,2025-02-20,6592.045000000002,6597.99,17.300000000000004,17.27820900469831,114042.37850000006,114001.45023090941,27542.37850000004,27610.40520741785
SKU0021,Home & Kitchen,2025-02-20,4484.229000000001,5472.49,23.700000000000003,18.14478465112112,106276.22730000004,99297.15255541382,16216.22730000003,30346.97088115356
SKU0022,Home & Kitchen,2025-02-20,4664.441000000001,4023.99,17.500000000000004,21.238917355105396,81627.71750000003,85465.19104777055,25627.717500000017,17500.65551143329
SKU0023,Home & Kitchen,2025-02-20,8006.602000000001,9466.49,18.700000000000003,14.570879997893131,149723.45740000004,137935.08979125533,28173.457400000018,43224.369804949994
SKU0024,Home & Kitchen,2025-02-20,2204.284000000001,2513.49,26.800000000000004,22.763699178678287,59074.81120000004,57216.33024861608,10834.81120000003,16241.671726995166
SKU0025,Home & Kitchen,2025-02-20,1951.0060000000003,1837.99,26.800000000000004,28.817744912640148,52286.960800000015,52966.726971983466,14766.96080000001,12621.88409428726
SKU0026,Beauty & Personal Care,2025-02-20,1161.0770000000002,1230.49,37.7,35.79158428755454,43772.60290000001,44041.18654999299,9842.602900000009,11828.7606911939
SKU0027,Beauty & Personal Care,2025-02-20,640.085,652.49,38.5,37.84380948665232,24643.272500000003,24692.707251945772,5393.272500000001,5770.802508619612
SKU0028,Beauty & Personal Care,2025-02-20,757.0850000000002,848.49,33.400000000000006,29.77857687876293,25286.63900000001,25266.82469586156,3576.6390000000056,5910.749724665654
SKU0029,Beauty & Personal Care,2025-02-20,2034.6140000000005,2391.99,48.10000000000001,40.95907392661321,97864.93340000004,97973.69524171951,11284.933400000025,24247.362173815745
SKU0030,Beauty & Personal Care,2025-02-20,2791.3290000000006,2781.49,51.60000000000001,51.78147679201639,144032.57640000005,144029.65988222565,30512.576400000038,30110.4109397896
SKU0031,Beauty & Personal Care,2025-02-20,445.792,569.49,43.50000000000001,34.4371129995779,19391.952,19611.591482129617,-183.0480000000012,4114.890632319563
SKU0032,Sports & Fitness,2025-02-20,3658.652000000001,3883.49,25.800000000000004,23.871287972423417,94393.22160000003,92703.90812802661,16993.221600000026,21090.04421075636
SKU0033,Sports & Fitness,2025-02-20,1070.821,1190.49,28.800000000000004,25.366130464607387,30839.644800000002,30198.124656810447,4919.644799999998,7368.6072386638
SKU0034,Sports & Fitness,2025-02-20,1844.621,2408.49,38.50000000000001,27.696812871268783,71017.90850000002,66707.49683232214,1717.9085000000039,16853.233664038336
SKU0035,Sports & Fitness,2025-02-20,883.8720000000001,862.49,24.700000000000003,25.430583183425348,21831.638400000003,21933.62368987253,4541.638400000003,4132.215461474785
SKU0036,Sports & Fitness,2025-02-20,3330.4290000000005,3276.49,36.2,36.95583968443003,120561.52980000003,121085.43916763815,26441.529800000022,25000.255988120065
SKU0037,Sports & Fitness,2025-02-20,581.452,715.49,31.800000000000004,24.893384054449992,18490.173600000002,17810.967357118425,1000.1736000000001,4119.6061271709295
SKU0038,Books & Stationery,2025-02-20,553.2620000000001,502.49,69.50000000000001,77.62755149934135,38451.70900000001,39007.06835290403,7176.709000000005,4074.6701782004284
SKU0039,Books & Stationery,2025-02-20,350.69500000000005,300.49,59.40000000000001,70.86659055363636,20831.283000000007,21294.701795462188,3011.2830000000035,34.72462937128246
SKU0040,Books & Stationery,2025-02-20,537.432,648.49,48.60000000000001,39.05813956855678,26119.195200000006,25328.81292881339,1819.195200000001,5799.743144534997
SKU0041,Books & Stationery,2025-02-20,291.82500000000005,250.49,46.2,55.02746573657602,13482.315000000002,13783.829892354928,1932.3150000000023,26.96345821092275
SKU0042,Books & Stationery,2025-02-20,980.2500000000002,972.49,48.00000000000001,48.44959085899749,47052.000000000015,47116.74261446647,8652.000000000013,8357.069927268478
SKU0043,Books & Stationery,2025-02-20,688.9080000000001,882.99,51.60000000000001,38.58503350543702,35547.65280000001,34070.19873496583,2007.652800000007,8989.926956431771
SKU0044,Pet Supplies,2025-02-20,1814.9240000000004,2085.49,35.800000000000004,30.532610759930986,64974.279200000026,63675.45441372847,7694.279200000016,14823.277197838888
SKU0045,Pet Supplies,2025-02-20,1381.641,1342.99,37.900000000000006,38.82581043722951,52364.19390000001,52142.675159094855,10674.193900000004,9434.283678142398
SKU0046,Pet Supplies,2025-02-20,585.5240000000001,587.49,37.30000000000001,37.201335918966585,21840.04520000001,21855.41283903368,5055.045200000006,5114.811675498716
SKU0047,Pet Supplies,2025-02-20,415.23300000000006,417.49,45.400000000000006,45.2071200960088,18851.578200000004,18873.520568882715,2961.578200000003,3051.0285352796345
SKU0048,Pet Supplies,2025-02-20,973.6660000000002,1089.49,47.30000000000001,42.27893839769124,46054.40180000002,46062.48059490063,3484.4018000000087,8011.436036978514
SKU0049,Pet Supplies,2025-02-20,2283.214,2324.49,47.80000000000001,46.978407199353576,109137.62920000002,109200.83775082539,23097.629200000003,24639.70479198895
SKU0001,Electronics,2025-02-21,11808.316000000004,10550.49,16.1,19.110341089675263,190113.88760000007,201623.46256320796,61313.887600000075,48740.73384580586
SKU0002,Electronics,2025-02-21,20092.085000000003,24769.49,21.700000000000003,14.250022950395088,435998.2445000001,352965.80096958164,45398.244500000066,96465.38786247007
SKU0003,Electronics,2025-02-21,38390.04400000001,39733.99,21.800000000000004,19.98663685806176,836902.9592000004,794148.8290518573,182902.95920000024,194549.72331000457
SKU0004,Electronics,2025-02-21,13893.957000000002,11338.99,13.300000000000002,18.32938165251879,184789.62810000006,207836.67526409402,65089.62810000004,42872.24039142492
SKU0005,Electronics,2025-02-21,6727.980000000001,8203.49,24.90000000000001,18.779521520473995,167526.7020000001,154057.6169979932,18126.70200000004,41380.48787514924
SKU0006,Electronics,2025-02-21,50139.31100000001,50091.99,24.1,24.16987785106122,1208357.3951000003,1210717.27961658,196157.39510000023,195582.40987200884
SKU0007,Electronics,2025-02-21,17065.603000000003,15424.99,18.200000000000003,21.53445298634145,310593.9746000001,332168.721969787,92193.97460000006,73755.2861336896
SKU0008,Groceries,2025-02-21,715.868,813.99,54.900000000000006,47.79434406720445,39301.15320000001,38904.11812726375,9106.153200000004,12617.228890301303
SKU0009,Groceries,2025-02-21,967.2940000000002,1137.99,76.20000000000002,66.75817274116385,73707.80280000003,75970.13299771705,8937.802800000018,19225.686167727778
SKU0010,Groceries,2025-02-21,596.0480000000001,466.99,58.20000000000001,76.05937590768012,34689.993600000016,35518.96795512754,10245.993600000009,3574.0300739018894
SKU0011,Groceries,2025-02-21,641.6300000000001,709.99,75.50000000000001,68.98165291524919,48443.06500000002,48976.28375329777,9183.06500000001,13105.824237368193
SKU0012,Groceries,2025-02-21,451.42300000000006,379.99,76.80000000000001,91.22483281396144,34669.28640000001,34664.52422097721,7021.286400000005,1823.58440795109
SKU0013,Groceries,2025-02-21,399.0280000000001,280.49,52.500000000000014,74.49074841573893,20948.97000000001,20893.910023130615,6248.970000000006,36.500466723712755
SKU0014,Apparel,2025-02-21,568.6100000000001,603.49,22.6,21.0585102437562,12850.586000000003,12708.600347004429,1550.586000000003,2179.3452251263293
SKU0015,Apparel,2025-02-21,1863.6810000000005,2251.99,33.00000000000001,26.17330820785569,61501.47300000003,58942.02835100893,8701.473000000018,17064.735218439826
SKU0016,Apparel,2025-02-21,3172.903,2898.49,23.40000000000001,26.219768921494616,74245.93020000003,75997.73802126292,22765.930200000003,18314.24639397477
SKU0017,Apparel,2025-02-21,3105.514000000001,3685.99,34.300000000000004,27.549785268658837,106519.13020000004,101548.23300242379,10479.130200000036,24408.834250179036
SKU0018,Apparel,2025-02-21,2364.7640000000006,2755.49,36.2,29.946289783561053,85604.45680000003,82516.70203570464,16824.45680000002,25618.751446938637
SKU0019,Apparel,2025-02-21,1967.211,2008.99,28.500000000000007,27.779730557119688,56065.513500000015,55809.20089194788,13315.513500000005,14139.60505626835
SKU0020,Home & Kitchen,2025-02-21,6497.262000000001,6610.99,18.200000000000003,17.764646374590562,118250.16840000002,117441.89953595445,27250.168400000017,28618.667663001645
SKU0021,Home & Kitchen,2025-02-21,4560.985000000001,5497.99,27.000000000000004,21.04740237596654,123146.59500000003,115718.40778904028,20546.59500000002,35738.27876036742
SKU0022,Home & Kitchen,2025-02-21,4713.5560000000005,4008.99,21.000000000000004,25.91879657812447,98984.67600000002,103908.19629373522,31784.676000000014,20968.04724373691
SKU0023,Home & Kitchen,2025-02-21,8053.553,9535.49,25.700000000000003,20.06176627204199,206976.3121,191298.77166939367,39926.3121,60897.29090112074
SKU0024,Home & Kitchen,2025-02-21,2243.6760000000004,2525.49,21.0,18.09909807981955,47117.19600000001,45709.09120960347,9317.196000000007,13130.714665928283
SKU0025,Home & Kitchen,2025-02-21,1959.7500000000005,1837.99,23.40000000000001,25.308751869965068,45858.15000000003,46517.2328494771,13098.150000000016,11084.980231526
SKU0026,Beauty & Personal Care,2025-02-21,1169.3780000000002,1243.99,33.7,31.880182281896303,39408.03860000001,39658.62795685618,9078.038600000005,10966.46390314951
SKU0027,Beauty & Personal Care,2025-02-21,645.345,654.99,49.60000000000001,48.94910315382834,32009.11200000001,32061.173074726026,7209.112000000003,7586.621497811855
SKU0028,Beauty & Personal Care,2025-02-21,760.2070000000001,843.99,48.20000000000001,43.42763677906117,36641.97740000001,36652.49116515984,5311.977400000006,8424.527258770077
SKU0029,Beauty & Personal Care,2025-02-21,2050.172,2389.99,51.60000000000001,44.32063292238606,105788.87520000002,105925.86947817345,12908.875200000004,26148.730217878543
SKU0030,Beauty & Personal Care,2025-02-21,2810.876,2787.99,32.5,32.768201527044255,91353.47,91357.41817538411,19853.47000000001,19267.374815886746
SKU0031,Beauty & Personal Care,2025-02-21,443.50500000000005,565.99,45.10000000000001,35.74623638106282,20002.075500000006,20232.012329317746,-292.9244999999977,4146.205957839477
SKU0032,Sports & Fitness,2025-02-21,3642.4230000000007,3873.49,29.100000000000005,26.86855248320857,105994.50930000003,104075.06935818357,18694.509300000023,23469.41190855785
SKU0033,Sports & Fitness,2025-02-21,1082.352,1187.99,34.00000000000001,30.42886541468465,36799.96800000001,36149.18782399122,6199.968000000004,8763.208950775033
SKU0034,Sports & Fitness,2025-02-21,1833.078,2399.99,22.500000000000004,16.016816063336304,41244.255000000005,38440.198383846495,744.2549999999995,9609.929469841145
SKU0035,Sports & Fitness,2025-02-21,888.4170000000001,865.99,18.800000000000004,19.38803380452763,16702.239600000008,16789.843394382882,3542.2396000000035,3218.2197312135418
SKU0036,Sports & Fitness,2025-02-21,3326.7670000000003,3265.99,23.200000000000003,23.755954314179508,77180.99440000001,77586.70923056712,16860.994400000007,15821.228013700405
SKU0037,Sports & Fitness,2025-02-21,574.1680000000001,713.99,42.7,33.08758368142407,24516.97360000001,23624.203872699974,1031.9736000000053,5426.032847916734
SKU0038,Books & Stationery,2025-02-21,559.4170000000001,499.49,65.30000000000001,74.38652825638755,36529.93010000001,37155.32699878302,7144.9301000000105,3681.3892834086205
SKU0039,Books & Stationery,2025-02-21,341.99600000000004,300.49,51.50000000000001,59.72595975766573,17612.794000000005,17947.053647580975,2162.794000000002,29.26572028125675
SKU0040,Books & Stationery,2025-02-21,529.71,657.99,63.400000000000006,49.32246889700126,33583.61400000001,32453.69130953786,1883.6140000000025,7792.456861037229
SKU0041,Books & Stationery,2025-02-21,286.43100000000004,250.49,57.60000000000001,67.11758089036044,16498.425600000006,16812.282837226387,2098.4256000000028,32.88761463627723
SKU0042,Books & Stationery,2025-02-21,983.88,972.99,47.70000000000001,48.32689911448412,46931.07600000001,47021.589569401905,8771.076000000001,8360.070277814608
SKU0043,Books & Stationery,2025-02-21,689.4080000000001,884.99,69.4,51.88752456513592,47844.91520000001,45919.94036489964,2734.915200000009,12193.04939756129
SKU0044,Pet Supplies,2025-02-21,1805.8420000000003,2087.99,41.400000000000006,35.080927376213616,74761.85880000003,73248.62555226026,8521.858800000015,17119.141750318475
SKU0045,Pet Supplies,2025-02-21,1398.5890000000002,1331.49,39.400000000000006,41.08059593908592,55104.40660000002,54698.40268693351,11764.406600000008,9509.747153938999
SKU0046,Pet Supplies,2025-02-21,598.985,586.49,40.50000000000001,41.17870753912658,24258.892500000005,24150.900184622347,6033.892500000002,5620.481792015387
SKU0047,Pet Supplies,2025-02-21,416.0830000000001,414.99,55.000000000000014,55.11330455019205,22884.56500000001,22871.4702552842,3634.5650000000055,3581.8136627169815
SKU0048,Pet Supplies,2025-02-21,978.314,1085.49,39.60000000000001,35.680508487778546,38741.23440000001,38730.83515839873,3101.2343999999994,6618.377519398043
SKU0049,Pet Supplies,2025-02-21,2291.778,2339.49,44.80000000000001,43.91433377224556,102671.65440000001,102737.14471683076,22031.654399999996,23691.343926788748
SKU0001,Electronics,2025-02-22,11988.567000000005,10550.49,12.900000000000002,15.707458769170156,154652.5143000001,165721.38666954203,51452.51430000007,40061.716516180786
SKU0002,Electronics,2025-02-22,19851.697000000004,24769.49,22.800000000000004,14.627379934482477,452618.6916000002,362312.7410133644,42218.69160000009,99019.9021926798
SKU0003,Electronics,2025-02-22,38163.89300000001,38575.49,14.400000000000002,14.007208647149808,549560.0592000003,540334.9370960409,117560.05920000018,120118.67768154667
SKU0004,Electronics,2025-02-22,13805.184,11338.99,12.700000000000005,17.34315366383737,175325.83680000005,196653.8459627153,61025.83680000001,40565.462988178966
SKU0005,Electronics,2025-02-22,6699.527,8203.49,27.300000000000004,20.48819828767963,182897.08710000003,168074.72977099696,19097.087100000004,45145.54004491918
SKU0006,Electronics,2025-02-22,49229.28300000001,49289.49,19.500000000000004,19.426360307961826,959971.0185000004,957515.3921356812,140971.01850000024,141608.2592012846
SKU0007,Electronics,2025-02-22,16960.085000000003,15424.99,13.6,15.968018611816689,230657.15600000002,246306.5274070863,67457.15600000003,54690.304065286036
SKU0008,Groceries,2025-02-22,708.0310000000001,813.99,69.00000000000001,59.39437177669994,48854.13900000002,48346.424682515986,10904.139000000006,15679.520205331019
SKU0009,Groceries,2025-02-22,978.3200000000002,1137.99,72.4,64.01169225246147,70830.36800000002,72844.66566637863,9290.368000000013,18434.72725178638
SKU0010,Groceries,2025-02-22,603.5310000000002,424.49,62.50000000000001,91.87388506296784,37720.687500000015,38999.54547037922,11470.687500000013,412.51374393272647
SKU0011,Groceries,2025-02-22,639.835,709.99,61.90000000000001,56.39885318094353,39605.78650000001,40042.6217699381,7417.786500000004,10715.218115847463
SKU0012,Groceries,2025-02-22,448.68000000000006,365.49,52.90000000000001,64.99668824011502,23735.17200000001,23755.63958487964,4691.172000000004,356.83181843823206
SKU0013,Groceries,2025-02-22,397.04100000000005,280.49,48.70000000000001,68.78747767625256,19335.896700000005,19294.19961341208,5699.896700000004,33.70586406136438
SKU0014,Apparel,2025-02-22,558.8510000000001,585.99,34.300000000000004,32.45102536803885,19168.589300000007,19015.976355417086,2018.5893000000042,2790.463671397661
SKU0015,Apparel,2025-02-22,1845.6580000000004,2251.99,34.7,27.20553007614332,64044.332600000016,61266.581676173984,8524.332600000012,17737.733554344675
SKU0016,Apparel,2025-02-22,3165.562000000001,2898.49,36.8,41.05040614906147,116492.68160000003,118984.19171899318,35532.681600000025,28673.29819105794
SKU0017,Apparel,2025-02-22,3103.7110000000007,3685.99,53.30000000000001,42.88494947087978,165427.79630000007,158073.49490016815,16187.79630000004,37995.63638170477
SKU0018,Apparel,2025-02-22,2367.311,2755.49,30.700000000000003,25.4050870452307,72676.4477,70003.46330226274,14346.447700000006,21733.797916324405
SKU0019,Apparel,2025-02-22,1963.5730000000003,2008.99,34.400000000000006,33.460566233461826,67546.91120000002,67221.94295736248,15946.911200000013,17031.093607169736
SKU0020,Home & Kitchen,2025-02-22,6491.6630000000005,6610.99,18.500000000000004,18.036139895603696,120095.76550000004,119236.74048843708,27595.765500000012,29056.041010418594
SKU0021,Home & Kitchen,2025-02-22,4549.533000000001,5497.99,18.500000000000004,14.305142589959058,84166.36050000004,78649.53090816899,13866.360500000026,24289.98906632458
SKU0022,Home & Kitchen,2025-02-22,4697.378000000001,4008.99,18.700000000000003,23.0014900509449,87840.96860000002,92212.74359933758,28000.968600000015,18607.975436313907
SKU0023,Home & Kitchen,2025-02-22,8020.0250000000015,9535.49,20.000000000000004,15.468667301967052,160400.50000000006,147501.3223712338,30400.500000000033,46954.984908447965
SKU0024,Home & Kitchen,2025-02-22,2274.0580000000004,2525.49,22.200000000000003,19.4672240581902,50484.08760000001,49164.279686718764,10524.087600000012,14123.276381976404
SKU0025,Home & Kitchen,2025-02-22,1939.886,1837.99,16.300000000000004,17.43152311537575,31620.14180000001,32038.965170829477,8800.141800000001,7634.832809303425
SKU0026,Beauty & Personal Care,2025-02-22,1168.1050000000002,1243.99,39.60000000000001,37.434284312093205,46256.95800000002,46567.875341400824,10616.958000000011,12877.019460516942
SKU0027,Beauty & Personal Care,2025-02-22,644.528,654.99,59.20000000000001,58.35995018164049,38156.05760000001,38225.18376947271,8556.057600000002,9045.20867865246
SKU0028,Beauty & Personal Care,2025-02-22,757.0,843.99,40.400000000000006,36.23032333613244,30582.800000000003,30578.030592462423,4322.8,7028.320423976333
SKU0029,Beauty & Personal Care,2025-02-22,2047.444,2389.99,55.30000000000001,47.44589750743247,113223.65320000002,113395.22058378851,13683.6532,27992.60507041007
SKU0030,Beauty & Personal Care,2025-02-22,2802.567000000001,2787.99,32.5,32.670834321431535,91083.42750000003,91085.9593798079,19583.42750000003,19210.12387265852
SKU0031,Beauty & Personal Care,2025-02-22,445.159,565.99,57.50000000000001,45.79191016698936,25596.6425,25917.76323541431,-278.3575000000005,5311.403660269097
SKU0032,Sports & Fitness,2025-02-22,3600.3680000000004,3873.49,27.700000000000003,25.18869205207487,99730.19360000003,97568.14677679149,16630.193600000013,22002.070620566872
SKU0033,Sports & Fitness,2025-02-22,1082.217,1187.99,29.200000000000003,26.114712280312418,31600.736400000005,31024.01704188835,5320.736400000003,7520.775989607173
SKU0034,Sports & Fitness,2025-02-22,1824.385,2399.99,59.60000000000001,42.63251117533259,108733.34600000002,102317.60049568645,1453.3459999999998,25579.08038008779
SKU0035,Sports & Fitness,2025-02-22,882.7180000000001,865.99,22.700000000000003,23.22475058134508,20037.698600000003,20112.401755939027,4147.698600000002,3855.07634899747
SKU0036,Sports & Fitness,2025-02-22,3314.5510000000004,3265.99,17.800000000000004,18.14493981735685,58999.00780000002,59261.19199408929,12719.00780000001,12084.348468961485
SKU0037,Sports & Fitness,2025-02-22,573.096,713.99,32.800000000000004,25.309135580799172,18797.548800000004,18070.4697133348,757.5488000000003,4150.4451438952565
SKU0038,Books & Stationery,2025-02-22,552.4290000000001,469.49,53.80000000000001,64.89606318362715,29720.68020000001,30468.05270408111,5510.680200000006,1264.8242714488938
SKU0039,Books & Stationery,2025-02-22,343.374,300.49,52.7,61.39567012969405,18095.809800000003,18448.784917271765,2285.8098000000014,30.083878363550642
SKU0040,Books & Stationery,2025-02-22,531.6590000000001,587.49,80.30000000000001,71.5718300468129,42692.217700000016,42047.73443420212,2542.217700000009,6261.8194107956615
SKU0041,Books & Stationery,2025-02-22,284.57700000000006,250.49,45.900000000000006,53.12128039184637,13062.084300000004,13306.349525353597,1587.0843000000027,26.029427392005204
SKU0042,Books & Stationery,2025-02-22,975.278,972.99,52.10000000000001,52.243517299779846,50811.98380000001,50832.419897512795,9131.983800000002,9037.606057688916
SKU0043,Books & Stationery,2025-02-22,700.4260000000002,884.99,47.2,35.87336093497923,33060.107200000006,31747.56569384727,2380.1072000000077,8429.88108611077
SKU0044,Pet Supplies,2025-02-22,1802.184,2087.99,50.00000000000001,42.30151649146429,90109.20000000001,88325.14341901251,10109.2,20642.71703266965
SKU0045,Pet Supplies,2025-02-22,1379.6620000000005,1331.49,35.60000000000001,36.6943393178039,49115.96720000003,48858.14585826272,9955.96720000002,8494.372608678426
SKU0046,Pet Supplies,2025-02-22,591.7830000000001,586.49,40.3,40.58651932877768,23848.854900000002,23803.587721134823,5713.854900000005,5539.654023184867
SKU0047,Pet Supplies,2025-02-22,414.38900000000007,414.99,36.00000000000001,35.95881696003955,14918.004000000004,14922.549450246812,2318.004000000003,2336.9635142329707
SKU0048,Pet Supplies,2025-02-22,975.7900000000002,1085.49,57.900000000000006,52.07976897718001,56498.241000000016,56532.06842703913,4388.241000000012,9660.27634757712
SKU0049,Pet Supplies,2025-02-22,2309.7650000000003,2339.49,35.7,35.257943974552006,82458.61050000002,82485.60734902466,18198.610500000013,19021.308194831054
SKU0001,Electronics,2025-02-23,11955.027000000002,10550.49,12.700000000000005,15.40077814733181,151828.84290000008,162485.75583564278,50228.84290000004,39279.5306569883
SKU0002,Electronics,2025-02-23,19948.059,24769.49,30.000000000000007,19.54319538569466,598441.7700000001,484074.98267401004,58441.77000000005,132297.46573150618
SKU0003,Electronics,2025-02-23,38060.725000000006,38414.99,10.800000000000002,10.539603772584783,411055.83000000013,404878.7735278067,87055.83000000009,88690.6603502632
SKU0004,Electronics,2025-02-23,13869.862,11338.99,7.900000000000001,10.99924662104806,109571.90980000001,124720.34744359774,38471.9098,25727.1278541652
SKU0005,Electronics,2025-02-23,6706.3290000000015,8203.49,33.2,25.00392331274853,222650.12280000007,205119.43485689943,23450.122800000052,55095.89498040825
SKU0006,Electronics,2025-02-23,50041.421,49405.99,17.1,17.794011744038496,855708.2991000001,879130.7662858485,137508.29910000003,131782.27303623164
SKU0007,Electronics,2025-02-23,17033.093,15424.99,18.500000000000004,21.817518117049516,315112.22050000005,336534.9987803076,93112.22050000002,74724.78137571341
SKU0008,Groceries,2025-02-23,716.4150000000001,813.99,57.30000000000001,49.93042313969697,41050.579500000014,40642.865131481936,9535.579500000007,13181.132404648604
SKU0009,Groceries,2025-02-23,984.3540000000004,1137.99,57.000000000000014,50.625802965586246,56108.178000000036,57611.65751680749,7658.1780000000235,14579.724996059183
SKU0010,Groceries,2025-02-23,609.2500000000001,442.99,51.2,72.6559023421004,31193.600000000006,32185.838178527058,9689.600000000006,1670.3591948448889
SKU0011,Groceries,2025-02-23,632.3600000000001,709.99,59.00000000000001,53.189445140946205,37309.24000000001,37763.974155620395,6629.240000000008,10105.46268232837
SKU0012,Groceries,2025-02-23,450.8810000000001,374.49,50.50000000000001,60.860138513680894,22769.490500000007,22791.51327198836,4589.490500000005,881.8634070632368
SKU0013,Groceries,2025-02-23,402.13700000000006,280.49,52.10000000000001,74.49683129941737,20951.337700000007,20895.61621117358,6363.337700000004,36.50344733671518
SKU0014,Apparel,2025-02-23,560.3580000000001,593.49,33.400000000000006,31.229481700513105,18715.957200000004,18534.385094437523,2015.9572000000023,2919.6442441809704
SKU0015,Apparel,2025-02-23,1848.025,2251.99,34.900000000000006,27.40662333585701,64496.07250000002,61719.44168611662,8656.072500000004,17868.844348745406
SKU0016,Apparel,2025-02-23,3145.3230000000003,2898.49,30.90000000000001,34.212863513178064,97190.48070000004,99165.64276431147,29210.48070000002,23897.34303531974
SKU0017,Apparel,2025-02-23,3121.148,3685.99,33.50000000000001,27.076840282842397,104558.45800000003,99804.96251415425,10758.458000000008,23989.80972219553
SKU0018,Apparel,2025-02-23,2374.7640000000006,2755.49,29.90000000000001,24.83627490830486,71005.44360000004,68436.10714708494,14195.443600000022,21247.184821305716
SKU0019,Apparel,2025-02-23,1971.124,2008.99,36.80000000000001,35.96337300754714,72537.36320000002,72250.05673843213,17337.363200000007,18304.99722711142
SKU0020,Home & Kitchen,2025-02-23,6559.216,6610.99,19.1,18.89220196410993,125281.02560000002,124896.1582627111,29781.025600000008,30435.14844216145
SKU0021,Home & Kitchen,2025-02-23,4482.442000000001,5497.99,29.500000000000004,22.48817336472695,132232.03900000005,123639.75227753512,20132.03900000003,38184.69349157271
SKU0022,Home & Kitchen,2025-02-23,4702.163000000001,4008.99,21.000000000000004,25.837728294006105,98745.42300000004,103583.19435338753,31545.423000000035,20902.463812567992
SKU0023,Home & Kitchen,2025-02-23,8039.497000000002,9535.49,29.000000000000004,22.60692363346089,233145.4130000001,215568.09423763,44645.413000000066,68623.0906201342
SKU0024,Home & Kitchen,2025-02-23,2264.798,2525.49,27.500000000000004,24.02062203355869,62281.945,60663.840739532134,12781.944999999996,17426.721079126488
SKU0025,Home & Kitchen,2025-02-23,1937.5710000000004,1837.99,22.1,23.57639468179338,42820.31910000001,43333.17766118942,11880.31910000001,10326.225106678683
SKU0026,Beauty & Personal Care,2025-02-23,1164.1380000000004,1243.99,53.400000000000006,50.34580346275044,62164.96920000003,62629.67604962692,14104.969200000021,17318.452933151522
SKU0027,Beauty & Personal Care,2025-02-23,638.2830000000001,654.99,41.900000000000006,40.94343680121329,26744.05770000001,26817.541670426694,5794.057700000006,6345.823269820048
SKU0028,Beauty & Personal Care,2025-02-23,753.9020000000002,843.99,55.400000000000006,49.51700675862176,41766.170800000014,41791.85853420918,5756.170800000009,9605.804141105036
SKU0029,Beauty & Personal Care,2025-02-23,2059.1200000000003,2389.99,38.10000000000001,32.83170362748969,78452.47200000004,78467.44335266408,9872.472000000016,19370.376823182633
SKU0030,Beauty & Personal Care,2025-02-23,2800.2680000000005,2787.99,52.20000000000001,52.42851028658266,146173.98960000006,146170.16239388956,31333.98960000003,30827.439763407725
SKU0031,Beauty & Personal Care,2025-02-23,443.1950000000001,565.99,62.70000000000001,49.74217233616314,27788.32650000001,28153.572120544974,-426.67349999999334,5769.594569271562
SKU0032,Sports & Fitness,2025-02-23,3584.4620000000004,3873.49,8.500000000000002,7.620797469308483,30467.92700000001,29519.082789391716,4967.927000000005,6656.6903814662655
SKU0033,Sports & Fitness,2025-02-23,1084.956,1187.99,33.7,30.246121810399007,36563.0172,35932.09024953592,6233.0171999999975,8710.58062017681
SKU0034,Sports & Fitness,2025-02-23,1819.153,2399.99,26.500000000000004,18.73223468005434,48207.554500000006,44957.17590978361,507.5545000000006,11239.1534856858
SKU0035,Sports & Fitness,2025-02-23,880.8370000000001,865.99,21.800000000000004,22.24798776263746,19202.246600000006,19266.534922566414,3942.246600000003,3692.9434887201924
SKU0036,Sports & Fitness,2025-02-23,3312.3740000000007,3265.99,29.700000000000003,30.2379861915934,98377.50780000004,98756.96052188212,21157.50780000002,20138.196423739282
SKU0037,Sports & Fitness,2025-02-23,575.0680000000001,713.99,41.50000000000001,32.210765264916425,23865.322000000007,22998.16429149768,1040.3220000000042,5282.243395793645
SKU0038,Books & Stationery,2025-02-23,544.7450000000001,475.99,59.10000000000001,69.03093459219285,32194.429500000013,32858.034556537874,5599.4295000000075,1794.1139900510927
SKU0039,Books & Stationery,2025-02-23,340.899,300.49,56.900000000000006,65.73038477798302,19397.153100000003,19751.323321936117,2327.1531000000004,32.20788854121228
SKU0040,Books & Stationery,2025-02-23,529.8840000000001,596.99,58.40000000000001,50.86666247649706,30945.225600000012,30366.888831843982,1745.225600000008,4933.55759359545
SKU0041,Books & Stationery,2025-02-23,285.79200000000003,250.49,36.400000000000006,42.36548316766939,10402.828800000003,10612.129878669506,1302.8288000000014,20.759086752158385
SKU0042,Books & Stationery,2025-02-23,984.503,972.99,57.50000000000001,58.29617019737068,56608.92250000001,56721.590640339695,10608.922500000004,10084.654482443155
SKU0043,Books & Stationery,2025-02-23,698.2610000000002,884.99,49.00000000000001,37.11501699312975,34214.78900000001,32846.4188887499,2364.7890000000098,8721.65784321556
SKU0044,Pet Supplies,2025-02-23,1819.586,2087.99,45.50000000000001,38.90480048701279,82791.16300000002,81232.83436887783,9991.163000000002,18985.153589657366
SKU0045,Pet Supplies,2025-02-23,1365.4440000000002,1331.49,39.400000000000006,40.25218746828579,53798.493600000016,53595.385092147844,10458.493600000009,9317.978877033478
SKU0046,Pet Supplies,2025-02-23,594.49,586.49,51.2,51.74706000805838,30437.888000000003,30349.13322412616,7397.888000000001,7062.956220499888
SKU0047,Pet Supplies,2025-02-23,411.2600000000001,414.99,43.60000000000001,43.291636846879015,17930.93600000001,17965.596375086323,2670.936000000005,2813.5234786786677
SKU0048,Pet Supplies,2025-02-23,990.7620000000002,1085.49,40.900000000000006,37.32530563354554,40522.16580000001,40516.246012157346,3712.1658000000075,6923.470941966362
SKU0049,Pet Supplies,2025-02-23,2305.193,2339.49,46.400000000000006,45.74121138623752,106960.95520000003,107011.1066259888,23440.95520000001,24676.92613076127
SKU0001,Electronics,2025-02-24,11915.672000000002,10550.49,12.7,15.323104586225444,151329.03440000003,161666.2617059257,49729.034400000026,39081.42501612213
SKU0002,Electronics,2025-02-24,20049.197000000004,24769.49,19.300000000000004,12.582409643532383,386949.50210000016,311659.86984137894,39549.50210000008,85176.49625779605
SKU0003,Electronics,2025-02-24,37885.003,33623.99,1.2000000000000002,1.9324300281317628,45462.003600000004,64976.0079416021,9462.003599999998,7003.107097649223
SKU0004,Electronics,2025-02-24,13686.330000000002,11338.99,1.7000000000000004,2.56901198549613,23266.76100000001,29130.001213420765,7966.761000000005,6008.893343955593
SKU0005,Electronics,2025-02-24,6674.371000000001,8203.49,28.100000000000005,20.982911516148192,187549.82510000007,172133.10479360653,18949.82510000003,46235.63569671738
SKU0006,Electronics,2025-02-24,49635.16700000001,50095.99,16.200000000000003,15.738309265628274,804089.7054000003,788426.1835878213,123689.70540000017,127417.19443143382
SKU0007,Electronics,2025-02-24,17151.761000000002,15424.99,13.900000000000002,16.627757505709997,238409.47790000006,256482.99324800164,71609.47790000004,56949.903179481684
SKU0008,Groceries,2025-02-24,715.9390000000001,813.99,58.90000000000001,51.29137722277059,42168.80710000001,41750.66814556303,9773.807100000007,13540.410673039209
SKU0009,Groceries,2025-02-24,998.076,1137.99,59.000000000000014,53.0027629298482,58886.48400000002,60316.614186537954,8736.484000000004,15264.265696166984
SKU0010,Groceries,2025-02-24,601.3870000000001,455.49,58.500000000000014,79.33475610556027,35181.13950000001,36136.18805852165,10611.139500000007,2815.590494186335
SKU0011,Groceries,2025-02-24,636.8010000000002,709.99,64.70000000000002,58.70383311893915,41201.02470000002,41679.13447611561,7557.024700000013,11153.14125426725
SKU0012,Groceries,2025-02-24,445.557,365.99,81.20000000000002,98.82134361094847,36179.22840000001,36167.62354817103,6947.228400000003,591.9398482295823
SKU0013,Groceries,2025-02-24,403.8370000000001,280.49,63.000000000000014,90.3702359406456,25441.73100000001,25347.947478991686,7801.731000000008,44.281415610917165
SKU0014,Apparel,2025-02-24,560.5610000000001,621.49,46.30000000000001,41.07435968667461,25953.974300000013,25527.303801671405,2803.9743000000076,4990.123958334099
SKU0015,Apparel,2025-02-24,1865.428,2251.99,38.00000000000001,30.203984603666125,70886.26400000002,68019.07128761007,10086.264000000006,19692.69592174427
SKU0016,Apparel,2025-02-24,3180.0170000000007,2898.49,33.5,37.5913193605811,106530.56950000003,108958.06325345072,32830.56950000003,26257.160660172285
SKU0017,Apparel,2025-02-24,3097.1360000000004,3685.99,37.3,29.87264910604291,115523.1728,110110.2858783831,11083.172800000015,26466.86838146295
SKU0018,Apparel,2025-02-24,2397.2340000000004,2755.49,28.500000000000004,23.94687299990781,68321.16900000002,65985.36908251597,14171.169000000013,20486.31038269113
SKU0019,Apparel,2025-02-24,1980.1320000000003,2008.99,28.000000000000004,27.51063963350534,55443.69600000002,55268.59991731589,13443.696000000009,14002.640467057883
SKU0020,Home & Kitchen,2025-02-24,6512.9540000000015,6610.99,21.700000000000003,21.25613332738756,141331.10180000006,140524.08486602586,32831.10180000004,34243.41822908808
SKU0021,Home & Kitchen,2025-02-24,4556.578000000001,5497.99,15.400000000000002,11.897519847871552,70171.30120000003,65412.44514839931,11651.301200000022,20201.869726487414
SKU0022,Home & Kitchen,2025-02-24,4635.926,4008.99,24.500000000000004,29.562181859058438,113580.18700000002,118514.49145114668,35180.18700000001,23915.50950215968
SKU0023,Home & Kitchen,2025-02-24,7969.408000000001,9535.49,23.200000000000003,17.810186220138547,184890.26560000004,169828.8526002689,34090.265600000035,54062.64216936835
SKU0024,Home & Kitchen,2025-02-24,2251.3790000000004,2525.49,23.300000000000004,20.182404036040893,52457.130700000016,50970.459568980914,10517.13070000001,14642.132304107303
SKU0025,Home & Kitchen,2025-02-24,1959.838,1837.99,26.300000000000004,28.43716377990196,51543.739400000006,52267.222655822006,14723.739400000002,12455.19336395926
SKU0026,Beauty & Personal Care,2025-02-24,1161.475,1243.99,39.50000000000001,37.15002828780538,45878.262500000004,46214.26368974701,10328.262499999999,12779.238230722172
SKU0027,Beauty & Personal Care,2025-02-24,634.7970000000001,654.99,42.30000000000001,41.13266684784245,26851.913100000012,26941.48545866833,5701.913100000007,6375.152034747101
SKU0028,Beauty & Personal Care,2025-02-24,748.4960000000001,843.99,45.7,40.53607908512897,34206.26720000001,34212.045387057995,4501.267200000005,7863.593981724169
SKU0029,Beauty & Personal Care,2025-02-24,2017.829,2389.99,39.80000000000001,33.61492302922016,80309.59420000002,80339.32989060588,8669.594200000001,19832.468438009593
SKU0030,Beauty & Personal Care,2025-02-24,2792.853,2787.99,38.3,38.36686168041698,106966.2699,106966.42669638574,22706.2699,22559.330999468373
SKU0031,Beauty & Personal Care,2025-02-24,443.0970000000001,565.99,58.10000000000001,46.06822441415171,25743.93570000001,26074.154336165724,-401.0642999999946,5343.453349797457
SKU0032,Sports & Fitness,2025-02-24,3639.158000000001,3873.49,2.9000000000000004,2.606822647813906,10553.558200000003,10097.501458080686,1853.5582000000027,2277.033514638968
SKU0033,Sports & Fitness,2025-02-24,1089.6080000000002,1187.99,28.600000000000005,25.7858636375874,31162.78880000001,30633.348142817456,5422.788800000006,7426.070868988796
SKU0034,Sports & Fitness,2025-02-24,1843.813,2399.99,32.300000000000004,23.282437988065947,59555.15990000001,55877.61834697839,1415.1599000000035,13969.229968459682
SKU0035,Sports & Fitness,2025-02-24,880.8670000000002,865.99,23.700000000000003,24.186301933536654,20876.54790000001,20945.095611423407,4286.547900000005,4014.6842579477493
SKU0036,Sports & Fitness,2025-02-24,3316.188,3265.99,18.700000000000003,19.073659072944515,62012.71560000001,62294.379795646055,13392.715600000003,12702.866205990314
SKU0037,Sports & Fitness,2025-02-24,568.078,713.99,34.900000000000006,26.66507174754956,19825.9222,19038.594577032913,630.9221999999992,4372.805115880653
SKU0038,Books & Stationery,2025-02-24,555.565,494.99,50.80000000000001,58.04224199565203,28222.70200000001,28730.3293654278,5362.702000000004,2611.320467384385
SKU0039,Books & Stationery,2025-02-24,342.71100000000007,300.49,46.50000000000001,54.07180310758943,15936.061500000005,16248.036115799548,1986.0615000000034,26.495183522719312
SKU0040,Books & Stationery,2025-02-24,527.1080000000002,650.99,88.80000000000001,69.63250858141924,46807.19040000002,45330.066761418115,2407.190400000016,10513.812470708492
SKU0041,Books & Stationery,2025-02-24,285.58700000000005,250.49,58.60000000000001,68.05083945142276,16735.398200000007,17046.054774186887,2085.398200000003,33.34491133119777
SKU0042,Books & Stationery,2025-02-24,978.0170000000002,972.99,49.400000000000006,49.69935376746594,48314.03980000001,48356.974222206685,8794.03980000001,8597.491208233932
SKU0043,Books & Stationery,2025-02-24,697.0100000000001,884.99,50.80000000000001,38.40615749136455,35408.108000000015,33989.065318282715,2388.1080000000056,9025.062948895757
SKU0044,Pet Supplies,2025-02-24,1796.938,2087.99,63.80000000000001,53.84039832574558,114644.64440000003,112418.2133001735,12564.644400000008,26273.575978980574
SKU0045,Pet Supplies,2025-02-24,1374.2430000000004,1331.49,42.10000000000001,43.24410825956169,57855.630300000026,57579.0977065238,11545.630300000019,10010.578621005936
SKU0046,Pet Supplies,2025-02-24,591.6090000000002,586.49,39.7,39.97308394405283,23486.877300000007,23443.814002347546,5621.8773000000065,5455.926227523772
SKU0047,Pet Supplies,2025-02-24,418.157,414.99,34.400000000000006,34.60741620685996,14384.600800000002,14361.731651684815,2344.6007999999997,2249.135979283829
SKU0048,Pet Supplies,2025-02-24,977.3350000000002,1085.49,55.400000000000006,49.90539386745012,54144.35900000001,54171.805989178436,4284.359000000009,9256.951508473323
SKU0049,Pet Supplies,2025-02-24,2282.4490000000005,2339.49,38.400000000000006,37.48902606254857,87646.04160000003,87705.20158307174,18526.041600000022,20224.95467048432
SKU0001,Electronics,2025-02-25,12002.326000000005,10550.49,15.6,18.98576917522943,187236.28560000006,200309.16782556634,62436.28560000007,48423.0144237309
SKU0002,Electronics,2025-02-25,19986.969,24769.49,27.100000000000005,17.690509377534678,541646.8599000002,438184.89512175147,53846.85990000004,119755.72632612726
SKU0003,Electronics,2025-02-25,38625.364,38624.99,0.0,2.332156653506168e-05,0.0,0.9007952742010921,0.0,0.2011482781492416
SKU0004,Electronics,2025-02-25,13745.841000000004,9949.49,0.0,0.6150124297316477,0.0,6119.060019490731,0.0,583.948151905902
SKU0005,Electronics,2025-02-25,6653.469000000001,8203.49,32.900000000000006,24.499979997801574,218899.13010000007,200985.34091216524,21499.130100000035,53985.46092535579
SKU0006,Electronics,2025-02-25,49618.12500000001,49294.99,21.1,21.529258837093646,1046942.4375000002,1061284.5990819428,160742.43750000017,157055.72792400973
SKU0007,Electronics,2025-02-25,17051.216000000004,15424.99,20.800000000000004,24.551828313325952,354665.29280000017,378711.7062147697,105065.2928000001,84089.76645485825
SKU0008,Groceries,2025-02-25,718.1960000000001,813.99,58.80000000000001,51.37826045262962,42229.924800000015,41821.39022583598,9889.92480000001,13563.346976889694
SKU0009,Groceries,2025-02-25,982.6990000000002,1137.99,74.00000000000001,65.66739791724855,72719.72600000002,74728.84215584968,9819.726000000015,18911.55392618841
SKU0010,Groceries,2025-02-25,602.4870000000001,454.99,80.80000000000001,109.79311849382086,48680.949600000014,49954.77098350355,14744.949600000009,3841.661216098793
SKU0011,Groceries,2025-02-25,641.8780000000002,709.99,82.60000000000002,75.50268229879232,53019.12280000003,53606.149405319564,10067.122800000016,14344.754609947555
SKU0012,Groceries,2025-02-25,449.58900000000006,386.99,59.8,69.50171198445341,26885.4222,26896.467520863625,5357.422200000003,1875.851206460398
SKU0013,Groceries,2025-02-25,398.6830000000001,280.49,55.60000000000001,78.79749272080063,22166.77480000001,22101.90873325737,6598.7748000000065,38.61077143319303
SKU0014,Apparel,2025-02-25,566.4680000000001,615.99,37.10000000000001,33.643901938398145,21015.96280000001,20724.307155033872,2465.9628000000034,3902.356185834801
SKU0015,Apparel,2025-02-25,1859.5510000000004,2251.99,51.00000000000001,40.45014216901394,94837.10100000004,91093.31566319769,13237.101000000022,26373.088192775387
SKU0016,Apparel,2025-02-25,3154.7930000000006,2898.49,37.10000000000001,41.209879868752815,117042.82030000005,119446.42470078134,35422.82030000003,28784.688989525144
SKU0017,Apparel,2025-02-25,3115.197,3685.99,32.900000000000006,26.52341461740599,102489.98130000003,97765.0410456123,10369.981300000005,23499.480116875526
SKU0018,Apparel,2025-02-25,2358.432,2755.49,37.900000000000006,31.2562391244814,89384.57280000001,86126.25434511725,17374.572799999994,26739.400008602584
SKU0019,Apparel,2025-02-25,1960.1640000000004,2008.99,21.6,20.95532929718138,42339.54240000001,42099.04700474442,9939.54240000001,10666.05305897235
SKU0020,Home & Kitchen,2025-02-25,6498.653000000001,6610.99,29.300000000000004,28.6213375064478,190410.53290000005,189215.37604175135,43910.53290000004,46108.688509512336
SKU0021,Home & Kitchen,2025-02-25,4497.577000000001,5497.99,24.300000000000004,18.56782393336354,109291.12110000005,102085.71030739341,16951.12110000003,31527.979360611957
SKU0022,Home & Kitchen,2025-02-25,4676.8330000000005,4008.99,21.6,26.38469036305569,101019.59280000001,105775.95981858662,31899.592800000013,21344.950656808418
SKU0023,Home & Kitchen,2025-02-25,8060.34,9535.49,23.800000000000004,18.58614520143153,191836.09200000003,177228.00170679836,37136.09200000001,56418.057897493396
SKU0024,Home & Kitchen,2025-02-25,2254.3730000000005,2525.49,22.700000000000003,19.69221873505701,51174.26710000002,49732.501493199125,10314.267100000012,14286.507770096507
SKU0025,Home & Kitchen,2025-02-25,1922.6880000000008,1837.99,22.40000000000001,23.671174774754093,43068.211200000034,43507.38252425027,11708.211200000022,10367.737839594545
SKU0026,Beauty & Personal Care,2025-02-25,1160.322,1243.99,25.9,24.31724595088849,30052.339799999994,30250.410790445774,6742.339799999997,8364.889434646133
SKU0027,Beauty & Personal Care,2025-02-25,643.8200000000002,654.99,31.200000000000003,30.72023039616584,20087.18400000001,20121.443707184662,4487.184000000006,4761.328509101743
SKU0028,Beauty & Personal Care,2025-02-25,756.017,843.99,38.500000000000014,34.47667221818064,29106.65450000001,29097.966585422277,4081.6545000000037,6688.129643604862
SKU0029,Beauty & Personal Care,2025-02-25,2052.335,2389.99,46.80000000000001,40.22710915090678,96049.27800000002,96142.38859957569,11809.278000000004,23733.59212794348
SKU0030,Beauty & Personal Care,2025-02-25,2774.704,2787.99,51.20000000000001,50.95735042987797,142064.84480000005,142068.58342499548,29424.844800000013,29962.412479263938
SKU0031,Beauty & Personal Care,2025-02-25,438.7320000000001,565.99,35.5,27.802890635508927,15574.986000000003,15736.158070791698,-400.013999999997,3224.8572848126805
SKU0032,Sports & Fitness,2025-02-25,3591.9970000000003,3701.99,0.0,0.0,0.0,0.0,0.0,0.0
SKU0033,Sports & Fitness,2025-02-25,1083.244,1187.99,36.60000000000001,32.795738493537286,39646.73040000001,38961.00937293736,6706.730399999999,9444.844728753804
SKU0034,Sports & Fitness,2025-02-25,1837.1980000000003,2399.99,33.2,23.83158576846212,60994.97360000002,57195.5675284514,1234.9736000000107,14298.713145219583
SKU0035,Sports & Fitness,2025-02-25,878.8850000000002,865.99,29.1,29.613582013701414,25575.55350000001,25645.065888045287,5205.553500000006,4915.558478454298
SKU0036,Sports & Fitness,2025-02-25,3361.4260000000004,3265.99,29.600000000000005,30.70521118493006,99498.20960000003,100282.91267786972,22538.209600000017,20449.363597051564
SKU0037,Sports & Fitness,2025-02-25,571.0380000000001,713.99,33.7,25.89917123458384,19243.980600000006,18491.749269780517,708.9806000000043,4247.205090759404
SKU0038,Books & Stationery,2025-02-25,553.633,500.99,48.30000000000001,54.21209016750958,26740.473900000008,27159.715053020624,5005.473900000003,2764.2744776413138
SKU0039,Books & Stationery,2025-02-25,342.7700000000001,300.49,51.400000000000006,59.76466332929565,17618.378000000008,17958.68368382005,2198.378000000005,29.284685031355412
SKU0040,Books & Stationery,2025-02-25,528.4940000000001,624.49,48.8,40.18948679321899,25790.507200000004,25097.93260749733,1390.5072000000068,5003.189210887833
SKU0041,Books & Stationery,2025-02-25,286.572,250.49,60.90000000000001,70.99332331419727,17452.234800000006,17783.117556973273,2227.2348000000006,34.78672842395731
SKU0042,Books & Stationery,2025-02-25,985.167,972.99,46.900000000000006,47.589539978886656,46204.33230000001,46304.14650405693,8684.332300000002,8232.514520947603
SKU0043,Books & Stationery,2025-02-25,690.1290000000001,884.99,75.50000000000001,56.53893769745208,52104.73950000002,50036.394472868116,3029.7395000000106,13286.084969524265
SKU0044,Pet Supplies,2025-02-25,1810.715,2087.99,43.80000000000001,37.23761723792064,79309.31700000001,77751.7724166059,9229.317,18171.584835932885
SKU0045,Pet Supplies,2025-02-25,1370.0280000000002,1331.49,43.60000000000001,44.66748533800773,59733.220800000025,59474.31005270391,11773.220800000014,10340.07618089541
SKU0046,Pet Supplies,2025-02-25,592.0020000000002,586.49,37.8,38.08030089307447,22377.675600000006,22333.71567077925,5367.675600000007,5197.580268895735
SKU0047,Pet Supplies,2025-02-25,411.6210000000001,414.99,42.70000000000001,42.42712880954614,17576.216700000008,17606.834184673553,2631.2167000000045,2757.339101332404
SKU0048,Pet Supplies,2025-02-25,985.869,1085.49,53.900000000000006,48.974014328534125,53138.339100000005,53160.802813480506,4628.339100000002,9084.189917799795
SKU0049,Pet Supplies,2025-02-25,2276.946,2339.49,31.500000000000007,30.67601637692071,71723.79900000001,71766.23355364223,15023.799,16549.404075184946
SKU0001,Electronics,2025-02-26,11544.780000000002,10958.49,13.400000000000002,14.522083243980289,154700.05200000005,159140.10400832555,47500.05200000004,42963.43805648324
SKU0002,Electronics,2025-02-26,20791.621000000003,25163.99,31.700000000000003,21.750935256100234,659094.3857000001,547340.3172751538,88494.3857000001,155823.48266534955
SKU0003,Electronics,2025-02-26,38029.105,38107.49,13.200000000000005,13.129752168593004,501984.1860000002,500341.8994671362,105984.18600000007,106449.33440934608
SKU0004,Electronics,2025-02-26,13608.168000000003,11593.99,6.000000000000001,7.877063732605654,81649.00800000003,91326.59814519262,27649.008000000023,20433.02455174174
SKU0005,Electronics,2025-02-26,6962.898000000001,8155.49,20.800000000000004,16.583421755582382,144828.27840000004,135245.93029343456,20028.278400000025,35745.399759940265
SKU0006,Electronics,2025-02-26,49184.02500000001,48834.49,18.1,18.50531884245665,890230.8525000003,903697.8079587608,130030.85250000017,126474.4165755815
SKU0007,Electronics,2025-02-26,16141.560000000003,14950.99,28.90000000000001,32.75900493520047,466491.08400000026,489779.5551961329,119691.08400000013,96671.49597372723
SKU0008,Groceries,2025-02-26,674.9370000000001,805.99,80.20000000000002,66.29690535744471,54129.94740000002,53434.64274904686,10019.947400000012,16971.344802452273
SKU0009,Groceries,2025-02-26,1031.7510000000002,1122.49,61.000000000000014,56.9436027694175,62936.81100000003,63918.624672643455,11086.811000000014,15516.562318638576
SKU0010,Groceries,2025-02-26,599.203,466.49,79.00000000000001,103.85138989287978,47337.037000000004,48445.63487112949,14157.037,4828.051116119982
SKU0011,Groceries,2025-02-26,622.72,703.99,60.00000000000001,53.76052358407923,37363.200000000004,37846.870997955935,6163.200000000003,9891.398734234737
SKU0012,Groceries,2025-02-26,432.3130000000001,381.99,91.90000000000002,103.97406043044528,39729.56470000002,39717.05134382579,6645.564700000011,2286.3895888654924
SKU0013,Groceries,2025-02-26,362.643,280.49,47.60000000000001,61.45954822937176,17261.806800000002,17238.788682856488,3933.8067999999994,30.115178632392723
SKU0014,Apparel,2025-02-26,558.557,637.99,38.00000000000001,32.53847986060065,21225.166000000005,20759.22476626461,2225.166000000001,4489.984835964285
SKU0015,Apparel,2025-02-26,1993.3590000000004,2219.49,28.90000000000001,25.327274827569934,57608.07510000003,56213.63320704319,11368.075100000015,15689.993482931293
SKU0016,Apparel,2025-02-26,3365.4110000000005,2832.49,20.300000000000004,25.23589026186237,68317.84330000002,71480.40680782254,23657.843300000015,15961.448231725324
SKU0017,Apparel,2025-02-26,3214.086,3727.99,32.7,27.04445360664324,105100.6122,100821.45260102993,13540.612199999994,25096.982502428855
SKU0018,Apparel,2025-02-26,2357.134,2661.99,35.00000000000001,30.09743826044754,82499.69000000002,80119.07967492874,15999.690000000004,22933.946980078414
SKU0019,Apparel,2025-02-26,1957.0400000000004,1993.99,34.00000000000001,33.238379472196186,66539.36000000003,66276.99628376447,15539.360000000017,16419.427075470194
SKU0020,Home & Kitchen,2025-02-26,6617.601000000001,6654.49,21.300000000000004,21.13675189429648,140954.90130000003,140654.30411307697,34454.90130000002,34970.54464159458
SKU0021,Home & Kitchen,2025-02-26,4324.859000000001,5270.99,30.500000000000004,23.4569871205242,131908.19950000005,123641.54454241185,16008.19950000004,34504.99348441989
SKU0022,Home & Kitchen,2025-02-26,4595.688000000001,4046.99,18.4,21.73113350334062,84560.65920000001,87945.67997668445,25680.659200000016,18406.052765994467
SKU0023,Home & Kitchen,2025-02-26,7700.951000000001,9698.49,28.40000000000001,20.26613864142584,218707.0084000001,196550.9429524821,34107.008400000035,64821.04178321413
SKU0024,Home & Kitchen,2025-02-26,2452.8470000000007,2493.49,21.800000000000004,21.3565721822482,53472.06460000003,53252.39917071406,14232.064600000018,14810.5692426673
SKU0025,Home & Kitchen,2025-02-26,1862.4450000000004,1808.49,21.000000000000004,21.772666090059943,39111.345000000016,39375.64889721251,9711.34500000001,8893.916371128586
SKU0026,Beauty & Personal Care,2025-02-26,1077.1170000000002,1172.49,38.00000000000001,35.22225985901439,40930.44600000002,41297.74746209579,6730.446000000008,9597.713588982831
SKU0027,Beauty & Personal Care,2025-02-26,598.3800000000001,668.99,44.10000000000001,39.91669900524129,26388.558000000008,26703.872467516372,4338.558000000005,6745.522964895727
SKU0028,Beauty & Personal Care,2025-02-26,721.181,863.49,50.80000000000001,42.45121535591864,36635.99480000001,36656.19994768219,3615.9948000000027,9062.909966335072
SKU0029,Beauty & Personal Care,2025-02-26,2222.8330000000005,2367.49,48.00000000000001,45.089499618447086,106695.98400000004,106748.93945167727,20295.98400000003,25587.840138472526
SKU0030,Beauty & Personal Care,2025-02-26,2700.688,2815.49,49.900000000000006,47.8745883726148,134764.33120000002,134790.42481721324,24984.331200000008,29466.330397460675
SKU0031,Beauty & Personal Care,2025-02-26,441.3260000000001,579.99,38.50000000000001,29.63725493723211,16991.051000000007,17189.311491045253,-333.94899999999706,3852.5467692908023
SKU0032,Sports & Fitness,2025-02-26,3994.7980000000007,3899.99,9.000000000000002,9.305368998800748,35953.182000000015,36290.846041632925,8953.182000000008,8374.739045230683
SKU0033,Sports & Fitness,2025-02-26,1165.9880000000005,1189.99,26.40000000000001,25.76231169345561,30782.083200000023,30656.893292095243,7022.083200000016,7470.812767985193
SKU0034,Sports & Fitness,2025-02-26,1820.0060000000003,2362.99,34.400000000000006,24.89250882979668,62608.206400000025,58820.74943972125,688.2064000000108,14014.233546087227
SKU0035,Sports & Fitness,2025-02-26,824.9750000000001,858.49,28.500000000000004,27.18557537091526,23511.787500000006,23338.54460017704,3561.7875000000045,4308.641840536359
SKU0036,Sports & Fitness,2025-02-26,3488.466000000001,3256.49,18.6,20.33392093222275,64885.46760000002,66217.21017657405,16525.467600000014,13349.015752794909
SKU0037,Sports & Fitness,2025-02-26,594.4110000000001,735.99,37.400000000000006,29.10023766393565,22230.971400000006,21417.48391828,1660.9714000000024,5412.353203115392
SKU0038,Books & Stationery,2025-02-26,556.123,503.99,61.7,69.10117941657631,34312.7891,34826.3034141603,6547.789100000004,3730.772676700956
SKU0039,Books & Stationery,2025-02-26,371.42500000000007,300.49,63.900000000000006,81.37661654201551,23734.057500000006,24452.859504710243,4564.057500000004,39.87454210558834
SKU0040,Books & Stationery,2025-02-26,514.6860000000001,657.49,58.30000000000001,43.88449960900408,30006.193800000015,28853.619647924093,856.1938000000089,6911.369843422053
SKU0041,Books & Stationery,2025-02-26,296.53200000000004,250.49,58.10000000000001,70.42483964229574,17228.509200000004,17640.71808199866,2703.5092000000027,34.50817142472555
SKU0042,Books & Stationery,2025-02-26,937.173,973.99,61.60000000000001,58.8885221653616,57729.85680000001,57356.831703840544,8449.856800000001,10246.013971551265
SKU0043,Books & Stationery,2025-02-26,701.8390000000002,901.49,63.900000000000006,47.72177050830046,44847.512100000014,43020.69889552778,3312.5121000000113,12001.548065132483
SKU0044,Pet Supplies,2025-02-26,1998.7650000000003,2095.49,41.00000000000001,38.85045612872859,81949.36500000003,81410.74231318946,16349.365000000016,19250.01250722372
SKU0045,Pet Supplies,2025-02-26,1347.563,1381.99,50.400000000000006,49.33626365679729,67917.17520000001,68182.22301105729,12477.175200000007,13912.332988580269
SKU0046,Pet Supplies,2025-02-26,573.2920000000001,577.49,51.900000000000006,51.60384862843699,29753.854800000012,29800.706544436078,6398.854800000008,6578.974661639432
SKU0047,Pet Supplies,2025-02-26,430.1940000000001,439.49,50.30000000000001,49.46402936195214,21638.758200000007,21738.946264284346,4033.7582000000048,4426.535987601098
SKU0048,Pet Supplies,2025-02-26,1053.7510000000002,1123.99,41.20000000000001,38.622567977081815,43414.54120000002,43411.38018056019,6334.54120000001,8651.069001186555
SKU0049,Pet Supplies,2025-02-26,2212.8250000000003,2298.49,35.2,33.92015273457085,77891.44000000002,77965.13185888375,14531.440000000011,16908.856936656215
SKU0001,Electronics,2025-02-27,11426.236,11112.99,13.000000000000002,13.571641311765733,148541.06800000003,150821.51418123947,44541.068000000014,42248.38368711361
SKU0002,Electronics,2025-02-27,20827.776000000005,25359.49,31.500000000000007,21.35531588436386,656074.9440000004,541559.9196163665,89074.94400000019,157164.23369781702
SKU0003,Electronics,2025-02-27,37386.29800000001,39960.49,19.800000000000004,16.717919529379728,740248.7004000003,668056.2561745833,146248.70040000023,166518.67029319145
SKU0004,Electronics,2025-02-27,14016.979000000005,11606.99,9.900000000000002,13.419176871220388,138768.09210000007,155756.25175248634,49668.09210000006,34983.65991150284
SKU0005,Electronics,2025-02-27,6722.047000000001,8137.99,23.300000000000004,17.73850776982958,156623.69510000007,144355.79884579542,16823.695100000037,37924.752226817945
SKU0006,Electronics,2025-02-27,51845.43100000001,51002.49,31.600000000000005,33.21199300206461,1638315.6196000006,1693894.34096787,311115.6196000004,298990.63488115655
SKU0007,Electronics,2025-02-27,16687.57,14734.99,18.800000000000004,23.114926931440163,313726.31600000005,340598.2171855015,88126.31600000002,63219.09400821952
SKU0008,Groceries,2025-02-27,683.8760000000002,807.49,87.30000000000001,73.06137293256754,59702.37480000003,58996.32802931896,11687.37480000002,18812.572916406814
SKU0009,Groceries,2025-02-27,1040.2700000000002,1116.99,64.80000000000001,61.14679818082208,67409.49600000003,68300.36209999646,12329.496000000016,16325.583646297688
SKU0010,Groceries,2025-02-27,628.624,423.99,38.8,59.90829468550488,24390.6112,25400.517863707213,8094.6112,239.034095795165
SKU0011,Groceries,2025-02-27,598.1080000000002,697.99,85.50000000000001,74.51278907910984,51138.234000000026,52009.181649327875,6678.234000000016,13262.53132819076
SKU0012,Groceries,2025-02-27,421.412,360.49,70.5,82.41701408248812,29709.546,29710.509406596146,4329.5459999999985,40.38433690041993
SKU0013,Groceries,2025-02-27,361.253,280.49,43.900000000000006,56.4882799276768,15859.006700000002,15844.397636914066,3567.0067,27.679257164562145
SKU0014,Apparel,2025-02-27,570.008,567.99,42.10000000000001,42.27377353159842,23997.33680000001,24011.08062821259,2947.3368000000023,2874.1938624133772
SKU0015,Apparel,2025-02-27,1980.167,2210.49,28.500000000000007,24.89593815241181,56434.759500000015,55032.222326524774,10834.7595,15198.72128266588
SKU0016,Apparel,2025-02-27,3336.0350000000008,2799.99,25.1,31.256147396752446,83734.47850000003,87516.90014943287,28514.47850000002,18753.375876577495
SKU0017,Apparel,2025-02-27,3247.481,3745.99,38.400000000000006,32.01278856016293,124703.27040000002,119919.58581848473,17183.270400000012,30283.777850028524
SKU0018,Apparel,2025-02-27,2389.3830000000007,2617.99,29.40000000000001,26.233987347329844,70247.86020000004,68680.31653543605,14387.860200000026,18835.74057550935
SKU0019,Apparel,2025-02-27,1958.541,1998.99,16.900000000000002,16.474731068591108,33099.3429,32932.82265880294,7749.3429,8220.726055916277
SKU0020,Home & Kitchen,2025-02-27,6583.643000000001,6676.99,16.900000000000002,16.569979605874067,111263.56670000002,110637.58812862508,26763.566700000018,27787.69009925475
SKU0021,Home & Kitchen,2025-02-27,4263.9400000000005,5167.99,16.000000000000004,12.293033400014073,68223.04000000002,63530.27368093873,7423.04000000001,16816.74676088525
SKU0022,Home & Kitchen,2025-02-27,4690.164000000001,4057.49,21.0,25.354453294784545,98493.44400000002,102875.44069905534,31293.444000000014,21741.190155744793
SKU0023,Home & Kitchen,2025-02-27,7548.191000000001,9754.49,25.200000000000003,17.277272791665833,190214.41320000004,168530.98467357646,26414.41320000002,56228.711527748535
SKU0024,Home & Kitchen,2025-02-27,2459.7300000000005,2485.49,22.1,21.814168985682272,54360.03300000001,54218.89887222343,14580.033000000012,14953.394697995336
SKU0025,Home & Kitchen,2025-02-27,1910.645,1797.99,23.700000000000003,25.526931044984888,45282.2865,45897.16674957238,12102.2865,10159.463286593536
SKU0026,Beauty & Personal Care,2025-02-27,1067.299,1144.49,44.8,42.09782280591419,47814.9952,48180.53722314073,7494.9951999999985,10292.496697817962
SKU0027,Beauty & Personal Care,2025-02-27,561.971,682.99,47.60000000000001,39.99402569620046,26749.819600000006,27315.519610247953,2949.8196000000007,7318.506762147723
SKU0028,Beauty & Personal Care,2025-02-27,697.4040000000002,875.49,65.80000000000001,52.504663422339405,45889.18320000002,45967.30777962392,3119.1832000000154,11839.276555103314
SKU0029,Beauty & Personal Care,2025-02-27,2242.175,2394.99,32.0,29.953008826823982,71749.6,71737.15661015516,14149.600000000006,17821.740721871996
SKU0030,Beauty & Personal Care,2025-02-27,2691.2610000000004,2791.49,36.400000000000006,35.08960770800604,97961.90040000003,97952.28902082177,17881.900400000017,20755.152063208487
SKU0031,Beauty & Personal Care,2025-02-27,460.206,586.99,54.80000000000001,43.49944871937151,25219.288800000006,25533.741403783883,559.2888000000011,5958.989480066703
SKU0032,Sports & Fitness,2025-02-27,3911.045000000001,3897.49,18.9,18.986711790727902,73918.75050000001,74000.51933724408,17218.750500000016,17040.38396506038
SKU0033,Sports & Fitness,2025-02-27,1165.8470000000002,1177.99,24.1,23.801223323827426,28096.912700000008,28037.60306323547,6406.912700000005,6616.502071790786
SKU0034,Sports & Fitness,2025-02-27,1854.76,2328.49,44.400000000000006,33.57154885011696,82351.34400000001,78171.01578200884,2431.344,17742.227851798307
SKU0035,Sports & Fitness,2025-02-27,798.6330000000002,857.49,34.900000000000006,32.09390810762518,27872.29170000001,27520.205263207517,3442.2917000000057,5054.46958786989
SKU0036,Sports & Fitness,2025-02-27,3549.8240000000005,3263.49,21.800000000000004,24.28884831090449,77386.16320000002,79266.41357415369,20706.163200000017,16115.407965802016
SKU0037,Sports & Fitness,2025-02-27,602.4760000000001,704.49,46.00000000000001,38.32453240669091,27713.896000000008,26999.249835189683,2413.8960000000056,5920.75701150968
SKU0038,Books & Stationery,2025-02-27,553.2,450.49,54.10000000000001,68.54221116377104,29928.120000000006,30877.580707167217,5583.1200000000035,33.58568347024843
SKU0039,Books & Stationery,2025-02-27,381.201,300.49,64.9,85.12789719504073,24739.944900000002,25580.08182813779,5269.944900000002,41.71266962557073
SKU0040,Books & Stationery,2025-02-27,510.9460000000001,562.49,64.0,57.27006212084567,32700.544000000005,32213.837242354482,700.5440000000053,3578.8061819316467
SKU0041,Books & Stationery,2025-02-27,289.9580000000001,250.49,58.60000000000001,69.23854552536659,16991.538800000006,17343.56326864908,2341.5388000000053,33.926887307430256
SKU0042,Books & Stationery,2025-02-27,886.6720000000001,978.49,51.20000000000001,45.611787154540885,45397.60640000002,44630.67761284671,4437.606400000008,8141.2478892140025
SKU0043,Books & Stationery,2025-02-27,717.796,919.99,75.5,56.57243919807844,54193.598000000005,52046.07833784018,5118.598000000004,15273.9928590892
SKU0044,Pet Supplies,2025-02-27,2112.2830000000004,2066.99,40.70000000000001,41.717047616437846,85969.91810000004,86228.72025270085,20849.91810000002,19481.4440664003
SKU0045,Pet Supplies,2025-02-27,1334.0600000000002,1427.49,41.900000000000006,39.55897962325628,55897.114000000016,56470.047822402106,9807.114000000009,12955.170236820199
SKU0046,Pet Supplies,2025-02-27,538.7740000000001,569.99,44.2,42.28304746324314,23813.810800000007,24100.91422357396,3923.810800000005,5073.542865114545
SKU0047,Pet Supplies,2025-02-27,409.87500000000006,447.99,59.40000000000001,55.41051957196479,24346.575000000008,24823.358663044506,3556.5750000000044,5429.67681285683
SKU0048,Pet Supplies,2025-02-27,1085.9210000000005,1142.99,49.50000000000001,47.03594209825256,53753.08950000003,53761.61145888169,9203.089500000026,11429.26357045439
SKU0049,Pet Supplies,2025-02-27,2233.169000000001,2285.99,33.7,32.93969716153346,75257.79530000003,75299.81831429387,14597.795300000027,16008.36342353364
SKU0001,Electronics,2025-02-28,11368.330000000002,11176.49,12.500000000000002,12.834865167270522,142104.12500000003,143448.7421933473,42104.12500000003,40769.820855183134
SKU0002,Electronics,2025-02-28,21210.461000000003,25382.99,17.1,11.86590586618241,362698.8831000001,301192.1699422495,54898.88310000006,87605.86435096609
SKU0003,Electronics,2025-02-28,37473.537,40156.49,21.800000000000004,18.302084909846243,816923.1066,734947.4896613916,162923.10659999997,185884.94236600422
SKU0004,Electronics,2025-02-28,14236.4,11633.49,10.2,14.110108761241763,145211.28,164149.80917281844,53411.27999999999,37158.83032164257
SKU0005,Electronics,2025-02-28,6819.700000000001,8124.49,26.6,20.753767608012293,181404.02000000002,168613.7773936198,21804.020000000022,44091.17174554603
SKU0006,Electronics,2025-02-28,51347.84,50794.99,21.200000000000003,21.918964763801032,1088574.208,1113373.5959876257,198174.20799999996,192777.0759079824
SKU0007,Electronics,2025-02-28,17126.299000000003,14672.99,17.5,22.63466787230947,299710.23250000004,332118.25534371816,89710.23250000004,60502.240876004485
SKU0008,Groceries,2025-02-28,681.6450000000001,807.99,95.4,79.52334955600861,65028.93300000001,64254.0712077594,12558.93300000001,20516.22895195466
SKU0009,Groceries,2025-02-28,1057.286,1113.99,63.60000000000001,60.94685553359635,67243.38960000001,67894.187595871,13183.389600000006,16089.3603923141
SKU0010,Groceries,2025-02-28,628.4810000000001,451.99,65.30000000000001,93.66792578560596,41039.809300000015,42336.96577583604,13613.80930000001,2996.4369458815354
SKU0011,Groceries,2025-02-28,608.5580000000001,697.49,63.60000000000001,56.29632844971879,38704.28880000001,39266.12613039436,5632.2888000000075,9992.03533654059
SKU0012,Groceries,2025-02-28,416.3140000000001,372.99,75.80000000000001,84.60076100761086,31556.601200000012,31555.237848228775,4268.601200000006,1098.9638854888658
SKU0013,Groceries,2025-02-28,362.6790000000001,280.49,55.10000000000001,71.10536061637197,19983.612900000007,19944.342599286174,4555.6129000000055,34.841626702022914
SKU0014,Apparel,2025-02-28,578.701,610.49,37.3,35.04522476563878,21585.5473,21394.759267174817,2935.5473000000006,3872.146884355429
SKU0015,Apparel,2025-02-28,1999.164,2207.99,26.800000000000004,23.714216010616088,53577.59520000001,52360.75180928021,10697.595200000002,14418.00619229447
SKU0016,Apparel,2025-02-28,3242.504000000001,2786.49,20.1,24.34315438606272,65174.33040000002,67831.95626521991,20954.330400000017,14277.016615881921
SKU0017,Apparel,2025-02-28,3203.1330000000007,3751.99,31.800000000000004,25.965161712288737,101859.62940000003,97421.02709289022,12819.629400000025,24718.574298481748
SKU0018,Apparel,2025-02-28,2433.26,2600.99,23.600000000000005,21.70335248216249,57424.936000000016,56450.20277257981,12584.936000000007,15213.83305647108
SKU0019,Apparel,2025-02-28,1946.962,2002.49,27.40000000000001,26.47597920279788,53346.75880000002,53017.88359381073,12246.758800000003,13303.914789613907
SKU0020,Home & Kitchen,2025-02-28,6591.710000000001,6683.99,23.700000000000003,23.25027274243167,156223.52700000003,155404.59050768585,37723.527000000024,39153.2267955275
SKU0021,Home & Kitchen,2025-02-28,4271.0160000000005,5119.49,25.700000000000006,20.176093944818803,109765.11120000004,103291.31118956041,12105.111200000018,26622.15419924896
SKU0022,Home & Kitchen,2025-02-28,4664.5380000000005,4058.49,18.800000000000004,22.55036373930815,87693.31440000003,91520.42573234472,27533.314400000014,19359.261766558648
SKU0023,Home & Kitchen,2025-02-28,7477.379000000001,9768.99,23.6,15.900155351924198,176466.14440000002,155328.45863139397,23066.14440000002,51977.44884388668
SKU0024,Home & Kitchen,2025-02-28,2421.713,2483.49,24.300000000000004,23.54971665725025,58847.625900000014,58485.485821114424,15107.625900000008,16095.99583806397
SKU0025,Home & Kitchen,2025-02-28,1917.3300000000004,1799.99,19.500000000000004,21.07791822571196,37387.93500000001,37940.042027099276,10087.935000000009,8430.956511102528
SKU0026,Beauty & Personal Care,2025-02-28,1052.6220000000003,1129.49,33.7,31.634148495288407,35473.361400000016,35730.4543839433,5143.361400000011,7259.720738183737
SKU0027,Beauty & Personal Care,2025-02-28,572.181,685.49,39.000000000000014,33.16506265294312,22315.05900000001,22734.31879796598,2815.0590000000025,6151.78747149442
SKU0028,Beauty & Personal Care,2025-02-28,696.397,880.49,43.50000000000001,34.39557177249984,30293.269500000006,30284.956989968385,2018.2695000000024,7927.835337843489
SKU0029,Beauty & Personal Care,2025-02-28,2221.1960000000004,2392.49,29.600000000000005,27.469884268549823,65747.40160000003,65721.42341366276,12467.401600000014,16275.631730273079
SKU0030,Beauty & Personal Care,2025-02-28,2651.1210000000005,2784.99,46.80000000000001,44.55755284480861,124072.46280000005,124092.33909726352,21112.46280000003,26065.72283868458
SKU0031,Beauty & Personal Care,2025-02-28,460.4720000000001,589.99,43.60000000000001,34.4184213319507,20076.579200000007,20306.52440163759,456.57920000000416,4818.234802259778
SKU0032,Sports & Fitness,2025-02-28,3894.7560000000008,3892.99,19.300000000000004,19.311533157222243,75168.79080000003,75179.60546573461,17268.790800000017,17245.005994067888
SKU0033,Sports & Fitness,2025-02-28,1157.149,1173.99,25.200000000000003,24.76613583114096,29160.1548,29075.195804401177,6480.1547999999975,6785.673556374312
SKU0034,Sports & Fitness,2025-02-28,1836.9300000000003,2323.99,36.8,27.519123517411185,67599.024,63954.16786322841,1359.0240000000106,14419.74553188828
SKU0035,Sports & Fitness,2025-02-28,789.9760000000001,859.99,36.2,32.75452334200422,28597.131200000007,28168.56252889021,3257.1312000000044,5240.3961894872555
SKU0036,Sports & Fitness,2025-02-28,3525.1370000000006,3257.49,25.100000000000005,27.76640162496272,88480.93870000003,90448.77562929981,23220.93870000002,18256.131404396732
SKU0037,Sports & Fitness,2025-02-28,604.405,751.49,30.700000000000003,23.730432857580844,18555.233500000002,17833.182988143428,1670.2334999999994,4781.444916473964
SKU0038,Books & Stationery,2025-02-28,558.917,496.49,49.500000000000014,56.75594289809145,27666.39150000001,28178.758089473424,5391.391500000003,2638.583785332272
SKU0039,Books & Stationery,2025-02-28,375.2390000000001,300.49,69.10000000000001,89.00589096721639,25929.01490000001,26745.380176738854,5199.0149000000065,43.61288657393684
SKU0040,Books & Stationery,2025-02-28,516.5810000000001,639.99,70.30000000000001,54.88230272713532,36315.644300000014,35124.12492233933,1165.6443000000095,7682.973558771674
SKU0041,Books & Stationery,2025-02-28,290.36600000000004,250.49,48.900000000000006,57.90002165723892,14198.897400000003,14503.376424921778,1973.8974000000023,28.3710106120476
SKU0042,Books & Stationery,2025-02-28,899.33,982.49,64.9,58.53171097341113,58366.51700000001,57506.8207142667,6446.5170000000035,10681.451935537798
SKU0043,Books & Stationery,2025-02-28,717.5360000000001,921.49,66.4,49.60838120572886,47644.39040000001,45713.62719726709,4484.390400000004,13468.179413543328
SKU0044,Pet Supplies,2025-02-28,2049.7340000000004,2064.99,51.60000000000001,51.16817238067486,105766.27440000004,105661.76428436977,23206.274400000024,23792.688475289993
SKU0045,Pet Supplies,2025-02-28,1331.994,1443.99,40.50000000000001,37.81344392091318,53945.757000000005,54602.234887359424,9395.756999999998,13007.446574354924
SKU0046,Pet Supplies,2025-02-28,545.5920000000001,567.99,39.10000000000001,37.87767916477667,21332.647200000007,21514.142988801505,3737.6472000000044,4469.187364652
SKU0047,Pet Supplies,2025-02-28,412.37500000000006,450.49,45.900000000000006,42.81953819383214,18928.012500000004,19289.77376093944,2863.012500000003,4302.9353930981915
SKU0048,Pet Supplies,2025-02-28,1090.9420000000002,1145.49,40.60000000000001,38.664149787197445,44292.24520000002,44289.3969397368,7752.245200000011,9491.662131259101
SKU0049,Pet Supplies,2025-02-28,2209.0130000000004,2275.99,53.20000000000001,51.68730580676488,117519.49160000004,117639.79114313879,21759.491600000023,24602.640690962005
SKU0001,Electronics,2025-03-01,11501.045000000002,11176.49,16.000000000000004,16.71524191566792,184016.72000000006,186817.73411804336,56016.720000000045,53095.79879269999
SKU0002,Electronics,2025-03-01,21315.870000000003,25382.99,18.300000000000004,12.848768055152666,390080.42100000015,326140.1510562596,60680.42100000006,94862.3260635116
SKU0003,Electronics,2025-03-01,37610.399000000005,39239.99,7.300000000000002,6.4939492595558495,274555.9127000001,254822.50400547893,55555.912700000044,60004.02621880344
SKU0004,Electronics,2025-03-01,14023.566000000004,11633.49,10.6,14.304027648168493,148649.79960000003,166405.76260469167,53249.79960000004,37669.51377117524
SKU0005,Electronics,2025-03-01,6808.839000000001,8124.49,31.800000000000004,24.796340905959845,216521.08020000005,201457.6237270617,25721.08020000003,52679.57829130263
SKU0006,Electronics,2025-03-01,51892.58600000001,52297.99,22.200000000000003,21.67447230763252,1152015.4092000003,1133531.3359998425,219615.40920000026,223203.49907927657
SKU0007,Electronics,2025-03-01,16784.059,14672.99,13.700000000000005,17.188891543114536,229941.60830000008,252212.43372320416,65541.60830000004,45945.73520582972
SKU0008,Groceries,2025-03-01,690.5020000000002,807.99,39.2,33.04112689489223,27067.678400000008,26696.900119803973,5507.678400000007,8524.280327613247
SKU0009,Groceries,2025-03-01,1058.3280000000002,1113.99,82.20000000000002,78.8460585694868,86994.56160000003,87833.7207858226,17124.56160000002,20814.57100175882
SKU0010,Groceries,2025-03-01,618.374,438.99,57.70000000000001,83.9977008828114,35680.179800000005,36874.15071054538,11446.179800000004,1595.1163397645892
SKU0011,Groceries,2025-03-01,611.9290000000001,697.49,75.9,67.53788234411512,46445.41110000001,47106.99755619685,6977.4111000000075,11987.298737256993
SKU0012,Groceries,2025-03-01,415.0040000000001,360.49,81.80000000000001,94.14983735877166,33947.327200000014,33940.0748694636,4499.327200000007,46.13342030579897
SKU0013,Groceries,2025-03-01,361.109,280.49,66.9,85.90275988013606,24158.1921,24094.865118779366,5426.192099999999,42.09235234126745
SKU0014,Apparel,2025-03-01,580.2810000000001,600.99,39.900000000000006,38.30468480686799,23153.211900000006,23020.732522079594,3203.211900000003,3868.3901186455987
SKU0015,Apparel,2025-03-01,1983.0970000000004,2207.99,29.90000000000001,26.208871992041917,59294.600300000035,57868.92726970863,11454.600300000016,15934.73208244156
SKU0016,Apparel,2025-03-01,3260.0000000000005,2786.49,18.300000000000004,22.33248841847959,59658.00000000002,62229.255653209184,19398.000000000015,13097.78113255409
SKU0017,Apparel,2025-03-01,3248.380000000001,3751.99,32.0,26.6050117295402,103948.16000000003,99821.73795911754,14348.160000000033,25327.70511640497
SKU0018,Apparel,2025-03-01,2448.523,2600.99,32.7,30.336709598049985,80066.70210000001,78905.47829743203,17936.702100000006,21265.730061137052
SKU0019,Apparel,2025-03-01,1963.3700000000003,2002.49,32.900000000000006,32.12237682169995,64594.87300000002,64324.73836168594,15244.873000000014,16141.173129136008
SKU0020,Home & Kitchen,2025-03-01,6589.607,6683.99,19.800000000000004,19.41267136879381,130474.21860000002,129754.10130230413,31474.218600000007,32690.744458335084
SKU0021,Home & Kitchen,2025-03-01,4271.85,5119.49,23.6,18.515431933449843,100815.66000000002,94789.56862897714,11135.660000000009,24430.92728186773
SKU0022,Home & Kitchen,2025-03-01,4706.936000000001,4058.49,21.4,25.944995679066192,100728.43040000001,105297.50551353334,32248.430400000012,22273.51934052153
SKU0023,Home & Kitchen,2025-03-01,7513.414000000001,9768.99,22.500000000000004,15.253824471964244,169051.81500000003,149014.45872837398,22801.815000000017,49864.599660606385
SKU0024,Home & Kitchen,2025-03-01,2423.4640000000004,2483.49,22.500000000000007,21.822802040798575,54527.940000000024,54196.710640302845,14027.940000000013,14915.666966865412
SKU0025,Home & Kitchen,2025-03-01,1912.621,1799.99,21.000000000000004,22.62506139632648,40165.04100000001,40724.8842627737,10765.041000000005,9049.79830791663
SKU0026,Beauty & Personal Care,2025-03-01,1060.4280000000003,1129.49,57.2,54.08839285366691,60656.48160000002,61092.29884428824,9176.48160000002,12412.74527598802
SKU0027,Beauty & Personal Care,2025-03-01,577.0840000000001,685.49,42.7,36.60425961008644,24641.486800000002,25091.853920118152,3291.486800000003,6789.724115074933
SKU0028,Beauty & Personal Care,2025-03-01,694.1430000000001,880.49,60.10000000000001,47.4458251101396,41717.99430000001,41775.57455122682,2652.994300000009,10935.788229636077
SKU0029,Beauty & Personal Care,2025-03-01,2220.665,2392.49,41.900000000000006,38.90439393532534,93045.8635,93078.37344632651,17625.8635,23050.464362740902
SKU0030,Beauty & Personal Care,2025-03-01,2660.379000000001,2784.99,45.400000000000006,43.37385465006847,120781.20660000005,120795.7514618942,20901.20660000004,25373.271231743547
SKU0031,Beauty & Personal Care,2025-03-01,461.0640000000001,589.99,55.00000000000001,43.52471656026784,25358.520000000008,25679.147523392425,608.5200000000044,6093.025071271895
SKU0032,Sports & Fitness,2025-03-01,3893.79,3892.99,20.500000000000004,20.50553319931901,79822.695,79827.83568961691,18322.695000000003,18311.236091659877
SKU0033,Sports & Fitness,2025-03-01,1154.59,1173.99,24.500000000000004,24.01364689130808,28287.455,28191.781313926775,6237.454999999999,6579.499111749501
SKU0034,Sports & Fitness,2025-03-01,1829.217,2323.99,48.00000000000001,35.78337441079762,87802.41600000001,83160.20429694955,1402.416000000005,18750.130357513837
SKU0035,Sports & Fitness,2025-03-01,793.4440000000002,859.99,23.500000000000004,21.34253340613581,18645.93400000001,18354.365303942737,2195.9340000000047,3414.5919196476684
SKU0036,Sports & Fitness,2025-03-01,3507.870000000001,3257.49,23.200000000000003,25.511442354416676,81382.58400000003,83103.26835508877,21062.58400000002,16773.518233605413
SKU0037,Sports & Fitness,2025-03-01,595.4540000000002,750.99,26.6,20.184886647245104,15839.076400000005,15158.6480232146,1209.0764000000047,4056.9603672297935
SKU0038,Books & Stationery,2025-03-01,552.565,486.49,46.60000000000001,53.99207454769689,25749.529000000006,26266.60434670906,4779.529000000003,1970.17080024546
SKU0039,Books & Stationery,2025-03-01,381.3670000000001,300.49,50.60000000000001,66.47159111116578,19297.170200000008,19974.048412994205,4117.170200000004,32.57107964447184
SKU0040,Books & Stationery,2025-03-01,515.4040000000001,611.49,89.70000000000002,73.67416341337845,46231.73880000002,45051.01418564679,1381.73880000001,8213.932478957564
SKU0041,Books & Stationery,2025-03-01,292.2160000000001,250.49,56.7,67.59425052287564,16568.647200000007,16931.68381347512,2393.647200000007,33.12118275620968
SKU0042,Books & Stationery,2025-03-01,882.8630000000002,982.49,63.000000000000014,55.60056962272375,55620.36900000002,54627.003648629856,5220.3690000000115,10146.547950450857
SKU0043,Books & Stationery,2025-03-01,724.0840000000001,921.49,75.80000000000001,57.26955802341132,54885.56720000001,52773.3250229933,5615.567200000005,15548.11230777594
SKU0044,Pet Supplies,2025-03-01,2058.9000000000005,2064.99,54.30000000000001,54.1187262594862,111798.27000000005,111754.6285385764,24918.270000000033,25164.66652339848
SKU0045,Pet Supplies,2025-03-01,1324.9910000000002,1443.99,48.00000000000001,44.62810017365704,63599.56800000002,64442.53036975903,10799.568000000012,15351.620178736286
SKU0046,Pet Supplies,2025-03-01,540.931,567.99,46.10000000000001,44.36385951252767,24936.919100000006,25198.228564520592,4191.919100000003,5234.49178388314
SKU0047,Pet Supplies,2025-03-01,414.78600000000006,450.49,58.10000000000001,54.46613634668486,24099.066600000006,24536.449762818065,3764.0666000000037,5473.302041478362
SKU0048,Pet Supplies,2025-03-01,1100.438,1145.49,34.2,32.84725881438404,37634.979600000006,37626.206499288775,6854.979600000004,8063.673566343138
SKU0049,Pet Supplies,2025-03-01,2213.61,2275.99,57.900000000000006,56.369040764795656,128168.01900000001,128295.37309026725,23948.01900000001,26831.09971363507
SKU0001,Electronics,2025-03-02,11361.966000000002,11176.49,17.6,18.04600925064025,199970.60160000005,201691.04192968825,59170.601600000045,57322.96792456624
SKU0002,Electronics,2025-03-02,21224.844000000005,25382.99,18.9,13.163625136615345,401149.55160000006,334132.1652064559,60949.55160000008,97186.91274737974
SKU0003,Electronics,2025-03-02,37415.094000000005,39562.99,10.2,8.791063684602523,381633.9588,347800.76464329276,75633.95880000004,84068.85410521706
SKU0004,Electronics,2025-03-02,14054.491000000002,11633.49,7.100000000000001,9.721401526559946,99786.88610000003,113093.82744521987,35886.88610000002,25601.21370618035
SKU0005,Electronics,2025-03-02,6747.861000000001,8124.49,35.900000000000006,27.66808408999398,242248.20990000007,224789.07250831518,26848.20990000003,58780.5679683513
SKU0006,Electronics,2025-03-02,51845.098000000005,51535.49,17.500000000000004,17.829149339642935,907289.2150000003,918833.9475016751,172289.21500000014,170009.67523667178
SKU0007,Electronics,2025-03-02,16992.094000000005,14672.99,13.1,16.790326018925064,222596.43140000006,246364.28577242728,65396.43140000006,44880.3735453265
SKU0008,Groceries,2025-03-02,680.7170000000001,807.99,61.40000000000001,51.04790996704683,41796.02380000002,41246.20077427417,8026.023800000008,13169.85029239841
SKU0009,Groceries,2025-03-02,1051.6460000000002,1113.99,57.20000000000001,54.57060033576786,60154.15120000002,60791.10306804204,11534.151200000013,14406.092782639356
SKU0010,Groceries,2025-03-02,619.422,446.99,66.00000000000001,94.31631136660684,40881.85200000001,42158.44801775959,13161.852000000004,2545.5972437847195
SKU0011,Groceries,2025-03-02,608.873,697.49,78.80000000000001,69.81003898381017,47979.19240000001,48691.80409081776,7003.192400000004,12390.583819236468
SKU0012,Groceries,2025-03-02,415.95400000000006,365.99,78.4,89.0923293435389,32610.793600000008,32606.901616441806,4386.793600000005,533.6630527677988
SKU0013,Groceries,2025-03-02,361.2950000000001,280.49,71.5,91.83683184482392,25832.592500000006,25759.312964154662,5812.592500000005,45.00004760396455
SKU0014,Apparel,2025-03-02,579.4570000000001,622.49,47.50000000000001,43.71378536380576,27524.207500000008,27211.39425111545,3774.2075000000054,5354.501569212568
SKU0015,Apparel,2025-03-02,1997.7220000000004,2207.99,31.500000000000007,27.867841345915235,62928.24300000003,61531.915013367376,12528.243000000017,16943.368859902996
SKU0016,Apparel,2025-03-02,3288.6220000000003,2786.49,39.3,48.23779700389509,129242.8446,134414.1389733836,42782.84460000001,28290.985564814422
SKU0017,Apparel,2025-03-02,3240.004000000001,3751.99,37.30000000000001,30.936259744403664,120852.14920000007,116072.5371984051,16412.149200000036,29451.00991407484
SKU0018,Apparel,2025-03-02,2430.1330000000007,2600.99,39.60000000000001,36.41181127812255,96233.26680000006,94706.75701628395,20993.266800000034,25524.315587851117
SKU0019,Apparel,2025-03-02,1946.4800000000005,2002.49,35.10000000000001,33.91528266154564,68321.44800000003,67915.01437691852,15671.44800000002,17042.09038460007
SKU0020,Home & Kitchen,2025-03-02,6631.464000000001,6683.99,21.40000000000001,21.167627066969505,141913.32960000008,141484.2076393535,34913.329600000034,35646.07230450597
SKU0021,Home & Kitchen,2025-03-02,4294.911,5119.49,22.300000000000004,17.611863578551482,95776.51530000001,90163.75947175852,11036.515300000003,23238.67787326289
SKU0022,Home & Kitchen,2025-03-02,4748.646000000001,4058.49,11.200000000000005,13.83765522857495,53184.83520000003,56159.98536861915,17344.835200000016,11879.488637179307
SKU0023,Home & Kitchen,2025-03-02,7503.721000000001,9768.99,28.800000000000004,19.57390106987565,216107.16480000006,191217.24381260452,28907.164800000042,63986.88685841279
SKU0024,Home & Kitchen,2025-03-02,2432.032,2483.49,22.9,22.30938053166805,55693.5328,55405.123456592286,14473.532800000003,15248.238499589792
SKU0025,Home & Kitchen,2025-03-02,1920.0080000000005,1799.99,25.200000000000003,27.262939101241063,48384.201600000015,49073.0177528429,13104.201600000013,10904.903011105413
SKU0026,Beauty & Personal Care,2025-03-02,1060.0460000000005,1129.49,50.60000000000001,47.82593337216368,53638.32760000003,54018.91348452516,8098.327600000027,10975.573449577843
SKU0027,Beauty & Personal Care,2025-03-02,575.9960000000001,685.49,38.60000000000001,33.02010605364493,22233.44560000001,22634.952498713064,2933.445600000004,6124.899471890599
SKU0028,Beauty & Personal Care,2025-03-02,686.7160000000001,880.49,40.400000000000006,31.483074558740466,27743.32640000001,27720.532318225392,1483.3264000000052,7256.53385504409
SKU0029,Beauty & Personal Care,2025-03-02,2241.880000000001,2392.49,48.60000000000001,45.56457559719716,108955.36800000007,109012.79147053823,21475.368000000053,26996.55539558334
SKU0030,Beauty & Personal Care,2025-03-02,2673.8650000000007,2784.99,39.3,37.73076923645531,105082.89450000002,105079.81501583566,18622.894500000028,22072.12269563398
SKU0031,Beauty & Personal Care,2025-03-02,459.528,589.99,58.60000000000001,46.24022468151847,26928.340800000005,27281.270159849082,558.3408000000013,6473.169053165771
SKU0032,Sports & Fitness,2025-03-02,3918.049000000001,3892.99,7.100000000000001,7.165348813503801,27818.14790000001,27894.63127748216,6518.147900000007,6398.584836970757
SKU0033,Sports & Fitness,2025-03-02,1160.6450000000002,1173.99,25.90000000000001,25.54693266643068,30060.705500000015,29991.843481062955,6750.705500000008,6999.604081275343
SKU0034,Sports & Fitness,2025-03-02,1837.079,2323.99,41.50000000000001,31.06826758894484,76238.77850000001,72202.34319403191,1538.7784999999983,16279.461533931199
SKU0035,Sports & Fitness,2025-03-02,794.2980000000001,859.99,35.00000000000001,31.870289961591524,27800.43000000001,27408.130664069096,3300.430000000005,5098.927690955028
SKU0036,Sports & Fitness,2025-03-02,3526.629000000001,3257.49,23.200000000000003,25.686203317325237,81817.79280000002,83672.55044415378,21497.79280000002,16888.421819108164
SKU0037,Sports & Fitness,2025-03-02,600.712,751.49,33.900000000000006,26.037362852189556,20364.136800000004,19566.81780979193,1719.1368,5246.268241087674
SKU0038,Books & Stationery,2025-03-02,557.1020000000001,498.99,39.00000000000001,44.32017150071053,21726.978000000006,22115.322377139546,4176.978000000005,2171.245201819809
SKU0039,Books & Stationery,2025-03-02,375.4430000000001,300.49,48.60000000000001,62.72359409573664,18246.529800000008,18847.8127898279,3666.5298000000053,30.73456110691152
SKU0040,Books & Stationery,2025-03-02,519.8430000000001,630.99,68.10000000000001,54.4329998806561,35401.30830000001,34346.67859469519,1351.3083000000051,7130.178654367142
SKU0041,Books & Stationery,2025-03-02,292.8190000000001,250.49,42.70000000000001,51.071317988784266,12503.371300000006,12792.85444301057,1828.3713000000037,25.024945814504754
SKU0042,Books & Stationery,2025-03-02,896.6570000000002,982.49,58.60000000000001,52.65667512213252,52544.100200000015,51734.65674074398,5664.10020000001,9609.316643037964
SKU0043,Books & Stationery,2025-03-02,721.6540000000002,921.49,47.30000000000001,35.505287664328485,34134.23420000002,32717.767529802055,3389.2342000000112,9639.33054798854
SKU0044,Pet Supplies,2025-03-02,2073.380000000001,2064.99,45.3,45.50917325823569,93924.11400000005,93975.98768652411,21444.114000000045,21161.310473347003
SKU0045,Pet Supplies,2025-03-02,1316.4910000000002,1443.99,31.60000000000001,29.195132471702603,41601.11560000002,42157.47933781384,6841.115600000008,10042.833618940978
SKU0046,Pet Supplies,2025-03-02,542.325,567.99,60.90000000000001,58.73649415916782,33027.592500000006,33361.74131746573,5622.592500000004,6930.318945840211
SKU0047,Pet Supplies,2025-03-02,413.22300000000007,450.49,48.2,45.04109180661904,19917.348600000005,20290.561447963813,3047.3486000000034,4526.179315647148
SKU0048,Pet Supplies,2025-03-02,1104.3870000000002,1145.49,43.60000000000001,42.03631554673549,48151.27320000002,48152.17909563003,8911.273200000009,10319.495103568095
SKU0049,Pet Supplies,2025-03-02,2196.7030000000004,2275.99,61.10000000000001,59.04797789124557,134218.55330000006,134392.607200696,24238.55330000003,28106.246996453967
SKU0001,Electronics,2025-03-03,11428.212000000003,11176.49,17.1,17.689796934619793,195422.42520000006,197709.83854180877,58622.425200000056,56191.463064850424
SKU0002,Electronics,2025-03-03,21409.397,25382.99,16.500000000000004,11.662100224678849,353255.05050000007,296018.973382021,56255.05050000003,86101.16933780171
SKU0003,Electronics,2025-03-03,37031.47200000001,37154.99,2.9000000000000004,2.8688461834417853,107391.26880000003,106591.95125731769,20391.268800000027,20526.565754064133
SKU0004,Electronics,2025-03-03,14247.713000000002,11633.49,2.5000000000000004,3.727474945696337,35619.28250000001,43363.54250600888,13119.282500000007,9816.267994741846
SKU0005,Electronics,2025-03-03,6787.516000000001,8124.49,18.0,13.87941263475406,122175.28800000003,112763.14915693301,14175.288000000026,29486.673348408647
SKU0006,Electronics,2025-03-03,51995.37500000001,52927.99,17.500000000000004,16.556572089153146,909919.0625000003,876306.0819689768,174919.06250000017,180930.05422454467
SKU0007,Electronics,2025-03-03,16913.407000000003,14672.99,21.40000000000001,27.055574133984468,361946.9098000002,396986.16871221276,105146.90980000011,72319.27910439913
SKU0008,Groceries,2025-03-03,684.363,807.99,53.30000000000001,44.54843859722831,36476.54790000001,35994.6929021745,7161.547900000004,11493.051673698932
SKU0009,Groceries,2025-03-03,1050.1750000000002,1113.99,50.10000000000001,47.7365780786858,52613.767500000016,53178.0706138752,10028.76750000001,12601.979246992265
SKU0010,Groceries,2025-03-03,625.791,452.49,63.500000000000014,90.56236482420876,39737.72850000001,40978.564459306224,13067.728500000007,2942.371233138543
SKU0011,Groceries,2025-03-03,606.394,697.49,66.4,58.592755088471954,40264.5616,40867.860746658305,5736.561600000001,10399.628100652888
SKU0012,Groceries,2025-03-03,419.003,380.49,57.80000000000001,63.67249693067849,24218.373400000004,24226.74835715386,3410.3734,1304.6494621096028
SKU0013,Groceries,2025-03-03,356.63700000000006,280.49,74.80000000000001,94.8396671915991,26676.447600000007,26601.578250571634,5732.447600000005,46.471436923884426
SKU0014,Apparel,2025-03-03,579.0500000000001,602.49,21.700000000000003,20.700617129129665,12565.385000000004,12471.914814129332,1715.3850000000018,2121.6062495644996
SKU0015,Apparel,2025-03-03,2001.6370000000004,2207.99,25.700000000000003,22.77109014069772,51442.07090000001,50278.33931975915,10322.070900000012,13844.595094642802
SKU0016,Apparel,2025-03-03,3263.1560000000004,2786.49,25.90000000000001,31.558478184421297,84515.74040000004,87937.3838761081,27535.74040000002,18508.731870381238
SKU0017,Apparel,2025-03-03,3235.794000000001,3751.99,35.1,29.05336577971581,113576.36940000003,109007.93787183592,15296.369400000029,27658.51368863165
SKU0018,Apparel,2025-03-03,2454.682,2600.99,33.300000000000004,30.991220755691,81740.9106,80607.85527334473,18470.910599999996,21724.53583753183
SKU0019,Apparel,2025-03-03,1946.3920000000005,2002.49,30.500000000000007,29.46462378369959,59364.95600000003,59002.61448062059,13614.956000000018,14805.678805071208
SKU0020,Home & Kitchen,2025-03-03,6634.513000000001,6683.99,21.200000000000003,20.983054043082813,140651.67560000005,140250.5233934251,34651.675600000024,35335.25317801102
SKU0021,Home & Kitchen,2025-03-03,4302.388000000001,5119.49,36.400000000000006,28.94138045628044,156606.92320000005,148165.10783212315,18286.923200000034,38187.86209825747
SKU0022,Home & Kitchen,2025-03-03,4695.013000000001,4058.49,15.800000000000002,19.144966512269445,74181.20540000002,77699.65514038042,23621.205400000017,16435.762301118193
SKU0023,Home & Kitchen,2025-03-03,7510.201000000002,9768.99,26.800000000000004,18.21638245425655,201273.3868000001,177955.6580318077,27073.386800000055,59549.17207914012
SKU0024,Home & Kitchen,2025-03-03,2409.4370000000004,2483.49,20.6,19.83253103966745,49634.40220000001,49253.892511703714,12554.402200000008,13555.336640302301
SKU0025,Home & Kitchen,2025-03-03,1935.6740000000004,1799.99,22.1,24.15776294218753,42778.395400000016,43483.73171830813,11838.39540000001,9662.863599245591
SKU0026,Beauty & Personal Care,2025-03-03,1063.0590000000002,1129.49,63.00000000000001,59.70916787870991,66972.71700000002,67440.90802732405,10272.717000000013,13702.656936485138
SKU0027,Beauty & Personal Care,2025-03-03,568.5220000000002,685.49,45.3,38.32530969772037,25754.046600000005,26271.616544690336,3104.046600000007,7108.961695830152
SKU0028,Beauty & Personal Care,2025-03-03,686.8660000000001,880.49,39.30000000000001,30.626736728588405,26993.83380000001,26966.535422154804,1448.8338000000042,7059.156548572341
SKU0029,Beauty & Personal Care,2025-03-03,2239.8040000000005,2392.49,36.8,34.454796533266176,82424.78720000002,82432.75615787398,16184.787200000019,20414.12239799487
SKU0030,Beauty & Personal Care,2025-03-03,2662.3,2784.99,37.900000000000006,36.22755725161473,100901.17000000003,100893.3846701745,17521.17000000001,21192.758716622095
SKU0031,Beauty & Personal Care,2025-03-03,459.80500000000006,589.99,58.900000000000006,46.50461958935389,27082.514500000005,27437.2605115229,577.5145000000037,6510.181696313651
SKU0032,Sports & Fitness,2025-03-03,3875.957000000001,3892.99,3.0000000000000004,2.97809478981258,11627.871000000005,11593.693235792474,2627.871000000003,2659.408866354735
SKU0033,Sports & Fitness,2025-03-03,1161.497,1173.99,35.10000000000001,34.65640620264806,40768.54470000001,40686.27431784679,9178.544700000004,9495.508735463542
SKU0034,Sports & Fitness,2025-03-03,1835.955,2323.99,44.60000000000001,33.38214975862638,81883.59300000001,77579.78221755012,1603.5929999999971,17491.91265202263
SKU0035,Sports & Fitness,2025-03-03,797.4540000000001,859.99,41.60000000000001,38.07344336197035,33174.08640000001,32742.78055686088,4054.0864000000033,6091.370203481636
SKU0036,Sports & Fitness,2025-03-03,3547.370000000001,3257.49,23.200000000000003,25.879680187384096,82298.98400000003,84302.79941360181,21978.984000000022,17015.630926403162
SKU0037,Sports & Fitness,2025-03-03,598.6170000000001,751.49,28.300000000000004,21.60879065086021,16940.861100000006,16238.79008621494,1375.8611000000024,4353.955228241824
SKU0038,Books & Stationery,2025-03-03,556.1600000000001,503.49,39.30000000000001,44.111178757349,21857.08800000001,22209.537392537648,4172.088000000004,2359.5069517305983
SKU0039,Books & Stationery,2025-03-03,379.4630000000001,300.49,54.000000000000014,70.51338670319227,20491.00200000001,21188.567570442247,4291.002000000005,34.551559484564855
SKU0040,Books & Stationery,2025-03-03,515.6960000000001,641.99,57.40000000000001,44.52073921292586,29600.950400000016,28581.869367306273,900.9504000000082,6321.499760843343
SKU0041,Books & Stationery,2025-03-03,290.60100000000006,250.49,50.7,60.08012854069586,14733.470700000003,15049.471398158907,2058.470700000003,29.439262984941518
SKU0042,Books & Stationery,2025-03-03,893.0330000000001,982.49,65.80000000000001,58.859479340351534,58761.571400000015,57828.84985710198,6121.57140000001,10741.266384820752
SKU0043,Books & Stationery,2025-03-03,721.326,921.49,46.900000000000006,35.1841237941268,33830.1894,32421.818235049905,3345.1894000000016,9552.137768867484
SKU0044,Pet Supplies,2025-03-03,2055.8830000000003,2064.99,31.200000000000003,31.042170562496672,64143.54960000001,64101.77178985,14223.54960000001,14434.298889855321
SKU0045,Pet Supplies,2025-03-03,1320.6680000000003,1443.99,39.10000000000001,36.23952722683282,51638.118800000026,52329.51492027433,8628.118800000015,12466.034970758223
SKU0046,Pet Supplies,2025-03-03,547.3520000000001,567.99,43.30000000000001,42.05621657229085,23700.34160000001,23887.51045089548,4215.341600000005,4962.212993364597
SKU0047,Pet Supplies,2025-03-03,415.157,450.49,60.70000000000001,56.94606682353136,25200.0299,25653.633643332643,3955.0298999999995,5722.510255096667
SKU0048,Pet Supplies,2025-03-03,1095.6820000000002,1145.49,48.30000000000001,46.20528564618875,52921.44060000002,52927.69265485275,9451.440600000014,11342.935573282877
SKU0049,Pet Supplies,2025-03-03,2190.8350000000005,2275.99,41.8,40.28094973043229,91576.90300000002,91679.03877696658,16336.90300000002,19173.329262188458
SKU0001,Electronics,2025-03-04,11316.148,11127.49,21.700000000000003,22.25614275463977,245560.41160000002,247655.0059408265,71960.41159999999,69605.86390370833
SKU0002,Electronics,2025-03-04,20691.781000000003,25492.49,22.200000000000003,14.60487044347506,459357.5382000001,372314.51373158355,59757.53820000007,109426.84574903247
SKU0003,Electronics,2025-03-04,35787.949,38627.99,6.600000000000001,5.323159667032636,236200.46340000007,205622.95838653998,38200.463400000015,45928.1683755609
SKU0004,Electronics,2025-03-04,13115.687000000002,11362.49,8.400000000000002,10.629149724036983,110171.77080000004,120773.60744787299,34571.77080000002,25111.25993154013
SKU0005,Electronics,2025-03-04,6754.941000000002,8220.49,28.6,21.664534764843687,193191.31260000006,178093.09138904986,21591.31260000005,48105.882799987754
SKU0006,Electronics,2025-03-04,52877.33000000001,52439.99,24.40000000000001,25.028764743450058,1290206.8520000007,1312508.1728588736,265406.8520000003,261300.0536339711
SKU0007,Electronics,2025-03-04,18479.090000000004,15012.99,11.000000000000002,15.676576057107004,203269.99000000008,235352.27957958687,71269.99000000005,47233.36689430283
SKU0008,Groceries,2025-03-04,689.0440000000001,810.99,56.50000000000001,47.39167990898188,38930.98600000001,38434.17848938522,7855.986000000006,12368.75453944518
SKU0009,Groceries,2025-03-04,1075.1070000000002,1117.99,66.4,64.3166972548987,71387.10480000002,71905.4243640042,14947.104800000014,17236.231697340303
SKU0010,Groceries,2025-03-04,643.2880000000001,453.99,55.00000000000001,80.60882235615009,35380.84000000001,36595.599261468575,12280.84000000001,2739.893871885542
SKU0011,Groceries,2025-03-04,594.5100000000001,692.99,52.20000000000001,45.48983610431085,31033.42200000001,31524.001521926373,3889.4220000000064,7869.286747684734
SKU0012,Groceries,2025-03-04,417.0130000000001,373.99,68.10000000000001,75.94245063941815,28398.58530000001,28401.717114635998,3882.5853000000066,1062.4348844454607
SKU0013,Groceries,2025-03-04,359.4510000000001,280.49,82.60000000000002,105.51660252201032,29690.652600000016,29596.351841398675,6562.6526000000085,51.703135235786014
SKU0014,Apparel,2025-03-04,612.6150000000001,601.99,22.6,23.073189526201155,13845.099000000004,13889.829362877834,2545.099000000003,2353.234599777256
SKU0015,Apparel,2025-03-04,1893.06,2212.99,31.300000000000004,25.846947885287253,59252.778000000006,57199.037200661835,9172.778,15843.920584202227
SKU0016,Apparel,2025-03-04,2949.876,2841.49,24.100000000000005,25.262042389627545,71092.01160000001,71781.84082970276,18072.01160000001,16205.347572522169
SKU0017,Apparel,2025-03-04,3240.9600000000005,3787.99,29.800000000000004,24.389735050447676,96580.60800000002,92388.07247374528,13140.608000000017,24096.814332491795
SKU0018,Apparel,2025-03-04,2444.885,2668.99,30.800000000000004,27.61426527678627,75302.45800000001,73702.19788108979,16782.45800000001,21235.093855195868
SKU0019,Apparel,2025-03-04,2092.1630000000005,1952.99,27.500000000000004,29.903613358262167,57534.48250000002,58401.45785255243,16284.482500000015,13546.03781515918
SKU0020,Home & Kitchen,2025-03-04,6158.081,6587.49,32.2,29.36999210381473,198290.20820000002,193474.5292839585,37290.20820000001,46624.56876488484
SKU0021,Home & Kitchen,2025-03-04,4720.365000000001,5179.99,22.800000000000004,20.132813314462336,107624.32200000003,104287.77164078175,20984.32200000002,27783.081045824874
SKU0022,Home & Kitchen,2025-03-04,4972.968000000001,4159.99,25.500000000000007,32.102846457567644,126810.68400000005,133547.52023501683,45210.68400000003,30818.411570800356
SKU0023,Home & Kitchen,2025-03-04,7241.996000000002,9431.49,33.6,22.87634558992731,243331.0656000001,215758.02466794354,24931.065600000064,67061.778333416
SKU0024,Home & Kitchen,2025-03-04,2192.6920000000005,2486.99,24.200000000000003,20.678761393514897,53063.14640000002,51427.87279805761,9503.146400000012,14206.102289730794
SKU0025,Home & Kitchen,2025-03-04,1934.5540000000003,1833.99,17.200000000000003,18.377328317280185,33274.32880000001,33703.836360608686,9194.328800000007,7975.576716416427
SKU0026,Beauty & Personal Care,2025-03-04,1055.8960000000002,1129.49,45.50000000000001,42.85006755428451,48043.26800000002,48398.722801888805,7093.268000000009,9833.662003032752
SKU0027,Beauty & Personal Care,2025-03-04,615.212,656.49,40.30000000000001,38.024446662850536,24793.043600000008,24962.66898969475,4643.043600000001,5950.445658269481
SKU0028,Beauty & Personal Care,2025-03-04,693.9010000000002,867.49,46.400000000000006,37.11981266925888,32197.006400000013,32201.066292455384,2037.0064000000086,8073.1880574371135
SKU0029,Beauty & Personal Care,2025-03-04,2163.2070000000003,2372.49,40.5,36.939804248064654,87609.88350000001,87639.3161804909,14709.883500000014,21147.668533974527
SKU0030,Beauty & Personal Care,2025-03-04,2666.26,2895.49,48.60000000000001,44.76605356634733,129580.23600000003,129619.66044082302,22660.236000000015,31134.342594858896
SKU0031,Beauty & Personal Care,2025-03-04,497.0510000000001,595.99,38.7,32.5324788576068,19235.873700000004,19389.032074345076,1820.873700000004,4749.4165884220165
SKU0032,Sports & Fitness,2025-03-04,3573.4790000000003,3971.49,21.6,18.800407809943323,77187.14640000001,74665.63161311181,12387.146400000007,18264.408183281834
SKU0033,Sports & Fitness,2025-03-04,1098.0110000000002,1192.49,28.600000000000005,25.906898166860707,31403.11460000001,30893.716994999726,5663.114600000006,7577.508644825089
SKU0034,Sports & Fitness,2025-03-04,1934.763,2344.49,37.10000000000001,29.268703753182866,71779.70730000001,68620.18326229969,4999.707299999998,15936.516506570531
SKU0035,Sports & Fitness,2025-03-04,874.6410000000001,842.49,19.1,19.98038174375016,16705.6431,16833.271815292075,3335.6431000000016,2847.0045946669607
SKU0036,Sports & Fitness,2025-03-04,3489.0350000000003,3321.99,28.700000000000003,30.550361268405663,100135.30450000001,101487.99463003092,25515.304500000013,22057.055332176198
SKU0037,Sports & Fitness,2025-03-04,570.7450000000001,760.99,24.1,17.082783076325587,13754.954500000003,12999.827093253009,499.9545000000029,3604.2964012739358
SKU0038,Books & Stationery,2025-03-04,549.855,495.49,52.30000000000001,58.97593864878705,28757.416500000007,29221.987841087495,5222.416500000002,2682.8154491333235
SKU0039,Books & Stationery,2025-03-04,354.46000000000004,300.49,37.60000000000001,45.48322755499588,13327.696000000004,13667.255048000712,2047.6960000000017,22.286781501948393
SKU0040,Books & Stationery,2025-03-04,530.652,619.49,48.400000000000006,40.42551071821754,25683.556800000006,25043.199634828583,1483.5568000000023,4830.444275719814
SKU0041,Books & Stationery,2025-03-04,287.38700000000006,250.49,69.70000000000002,81.49084650823096,20030.87390000001,20412.642141846773,2605.8739000000046,39.930514789033914
SKU0042,Books & Stationery,2025-03-04,932.185,984.49,51.3,48.11975105909701,47821.09049999999,47373.41372017042,6781.090499999997,8877.612872892809
SKU0043,Books & Stationery,2025-03-04,736.0810000000001,929.99,71.80000000000001,54.69506873208401,52850.61580000002,50865.86697015081,6180.6158000000105,15314.072294296202
SKU0044,Pet Supplies,2025-03-04,1993.9710000000005,2048.99,47.900000000000006,46.442520021678256,95511.21090000003,95160.25909921851,18871.210900000024,20852.22706453331
SKU0045,Pet Supplies,2025-03-04,1326.9860000000003,1411.99,45.7,43.35710468599181,60643.26020000002,61219.79824557357,10373.260200000015,13526.983090982585
SKU0046,Pet Supplies,2025-03-04,519.7180000000001,572.49,37.2,34.460784637167386,19333.509600000005,19728.45459693196,2593.509600000003,4221.101510206633
SKU0047,Pet Supplies,2025-03-04,393.2950000000001,448.49,43.3,39.04749029830536,17029.6735,17512.40892388697,1874.673500000003,3845.7873194800954
SKU0048,Pet Supplies,2025-03-04,1042.9740000000002,1152.99,47.2,42.70307695508648,49228.37280000001,49236.22069844516,6748.372800000008,10803.451438867329
SKU0049,Pet Supplies,2025-03-04,2254.6960000000004,2351.49,44.3,42.53094396313212,99883.03280000002,100011.08941986553,20143.032800000015,23455.39028622772
SKU0001,Electronics,2025-03-05,11277.29,11127.49,24.300000000000004,24.791798302896986,274038.14700000006,275870.4876975032,79638.14700000004,77536.10127432729
SKU0002,Electronics,2025-03-05,20725.844000000005,25492.49,21.500000000000004,14.181421539552248,445605.6460000002,361519.7467828203,58605.64600000011,106254.15907087985
SKU0003,Electronics,2025-03-05,35274.995,39849.99,16.200000000000003,11.822417966439591,571454.9190000001,471123.237738438,85454.91900000005,116450.69874525028
SKU0004,Electronics,2025-03-05,13111.379,11362.49,7.800000000000001,9.881560692590428,102268.75620000002,112279.13455395181,32068.75620000001,23345.08832063796
SKU0005,Electronics,2025-03-05,6789.778000000001,8220.49,34.10000000000001,26.064476476600536,231531.4298000001,214262.76823112994,26931.429800000045,57875.909371526715
SKU0006,Electronics,2025-03-05,53048.57900000001,51209.99,18.200000000000003,20.301251316674428,965484.1378000004,1039626.8769143842,201084.13780000026,186974.32161405828
SKU0007,Electronics,2025-03-05,18413.821000000004,15012.99,15.700000000000005,22.078498674694178,289096.98970000015,331464.27981819696,100696.98970000008,66522.2957218668
SKU0008,Groceries,2025-03-05,686.547,810.99,66.30000000000001,55.42212582078739,45518.06610000001,44946.78981940037,9053.066100000004,14464.620617967303
SKU0009,Groceries,2025-03-05,1075.0400000000002,1117.99,54.50000000000001,52.78183009966456,58589.680000000015,59009.558233123986,12264.680000000011,14145.002648409107
SKU0010,Groceries,2025-03-05,649.0090000000001,443.49,73.70000000000002,111.72047102057168,47831.96330000002,49546.91169291334,16877.963300000014,2624.3138642732297
SKU0011,Groceries,2025-03-05,590.2280000000001,692.99,76.00000000000001,65.86149116117987,44857.328000000016,45641.35475978604,5337.328000000006,11393.379355972507
SKU0012,Groceries,2025-03-05,412.83,371.49,73.70000000000002,81.90119123751167,30425.571000000007,30425.47353282321,3893.571,941.0446873190098
SKU0013,Groceries,2025-03-05,361.8130000000001,280.49,59.00000000000001,75.93810806274095,21346.967000000008,21299.87993051821,4826.967000000007,37.20967295074376
SKU0014,Apparel,2025-03-05,611.307,622.49,43.2,42.3000860097312,26408.462400000004,26331.380540197577,4808.462400000001,5181.337535331975
SKU0015,Apparel,2025-03-05,1900.521,2212.99,40.400000000000006,33.57129499108496,76781.04840000001,74292.9401023211,12141.0484,20578.868116585163
SKU0016,Apparel,2025-03-05,2937.6740000000004,2841.49,32.800000000000004,34.18804565993364,96355.70720000003,97144.98986224484,24195.70720000002,21931.289410390826
SKU0017,Apparel,2025-03-05,3248.2400000000007,3787.99,35.900000000000006,29.50286770065024,116611.81600000005,111756.5678213861,16091.816000000028,29148.538259565423
SKU0018,Apparel,2025-03-05,2424.586,2668.99,40.2,35.70241308475614,97468.3572,95289.38349908328,21088.35719999999,27454.798638046614
SKU0019,Apparel,2025-03-05,2070.6860000000006,1952.99,29.60000000000001,31.780432940373068,61292.305600000036,62066.8677282192,16892.30560000002,14396.218317659595
SKU0020,Home & Kitchen,2025-03-05,6048.369000000001,6587.49,22.700000000000003,20.17073922335066,137297.97630000004,132874.54292643024,23797.976300000017,32020.84680967694
SKU0021,Home & Kitchen,2025-03-05,4737.122000000001,5179.99,25.200000000000003,22.36954694421502,119375.47440000005,115874.02947556436,23615.474400000032,30869.75108754728
SKU0022,Home & Kitchen,2025-03-05,4913.052000000001,4159.99,21.300000000000004,26.438677076403327,104648.00760000003,109984.63225106707,36488.00760000002,25380.865606576423
SKU0023,Home & Kitchen,2025-03-05,7147.996000000001,9431.49,24.200000000000003,16.073567123112188,172981.50320000004,151597.68758596136,15681.503200000026,47119.50128573214
SKU0024,Home & Kitchen,2025-03-05,2239.2720000000004,2486.99,31.6,27.758175977289348,70760.99520000002,69034.30607375882,13880.995200000012,19069.589314638004
SKU0025,Home & Kitchen,2025-03-05,1946.4,1833.99,23.800000000000004,25.59422397368722,46324.32000000001,46939.55082550263,13004.320000000005,11107.637262340517
SKU0026,Beauty & Personal Care,2025-03-05,1052.207,1129.49,57.70000000000001,54.186363297984,60712.343900000014,61202.95548143995,8782.343900000007,12435.22851325435
SKU0027,Beauty & Personal Care,2025-03-05,611.8210000000001,656.49,42.400000000000006,39.81141770454555,25941.21040000001,26135.79760885711,4741.210400000006,6230.088756584333
SKU0028,Beauty & Personal Care,2025-03-05,690.3660000000001,867.49,62.40000000000001,49.73380083550997,43078.838400000015,43143.574886796545,2518.838400000007,10816.604343715064
SKU0029,Beauty & Personal Care,2025-03-05,2180.028,2372.49,36.900000000000006,33.9102849844873,80443.0332,80451.81202284626,14023.033199999994,19413.299050769125
SKU0030,Beauty & Personal Care,2025-03-05,2686.563000000001,2895.49,54.00000000000001,50.1255392705832,145074.40200000006,145137.99770258093,26274.402000000056,34861.811307297896
SKU0031,Beauty & Personal Care,2025-03-05,494.1770000000001,595.99,59.7,49.99433710962989,29502.366900000005,29796.12497396832,2637.366900000005,7298.673274634868
SKU0032,Sports & Fitness,2025-03-05,3508.0290000000005,3971.49,16.800000000000004,14.238146697775967,58934.88720000002,56546.65722875027,8534.88720000001,13832.217135422372
SKU0033,Sports & Fitness,2025-03-05,1100.994,1192.49,24.90000000000001,22.617466423973596,27414.750600000007,26971.102535924274,5004.750599999999,6615.382754348037
SKU0034,Sports & Fitness,2025-03-05,1907.228,2344.49,33.0,25.55161249866109,62938.524000000005,59905.49998698593,3538.524000000002,13912.597489395972
SKU0035,Sports & Fitness,2025-03-05,869.5440000000001,842.49,30.300000000000004,31.45310539522339,26347.183200000007,26498.926764421754,5137.183200000004,4481.752987765381
SKU0036,Sports & Fitness,2025-03-05,3469.659000000001,3321.99,26.500000000000007,28.013571776961783,91945.96350000006,93060.80530734926,23045.963500000034,20225.51868724863
SKU0037,Sports & Fitness,2025-03-05,564.692,765.99,33.2,23.160077164082026,18747.774400000002,17740.38750691519,487.7744000000003,5002.345066670077
SKU0038,Books & Stationery,2025-03-05,545.3380000000001,494.49,51.30000000000001,57.4365905509071,27975.83940000001,28401.819661518053,4890.839400000005,2555.3539136098575
SKU0039,Books & Stationery,2025-03-05,354.9530000000001,300.49,73.30000000000001,88.61424739980671,26018.05490000001,26627.69520116792,4028.054900000007,43.4209812259061
SKU0040,Books & Stationery,2025-03-05,528.3130000000001,627.49,61.90000000000001,50.72147812949717,32702.574700000012,31827.22031147818,1752.5747000000067,6466.481246729595
SKU0041,Books & Stationery,2025-03-05,284.956,250.49,41.400000000000006,48.00157341925105,11797.178400000003,12023.914125788197,1447.178400000001,23.520770975433454
SKU0042,Books & Stationery,2025-03-05,936.221,984.49,48.60000000000001,45.81577418268463,45500.34060000001,45105.17152511119,6620.340600000001,8452.552178963488
SKU0043,Books & Stationery,2025-03-05,737.7120000000001,929.99,39.400000000000006,29.986144268631307,29065.852800000008,27886.81430838443,3455.8528000000047,8395.82053377408
SKU0044,Pet Supplies,2025-03-05,2030.3450000000005,2048.99,45.10000000000001,44.63389703871639,91568.55950000003,91454.4086933595,19408.559500000025,20040.173431413263
SKU0045,Pet Supplies,2025-03-05,1344.6220000000003,1411.99,49.20000000000001,47.20623455077808,66155.40240000002,66654.73112335314,12035.402400000017,14727.873117497253
SKU0046,Pet Supplies,2025-03-05,512.638,572.49,34.0,31.1492016418378,17429.692000000003,17832.606447935723,2129.692000000001,3815.4657091087124
SKU0047,Pet Supplies,2025-03-05,395.3560000000001,448.49,40.400000000000006,36.576470049541456,15972.382400000006,16404.18105251885,1832.3824000000047,3602.416535179338
SKU0048,Pet Supplies,2025-03-05,1049.5260000000003,1152.99,49.3,44.886935476395216,51741.63180000001,51754.18773492892,7371.631800000014,11355.945806173226
SKU0049,Pet Supplies,2025-03-05,2247.5600000000004,2351.49,37.3,35.69391007294794,83833.98800000001,83933.87259743635,16693.988000000012,19684.834466130054
SKU0001,Electronics,2025-03-06,11350.604000000005,11142.99,15.900000000000002,16.355179402989993,180474.6036000001,182245.60053572347,53274.60360000008,51404.16531180352
SKU0002,Electronics,2025-03-06,20668.821000000004,25683.99,22.200000000000006,14.352039716428216,458847.8262000002,368617.6445563451,59247.8262000001,110280.92966063727
SKU0003,Electronics,2025-03-06,37403.602000000006,39828.99,27.90000000000001,23.8415731999957,1043560.4958000005,949585.7805668967,206560.49580000024,234338.58456702568
SKU0004,Electronics,2025-03-06,13029.414000000002,11323.99,15.000000000000002,18.700419023326138,195441.21000000005,211763.35801595493,60441.21000000004,43459.58680601971
SKU0005,Electronics,2025-03-06,6888.999000000001,8285.49,20.9,16.0393218279016,143980.0791,132893.6406118604,18580.079100000014,36657.70964445082
SKU0006,Electronics,2025-03-06,51454.93400000001,49785.99,18.6,20.598223620580885,957061.7724000002,1025502.9551920037,175861.77240000016,160377.56312760653
SKU0007,Electronics,2025-03-06,18011.927000000003,15167.49,13.900000000000004,18.56361385861062,250365.7853000001,281563.42756433797,83565.78530000008,58800.061261010545
SKU0008,Groceries,2025-03-06,653.7210000000001,808.99,60.90000000000001,48.40197742569524,39811.608900000014,39156.715717613195,6316.608900000008,12535.628133480812
SKU0009,Groceries,2025-03-06,1051.725,1118.99,69.30000000000001,65.88709172881372,72884.54250000001,73726.99677362526,13979.542499999996,17722.9688041336
SKU0010,Groceries,2025-03-06,633.1640000000001,459.49,61.2,86.95167522509087,38749.63680000001,39953.425249177,13045.636800000007,3433.721654638839
SKU0011,Groceries,2025-03-06,600.373,694.49,65.60000000000001,57.59262982150597,39384.46880000001,39997.50548473768,5272.468800000004,10049.337977554578
SKU0012,Groceries,2025-03-06,416.00000000000006,384.49,66.30000000000001,71.74266797085662,27580.80000000001,27584.33840811466,3712.8000000000043,1756.9779386062792
SKU0013,Groceries,2025-03-06,363.878,280.49,51.30000000000001,66.43834739611907,18666.941400000003,18635.29206113744,4302.941400000001,32.55479022409895
SKU0014,Apparel,2025-03-06,593.5870000000002,612.49,33.5,32.29439685254553,19885.164500000006,19779.995128215614,3135.164500000007,3632.796701942847
SKU0015,Apparel,2025-03-06,1948.8290000000004,2203.49,37.400000000000006,32.20228409277002,72886.20460000003,70957.4109755778,13046.204600000017,19433.756427145774
SKU0016,Apparel,2025-03-06,2934.9010000000003,2881.99,38.60000000000001,39.48061999170719,113287.17860000004,113782.75200990018,28367.178600000017,26925.388028144374
SKU0017,Apparel,2025-03-06,3325.193,3815.99,21.300000000000004,17.804070808729172,70826.61090000001,67940.15616540243,11186.610900000007,18088.757900960747
SKU0018,Apparel,2025-03-06,2378.869,2714.99,34.1,28.937917940011527,81119.43290000001,78566.15782795189,16329.432900000005,23584.11374192999
SKU0019,Apparel,2025-03-06,2090.308,1925.99,24.000000000000004,26.527241101263183,50167.39200000001,51091.20108862188,14167.392000000002,11300.339436727103
SKU0020,Home & Kitchen,2025-03-06,6299.528,6511.49,17.300000000000004,16.51679003256974,108981.83440000004,107548.91312917754,22481.83440000001,24964.962966328832
SKU0021,Home & Kitchen,2025-03-06,4833.942000000001,5233.49,20.200000000000003,18.1521021233219,97645.62840000003,94998.84494138393,20885.628400000023,26020.856872760705
SKU0022,Home & Kitchen,2025-03-06,4819.654,4217.49,17.400000000000002,20.729865507205723,83861.97960000002,87428.00047798506,28181.97960000001,21092.430854926748
SKU0023,Home & Kitchen,2025-03-06,7407.216000000002,9276.99,32.60000000000001,23.494155845940927,241475.24160000012,217955.04884123552,29575.241600000078,65243.03584261949
SKU0024,Home & Kitchen,2025-03-06,2251.648,2499.49,29.40000000000001,25.833398211595583,66198.45120000002,64570.32049590104,13278.451200000009,18070.203715028987
SKU0025,Home & Kitchen,2025-03-06,1932.574,1843.99,27.300000000000004,28.90293327334517,52759.27020000001,53296.71992671576,14539.270200000004,12832.613344032523
SKU0026,Beauty & Personal Care,2025-03-06,1048.661,1131.49,57.2,53.471685869271575,59983.40920000001,60502.6778442221,8503.409200000004,12378.160561877678
SKU0027,Beauty & Personal Care,2025-03-06,618.6870000000001,641.49,53.50000000000001,51.80543908614474,33099.75450000001,33232.671119370985,6349.754500000007,7329.951576298619
SKU0028,Beauty & Personal Care,2025-03-06,722.4990000000001,869.99,47.900000000000006,39.79209291070568,34607.70210000001,34618.72291138484,3472.702100000007,8753.862519426144
SKU0029,Beauty & Personal Care,2025-03-06,2160.304,2345.49,32.400000000000006,29.83578280670068,69993.84960000002,69979.53021528838,11673.849600000005,16275.121163227148
SKU0030,Beauty & Personal Care,2025-03-06,2739.6040000000007,2957.49,38.10000000000001,35.287643202388885,104378.91240000004,104362.8518946331,20558.912400000034,26730.03684937755
SKU0031,Beauty & Personal Care,2025-03-06,492.88200000000006,603.99,59.10000000000001,48.74635835342663,29129.326200000007,29442.31298188615,2534.326200000004,7506.451722844167
SKU0032,Sports & Fitness,2025-03-06,3566.2380000000003,4050.49,31.200000000000003,26.45400741550957,111266.62560000001,107151.69249644734,17666.62560000001,27789.67024991864
SKU0033,Sports & Fitness,2025-03-06,1088.5500000000002,1202.99,24.600000000000005,21.80702678494981,26778.33000000001,26233.63515202677,4638.330000000005,6607.3110455719425
SKU0034,Sports & Fitness,2025-03-06,1933.462,2366.49,34.0,26.47436276608283,65737.708,62651.31474230735,4537.708,14997.461763358257
SKU0035,Sports & Fitness,2025-03-06,865.6840000000002,839.49,30.000000000000007,31.109624038806523,25970.52000000001,26116.218284337687,4970.520000000007,4339.481457173122
SKU0036,Sports & Fitness,2025-03-06,3491.3050000000003,3331.49,23.700000000000003,25.167668944001058,82743.92850000002,83845.83741025008,21123.92850000001,18409.898155847328
SKU0037,Sports & Fitness,2025-03-06,586.3590000000002,767.49,26.40000000000001,19.159919436369904,15479.877600000009,14705.046568219537,959.8776000000043,4167.0908782160905
SKU0038,Books & Stationery,2025-03-06,547.815,497.49,57.80000000000001,64.58648707246033,31663.70700000001,32131.13145367829,5653.707000000004,3067.2122710711415
SKU0039,Books & Stationery,2025-03-06,342.82400000000007,300.49,71.9,83.55208438595481,24649.04560000001,25106.565837135564,3079.0456000000054,40.94052134911862
SKU0040,Books & Stationery,2025-03-06,539.748,619.99,44.30000000000001,37.693206307743054,23910.836400000007,23369.41097873762,1760.8364000000026,4522.8078248660895
SKU0041,Books & Stationery,2025-03-06,292.8760000000001,250.49,63.70000000000001,76.11099892098198,18656.20120000001,19065.04411971678,2731.2012000000063,37.29438947128187
SKU0042,Books & Stationery,2025-03-06,968.1970000000002,982.49,52.60000000000001,51.70489683067134,50927.16220000002,50799.54408716628,8847.162200000013,9435.626622629214
SKU0043,Books & Stationery,2025-03-06,758.778,926.99,46.400000000000006,36.68560966446166,35207.29920000001,34007.19330285931,5047.299200000001,10161.547020959235
SKU0044,Pet Supplies,2025-03-06,1936.8110000000004,2084.49,43.50000000000001,40.009428265550376,84251.27850000003,83399.25312525709,14651.278500000019,19384.167900376495
SKU0045,Pet Supplies,2025-03-06,1301.3500000000004,1379.99,38.3,36.43423375313092,49841.70500000001,50278.87823698314,7711.705000000014,10201.221108539126
SKU0046,Pet Supplies,2025-03-06,545.653,575.49,48.30000000000001,46.32128252753317,26355.039900000007,26657.434881770067,4620.0399000000025,5812.857744380138
SKU0047,Pet Supplies,2025-03-06,404.76900000000006,449.49,34.2,31.47631567428145,13843.099800000004,14148.28913243277,1873.0998000000022,3131.578646434262
SKU0048,Pet Supplies,2025-03-06,1060.811,1153.99,48.500000000000014,44.59263836360708,51449.33350000001,51459.45874521894,7799.333499999999,11326.084217972562
SKU0049,Pet Supplies,2025-03-06,2233.135,2363.49,32.00000000000001,30.27261227109064,71460.32000000002,71549.0163766,13860.32000000001,17058.31428863686
SKU0001,Electronics,2025-03-07,11232.367000000002,11134.49,19.300000000000004,19.557403866564908,216784.68310000008,217761.71777822828,62384.68310000005,61302.486845709034
SKU0002,Electronics,2025-03-07,20525.306000000004,25728.99,24.100000000000005,15.336361216531865,494659.8746000002,394589.0843765362,60859.87460000011,118534.58247896263
SKU0003,Electronics,2025-03-07,36838.96500000001,39626.49,17.8,14.7710316615794,655733.5770000002,585324.1384272594,121733.57700000021,142193.18857987746
SKU0004,Electronics,2025-03-07,13302.818000000005,11302.49,14.1,18.227898707999717,187569.73380000007,206020.6428681797,60669.73380000007,41969.55449618227
SKU0005,Electronics,2025-03-07,6963.5030000000015,8303.99,24.000000000000004,18.67808812648969,167124.07200000007,155102.6570214891,23124.07200000004,43034.12826255098
SKU0006,Electronics,2025-03-07,51232.18100000001,50383.49,21.300000000000004,22.424188161825548,1091245.4553000005,1129808.8600094558,196645.4553000003,187992.9572127828
SKU0007,Electronics,2025-03-07,17972.698000000004,15191.99,19.9,26.27711284038613,357656.69020000007,399201.63550001767,118856.69020000007,83876.28141538412
SKU0008,Groceries,2025-03-07,655.6270000000002,808.49,82.00000000000001,65.4896239730626,53761.414000000026,52947.70608598139,8661.414000000017,16928.412900796953
SKU0009,Groceries,2025-03-07,1060.0990000000002,1119.49,54.7,52.315218150249706,57987.415300000015,58566.36356702304,11492.41530000001,14098.428139310794
SKU0010,Groceries,2025-03-07,620.3280000000001,443.99,52.10000000000001,75.21350538923328,32319.08880000001,33394.04425776568,10437.088800000007,1804.371994287707
SKU0011,Groceries,2025-03-07,595.1890000000001,695.99,71.5,62.178602571041,42556.01350000001,43275.685603418824,5376.0135000000055,10942.812266477506
SKU0012,Groceries,2025-03-07,417.604,361.99,72.30000000000001,83.40728026513328,30192.769200000002,30192.601383175595,4164.7692,165.98048772761598
SKU0013,Groceries,2025-03-07,367.1020000000001,280.49,70.9,92.5141509127957,26027.531800000008,25949.29418953007,6175.531800000007,45.331933947270734
SKU0014,Apparel,2025-03-07,585.7720000000002,600.49,43.10000000000001,41.87563053486482,25246.77320000001,25145.897379880975,3696.773200000008,4208.082112448566
SKU0015,Apparel,2025-03-07,1941.0620000000004,2202.99,46.2,39.629519923391975,89677.06440000002,87303.43609603327,15757.064400000017,23896.20421860612
SKU0016,Apparel,2025-03-07,2982.5570000000007,2889.99,39.3,40.8657297307881,117214.49010000002,118101.55026468028,30754.490100000025,28196.94485694647
SKU0017,Apparel,2025-03-07,3364.9290000000005,3822.99,29.700000000000003,25.21133632178597,99938.39130000003,96382.68664482454,16778.391300000018,25790.944943823826
SKU0018,Apparel,2025-03-07,2380.8830000000003,2726.49,34.300000000000004,28.9862397117136,81664.28690000002,79030.69271159,16494.28690000001,23956.837259334166
SKU0019,Apparel,2025-03-07,2087.415,1913.99,32.50000000000001,36.0981842696166,67840.98750000002,69091.56371020348,19090.987500000003,14944.287305778578
SKU0020,Home & Kitchen,2025-03-07,6282.023000000001,6490.49,26.600000000000005,25.43440124349339,167101.81180000005,165081.7269268814,34101.81180000003,37909.720709414454
SKU0021,Home & Kitchen,2025-03-07,4866.620000000001,5253.49,19.6,17.679777111726942,95385.75200000002,92880.53225868636,20905.75200000002,25697.37923412399
SKU0022,Home & Kitchen,2025-03-07,4831.338000000001,4229.99,16.5,19.653136589457084,79717.077,83132.57124203756,26917.077000000012,20242.534155774898
SKU0023,Home & Kitchen,2025-03-07,7533.072000000001,9216.49,24.9,18.511426872795724,187573.4928,170610.38065885304,25723.492800000025,50286.10598568085
SKU0024,Home & Kitchen,2025-03-07,2207.048,2498.49,21.90000000000001,18.745213907866283,48334.35120000001,46834.729496664826,8914.3512,13093.344462505516
SKU0025,Home & Kitchen,2025-03-07,1921.5550000000003,1844.49,21.600000000000005,22.71273258019649,41505.58800000002,41893.40811684662,11265.588000000009,10095.58250457154
SKU0026,Beauty & Personal Care,2025-03-07,1060.093,1133.49,55.60000000000001,52.39455395714928,58941.170800000014,59388.70296488913,8901.170800000005,12233.604403454785
SKU0027,Beauty & Personal Care,2025-03-07,607.567,636.99,52.10000000000001,49.95315025167654,31654.240700000006,31819.65717881544,5604.240700000001,6843.08205297717
SKU0028,Beauty & Personal Care,2025-03-07,735.0800000000002,873.49,47.900000000000006,40.32282675838592,35210.33200000001,35221.585945182516,4075.332000000008,9011.74855223167
SKU0029,Beauty & Personal Care,2025-03-07,2177.8240000000005,2349.49,45.7,42.38240406227358,99526.55680000003,99577.03452027115,17266.556800000024,23288.7072081787
SKU0030,Beauty & Personal Care,2025-03-07,2736.445,2977.99,38.10000000000001,35.003425580109,104258.55450000003,104239.85134330881,20438.55450000001,27232.315067068994
SKU0031,Beauty & Personal Care,2025-03-07,493.744,603.99,40.10000000000001,33.074878560778295,19799.134400000006,19976.895901924483,1754.1344000000015,5093.20054957425
SKU0032,Sports & Fitness,2025-03-07,3551.6150000000007,4069.99,27.200000000000003,22.776734322466933,96603.92800000003,92701.08092509718,15003.92800000002,24370.87795769639
SKU0033,Sports & Fitness,2025-03-07,1077.8500000000004,1210.49,39.2,34.15423793111404,42251.720000000016,41343.36347323423,6971.720000000015,10604.549335231599
SKU0034,Sports & Fitness,2025-03-07,1958.081,2369.49,40.10000000000001,31.705784032118583,78519.04810000001,75126.53820626465,6339.048099999997,18056.126948451205
SKU0035,Sports & Fitness,2025-03-07,884.9120000000001,835.49,30.200000000000006,32.32138273328436,26724.34240000001,27004.19205983175,5584.342400000006,4379.224146532698
SKU0036,Sports & Fitness,2025-03-07,3520.8060000000005,3345.99,21.600000000000005,23.063277446894453,76049.40960000003,77169.49570453436,19889.409600000014,17204.974342608788
SKU0037,Sports & Fitness,2025-03-07,601.5210000000002,768.49,37.3,27.968627728937488,22436.733300000004,21493.61072341117,1921.7333000000067,6110.865472495552
SKU0038,Books & Stationery,2025-03-07,542.2470000000001,486.49,46.60000000000001,52.82946842420325,25268.71020000001,25701.008093690638,4298.710200000004,1927.747302799177
SKU0039,Books & Stationery,2025-03-07,345.60900000000004,300.49,65.80000000000001,77.18567179249213,22741.072200000006,23193.52251692596,3001.072200000003,37.82097917832184
SKU0040,Books & Stationery,2025-03-07,530.7450000000001,603.49,70.00000000000001,60.34971663550999,37152.150000000016,36420.450492363925,2152.1500000000087,6245.59217460893
SKU0041,Books & Stationery,2025-03-07,289.4190000000001,250.49,49.00000000000001,57.80198266628344,14181.531000000006,14478.81863807734,1931.531000000005,28.322971506479412
SKU0042,Books & Stationery,2025-03-07,970.843,985.49,59.00000000000001,57.976349427418434,57279.737,57135.112597226595,10079.737,10754.033055291846
SKU0043,Books & Stationery,2025-03-07,774.6980000000001,925.49,56.60000000000001,45.98431843017992,43847.90680000001,42558.02686394721,7057.906800000006,12668.219884330267
SKU0044,Pet Supplies,2025-03-07,1954.657,2092.49,45.00000000000001,41.644224256007,87959.56500000002,87140.12281345208,15959.564999999999,20509.364003840878
SKU0045,Pet Supplies,2025-03-07,1320.1760000000002,1371.49,47.900000000000006,46.37840563254977,63236.43040000001,63607.51954098569,10546.430400000008,12591.273345180938
SKU0046,Pet Supplies,2025-03-07,543.8110000000001,576.49,32.2,30.742240366999116,17510.714200000006,17722.59414917132,3020.714200000005,3888.5859840217186
SKU0047,Pet Supplies,2025-03-07,411.381,448.49,50.50000000000001,47.19278152779269,20774.7405,21165.490587399745,3099.740499999999,4648.017052672302
SKU0048,Pet Supplies,2025-03-07,1039.043,1155.99,50.00000000000001,44.95484778540799,51952.15,51967.354491453785,6952.149999999996,11507.991484586591
SKU0049,Pet Supplies,2025-03-07,2241.594,2368.99,40.7,38.57178792681575,91232.87580000001,91376.17988074724,17972.8758,21946.961612478884
SKU0001,Electronics,2025-03-08,11292.13,11134.49,20.700000000000003,21.143683883614656,233747.09100000001,235424.13676526854,68147.09099999999,66274.6656963513
SKU0002,Electronics,2025-03-08,20527.140000000003,25728.99,17.500000000000004,11.04278928116442,359224.9500000001,284119.8149871866,44224.95000000006,85349.607926227
SKU0003,Electronics,2025-03-08,37129.399000000005,39772.49,17.200000000000003,14.422013154663526,638625.6628000002,573599.3739737235,122625.66280000011,140938.97933381773
SKU0004,Electronics,2025-03-08,13249.491000000002,11302.49,10.000000000000002,12.923885063819498,132494.91000000003,146072.08169496924,42494.910000000025,29757.116120593753
SKU0005,Electronics,2025-03-08,6894.662000000001,8303.99,27.000000000000004,20.74374885838751,186155.87400000007,172255.88308256128,24155.874000000036,47793.389932236234
SKU0006,Electronics,2025-03-08,51167.202000000005,50692.49,21.1,21.714904634746294,1079627.9622000002,1100782.58604783,193427.96220000013,188756.59138848577
SKU0007,Electronics,2025-03-08,17918.515000000003,15191.99,19.300000000000004,25.36760607436477,345827.3395000001,385384.4178056888,114227.33950000009,80973.1449133116
SKU0008,Groceries,2025-03-08,656.0070000000001,808.49,58.000000000000014,46.29269581586989,38048.40600000001,37427.18164017265,6148.406000000005,11966.198941444209
SKU0009,Groceries,2025-03-08,1068.235,1119.49,67.20000000000002,64.68190305218626,71785.392,72410.743647892,14665.391999999996,17431.126053533673
SKU0010,Groceries,2025-03-08,622.6540000000001,454.49,46.50000000000001,65.7456700283489,28953.41100000001,29880.74957118429,9423.411000000007,2267.568159277754
SKU0011,Groceries,2025-03-08,599.0350000000001,695.99,60.400000000000006,52.8097070699472,36181.71400000001,36755.028023612555,4773.714000000005,9293.980347240009
SKU0012,Groceries,2025-03-08,420.2600000000001,376.49,60.2,67.21960615675997,25299.65200000001,25307.50952195856,3627.6520000000064,1108.4513055249724
SKU0013,Groceries,2025-03-08,368.7420000000001,280.49,55.50000000000001,72.8054525299122,20465.181000000008,20421.201380115075,4925.181000000005,35.67467173965764
SKU0014,Apparel,2025-03-08,585.859,603.49,35.10000000000001,33.90571821268677,20563.650900000008,20461.76188417434,3013.650900000002,3508.902777830954
SKU0015,Apparel,2025-03-08,1948.8680000000004,2202.99,33.7,29.01188140139005,65676.85160000002,63912.88460844826,11756.851600000015,17493.87436622418
SKU0016,Apparel,2025-03-08,2984.4690000000005,2889.99,32.400000000000006,33.72454520915825,96696.79560000003,97463.59840901525,25416.79560000002,23269.598948867093
SKU0017,Apparel,2025-03-08,3390.8100000000004,3822.99,31.000000000000004,26.581762841721744,105115.11000000003,101621.8135262738,18315.110000000015,27192.87756945292
SKU0018,Apparel,2025-03-08,2334.795,2726.49,25.300000000000004,20.821540071987112,59070.31350000001,56769.72079087214,11000.313500000004,17208.794654096622
SKU0019,Apparel,2025-03-08,2074.5560000000005,1913.99,31.6,34.84006507509881,65555.96960000003,66683.53615308838,18155.969600000015,14423.438540440158
SKU0020,Home & Kitchen,2025-03-08,6244.629000000001,6490.49,30.200000000000003,28.64748663660356,188587.79580000005,185936.22554000904,37587.79580000003,42698.79235699123
SKU0021,Home & Kitchen,2025-03-08,4858.278,5253.49,32.0,28.85831669677808,155464.896,151606.87818335666,33864.89600000001,41945.27473559997
SKU0022,Home & Kitchen,2025-03-08,4795.923000000001,4229.99,17.6,20.750967274962942,84408.24480000001,87776.3840634205,28088.244800000015,21373.288783539076
SKU0023,Home & Kitchen,2025-03-08,7466.982000000002,9216.49,24.500000000000004,17.973834096676804,182941.05900000007,165655.6622136808,23691.05900000005,48825.740585281565
SKU0024,Home & Kitchen,2025-03-08,2205.711,2498.49,20.0,17.093857139402292,44114.219999999994,42708.83112422523,8114.219999999996,11939.888273301103
SKU0025,Home & Kitchen,2025-03-08,1918.613,1844.49,17.700000000000003,18.58544337889787,33959.45010000001,34280.664457943334,9179.450100000002,8261.043727486314
SKU0026,Beauty & Personal Care,2025-03-08,1055.652,1133.49,41.60000000000001,39.0407697410144,43915.12320000001,44252.32209374241,6475.123200000003,9115.629326829452
SKU0027,Beauty & Personal Care,2025-03-08,616.077,636.99,47.10000000000001,45.71895869910472,29017.226700000007,29122.519501742714,5467.226700000001,6263.040152190356
SKU0028,Beauty & Personal Care,2025-03-08,730.8140000000001,873.49,51.30000000000001,42.94568785558134,37490.75820000001,37512.628884971746,4145.758200000005,9597.931778843875
SKU0029,Beauty & Personal Care,2025-03-08,2173.7870000000003,2349.49,47.60000000000001,44.06614367684248,103472.26120000004,103532.96390730463,17792.261200000015,24213.905288988164
SKU0030,Beauty & Personal Care,2025-03-08,2734.4010000000007,2977.99,47.3,43.44241646104355,129337.16730000003,129371.08179682307,25277.167300000034,33797.76558252726
SKU0031,Beauty & Personal Care,2025-03-08,499.062,603.99,55.50000000000001,46.31158487782381,27697.941000000003,27971.734150356806,2722.941000000001,7131.520955336089
SKU0032,Sports & Fitness,2025-03-08,3560.5040000000004,4069.99,10.3,8.557428014316216,36673.19120000001,34828.64644398685,5773.191200000004,9156.362401038206
SKU0033,Sports & Fitness,2025-03-08,1093.373,1210.49,28.90000000000001,25.582703150019967,31598.47970000001,30967.60633606767,5588.4797000000035,7943.1735010497
SKU0034,Sports & Fitness,2025-03-08,1975.1760000000004,2369.49,33.50000000000001,26.741119657342423,66168.39600000002,63362.815616876294,5868.396000000014,15228.800233659931
SKU0035,Sports & Fitness,2025-03-08,867.6920000000001,835.49,25.200000000000003,26.359032356406946,21865.838400000004,22022.70794345444,4225.838400000003,3571.385293969577
SKU0036,Sports & Fitness,2025-03-08,3519.5190000000007,3345.99,20.700000000000003,22.09460133828256,72854.04330000002,73928.31513188005,19034.043300000016,16482.3516523454
SKU0037,Sports & Fitness,2025-03-08,599.623,768.49,38.900000000000006,29.070304042235485,23325.334700000007,22340.23795341755,1930.3347000000022,6351.570730188031
SKU0038,Books & Stationery,2025-03-08,546.389,491.99,47.70000000000001,53.84725614166664,26062.755300000004,26492.311549138572,4597.755300000002,2261.046285388583
SKU0039,Books & Stationery,2025-03-08,349.46400000000006,300.49,70.10000000000001,83.26383533328196,24497.426400000008,25019.949879297896,3467.4264000000044,40.799279313308915
SKU0040,Books & Stationery,2025-03-08,534.3330000000001,605.49,48.30000000000001,41.76557357213326,25808.28390000001,25288.63714219097,1658.2839000000045,4405.850356124339
SKU0041,Books & Stationery,2025-03-08,288.34400000000005,250.49,60.7,71.25910379729207,17502.480800000005,17849.69291018369,2327.480800000003,34.91696086067376
SKU0042,Books & Stationery,2025-03-08,974.7560000000002,985.49,59.20000000000001,58.447094502766,57705.555200000024,57599.02716153087,10345.555200000013,10841.351559318065
SKU0043,Books & Stationery,2025-03-08,759.7620000000002,925.49,54.60000000000001,43.352922506773695,41483.005200000014,40122.69625079399,5993.0052000000105,11943.296621391086
SKU0044,Pet Supplies,2025-03-08,1970.99,2092.49,50.500000000000014,47.1866789911771,99534.99500000002,98737.65392224815,18734.995000000006,23238.9675363648
SKU0045,Pet Supplies,2025-03-08,1317.825,1371.49,38.3,37.02090449912647,50472.697499999995,50773.800311506966,8342.6975,10050.805362467847
SKU0046,Pet Supplies,2025-03-08,549.2610000000001,576.49,40.10000000000001,38.59801702745109,22025.366100000007,22251.37083615528,3980.3661000000043,4882.263173802289
SKU0047,Pet Supplies,2025-03-08,408.09100000000007,448.49,41.8,38.80511801353798,17058.203800000003,17403.70737789165,2428.2038000000025,3821.9160731533557
SKU0048,Pet Supplies,2025-03-08,1036.476,1155.99,41.10000000000001,36.84374622053626,42599.163600000014,42591.00219347771,5609.163600000006,9431.630594995078
SKU0049,Pet Supplies,2025-03-08,2246.9450000000006,2368.99,37.00000000000001,35.14219445682586,83136.96500000004,83251.5072462759,16536.965000000026,19995.55722398934
SKU0001,Electronics,2025-03-09,11204.364,11134.49,22.40000000000001,22.611704813602007,250977.75360000008,251769.8011300034,71777.75360000003,70876.16262118735
SKU0002,Electronics,2025-03-09,20544.863000000005,25728.99,21.300000000000004,13.540274269292206,437605.58190000016,348377.5812718765,54205.581900000114,104652.6444246168
SKU0003,Electronics,2025-03-09,36723.653000000006,39433.49,11.100000000000003,9.193312321430817,407632.5483000002,362524.38949401886,74632.54830000008,86725.01985109437
SKU0004,Electronics,2025-03-09,13250.856000000003,11302.49,9.6,12.419612079558869,127208.21760000003,140372.5413330933,40808.21760000003,28596.032617063498
SKU0005,Electronics,2025-03-09,6914.353000000001,8303.99,25.500000000000004,19.65885535332048,176316.00150000004,163246.9382654197,23316.001500000028,45293.80614549685
SKU0006,Electronics,2025-03-09,51847.27000000001,51529.99,28.90000000000001,29.445296010242792,1498386.1030000008,1517315.808954851,284586.1030000004,280613.37652465363
SKU0007,Electronics,2025-03-09,18184.265000000003,15191.99,15.1,20.405739042135878,274582.40150000004,310003.7834707378,93382.40150000005,65134.914965107295
SKU0008,Groceries,2025-03-09,659.8520000000001,808.49,62.30000000000001,50.05419320738437,41108.779600000016,40468.31466623819,6843.779600000007,12938.508402176787
SKU0009,Groceries,2025-03-09,1061.3180000000002,1119.49,62.10000000000001,59.45413319677153,65907.84780000002,66558.30757245376,13122.847800000014,16022.29435519796
SKU0010,Groceries,2025-03-09,631.681,453.99,83.60000000000001,119.88501696322436,52808.53160000001,54426.59885113423,17696.531600000006,4074.891726579997
SKU0011,Groceries,2025-03-09,597.916,695.99,70.70000000000002,61.73316942398756,42272.66120000002,42965.6685874011,5508.661200000005,10864.42048692757
SKU0012,Groceries,2025-03-09,419.63400000000007,380.49,71.60000000000001,78.96947427374667,30045.79440000001,30047.09526641787,4269.794400000005,1618.08452786907
SKU0013,Groceries,2025-03-09,369.1170000000001,280.49,58.900000000000006,77.32459601634127,21740.991300000005,21688.775936623566,5248.991300000005,37.889052048007926
SKU0014,Apparel,2025-03-09,589.5220000000002,613.99,30.000000000000007,28.60208144384588,17685.66000000001,17561.39198570693,2685.6600000000053,3260.351263783992
SKU0015,Apparel,2025-03-09,1951.2070000000003,2202.99,32.2,27.7553526309208,62828.86540000002,61144.76429239221,11308.865400000012,16736.200082918927
SKU0016,Apparel,2025-03-09,2976.6950000000006,2889.99,34.400000000000006,35.6879901628375,102398.30800000003,103137.93469069875,26718.308000000026,24624.35633245624
SKU0017,Apparel,2025-03-09,3382.147000000001,3822.99,31.500000000000004,26.924115807006896,106537.63050000004,102930.62548902929,18337.63050000003,27543.10122940998
SKU0018,Apparel,2025-03-09,2359.733,2726.49,36.400000000000006,30.430750353133732,85894.28120000003,82969.13653031558,16734.28120000001,25150.71085936149
SKU0019,Apparel,2025-03-09,2079.6950000000006,1913.99,21.700000000000003,24.02885142782991,45129.38150000002,45990.98134435217,12579.381500000016,9947.704202607305
SKU0020,Home & Kitchen,2025-03-09,6348.852000000001,6490.49,21.90000000000001,21.24181226437733,139039.85880000007,137869.7700838184,29539.85880000003,31660.70876193176
SKU0021,Home & Kitchen,2025-03-09,4840.357000000002,5253.49,24.800000000000004,22.23368157662227,120040.85360000006,116804.42382596932,25800.85360000005,32316.4338348047
SKU0022,Home & Kitchen,2025-03-09,4793.725,4229.99,22.300000000000004,26.23161657278939,106900.06750000003,110959.4757867334,35540.06750000001,27018.30275380734
SKU0023,Home & Kitchen,2025-03-09,7471.137000000001,9216.49,31.700000000000003,23.35016724878832,236835.04290000003,215206.58294678506,30785.042900000022,63430.49582966098
SKU0024,Home & Kitchen,2025-03-09,2198.2270000000003,2498.49,27.600000000000005,23.542224872541954,60671.06520000002,58820.01342179734,10991.06520000001,16444.008651221826
SKU0025,Home & Kitchen,2025-03-09,1919.0000000000005,1844.49,18.300000000000004,19.218641020668706,35117.70000000002,35448.591176213224,9497.70000000001,8542.493747277033
SKU0026,Beauty & Personal Care,2025-03-09,1072.4900000000002,1133.49,30.600000000000005,29.113745713990827,32818.19400000001,33000.13962935146,5278.194000000008,6797.768486759718
SKU0027,Beauty & Personal Care,2025-03-09,611.7140000000002,636.99,52.000000000000014,50.15998550203509,31809.12800000002,31951.409164941335,5809.128000000011,6871.416413923787
SKU0028,Beauty & Personal Care,2025-03-09,735.3000000000002,873.49,57.70000000000001,48.6187797781196,42426.81000000002,42468.01794838969,4921.810000000011,10865.81109261195
SKU0029,Beauty & Personal Care,2025-03-09,2185.55,2349.49,43.20000000000001,40.201470823010304,94415.76000000002,94452.95368395447,16655.760000000013,22090.30620253592
SKU0030,Beauty & Personal Care,2025-03-09,2728.313000000001,2977.99,39.80000000000001,36.45989101155307,108586.85740000007,108577.19083349491,21026.857400000048,28365.430608078164
SKU0031,Beauty & Personal Care,2025-03-09,501.604,603.99,49.60000000000001,41.571742640080174,24879.558400000005,25108.916837182023,2559.5584,6401.632649145947
SKU0032,Sports & Fitness,2025-03-09,3574.3690000000006,4069.99,11.900000000000002,9.963925470715132,42534.991100000014,40553.07702655588,6834.991100000008,10661.300614410482
SKU0033,Sports & Fitness,2025-03-09,1076.0010000000002,1210.49,34.400000000000006,29.89535759162585,37014.43440000001,36188.03141108718,6054.434400000008,9282.20957862391
SKU0034,Sports & Fitness,2025-03-09,1980.2830000000004,2369.49,35.900000000000006,28.76285762488225,71092.15970000002,68153.30351358224,6472.159700000014,16380.159788794186
SKU0035,Sports & Fitness,2025-03-09,877.4090000000001,835.49,23.5,24.91203815501972,20619.111500000003,20813.758758137425,4169.111500000003,3375.332049623622
SKU0036,Sports & Fitness,2025-03-09,3544.3240000000005,3345.99,17.900000000000006,19.289435756185267,63443.399600000026,64542.25914583833,16903.399600000015,14389.726179756643
SKU0037,Sports & Fitness,2025-03-09,603.9430000000001,768.49,35.6,26.80988355115277,21500.370800000004,20603.127410225392,1920.3708000000036,5857.691457091369
SKU0038,Books & Stationery,2025-03-09,539.3130000000001,501.49,55.60000000000001,60.46260478678247,29985.80280000001,30321.39167452354,4965.802800000007,3113.21952047143
SKU0039,Books & Stationery,2025-03-09,349.7020000000001,300.49,48.30000000000001,57.47244584086656,16890.60660000001,17269.895250721995,2400.606600000006,28.16149846202514
SKU0040,Books & Stationery,2025-03-09,534.6490000000001,656.49,61.00000000000001,48.08841471629634,32613.58900000001,31569.563377101385,2113.589000000007,7525.3560189532145
SKU0041,Books & Stationery,2025-03-09,288.11100000000005,250.49,61.400000000000006,72.01259975630904,17690.015400000004,18038.436112957854,2340.015400000003,35.28617388059209
SKU0042,Books & Stationery,2025-03-09,966.9810000000002,985.49,53.00000000000001,51.83614385317982,51249.99300000002,51084.00140587018,8849.993000000013,9615.086323326324
SKU0043,Books & Stationery,2025-03-09,766.1770000000001,925.49,71.70000000000002,57.55497319666133,54934.89090000002,53266.55214377809,8329.890900000011,15855.81956594823
SKU0044,Pet Supplies,2025-03-09,1935.4370000000004,2092.49,43.3,39.61958021352203,83804.42210000001,82903.5754009927,14524.422100000014,19512.247059357454
SKU0045,Pet Supplies,2025-03-09,1321.362,1371.49,55.500000000000014,53.78268419957553,73335.59100000003,73762.41355287583,12285.591000000008,14601.46093334276
SKU0046,Pet Supplies,2025-03-09,545.0400000000001,576.49,42.10000000000001,40.279181117266845,22946.18400000001,23220.545122293162,4001.1840000000043,5094.913619523084
SKU0047,Pet Supplies,2025-03-09,411.2650000000001,448.49,48.2,45.0305063219617,19822.973000000005,20195.731780336606,2952.973000000005,4435.054567650009
SKU0048,Pet Supplies,2025-03-09,1035.1920000000002,1155.99,38.00000000000001,34.014738626339124,39337.29600000002,39320.69770466176,5137.29600000001,8707.432940956553
SKU0049,Pet Supplies,2025-03-09,2251.219,2368.99,38.400000000000006,36.541296131948656,86446.80960000001,86565.96512362504,17326.809600000004,20791.632086117457
SKU0001,Electronics,2025-03-10,11366.932,11134.49,13.000000000000004,13.422693049441886,147770.11600000004,149454.84153208017,43770.11600000002,42073.297136545094
SKU0002,Electronics,2025-03-10,20490.049000000003,25728.99,17.700000000000003,11.131209389883118,362673.8673000001,286394.77508020884,44073.867300000056,86033.00606231274
SKU0003,Electronics,2025-03-10,37157.58500000001,38404.49,6.700000000000001,6.111572799372038,248955.81950000007,234711.83645775542,47955.81950000005,51364.65247659428
SKU0004,Electronics,2025-03-10,13064.096,11302.49,3.2000000000000006,4.20644104879158,41805.107200000006,47543.25788955635,13005.1072,9685.288450432125
SKU0005,Electronics,2025-03-10,6917.514000000001,8303.99,21.6,16.629447602325,149418.30240000004,138090.7665952308,19818.302400000022,38314.08098128078
SKU0006,Electronics,2025-03-10,51666.630000000005,51350.49,19.300000000000004,19.670176694304125,997165.9590000003,1010073.211639097,186565.95900000012,183925.79047832373
SKU0007,Electronics,2025-03-10,17834.092000000004,15191.99,9.8,12.923517803430776,174774.10160000005,196333.9532345423,57174.101600000045,41251.739593373
SKU0008,Groceries,2025-03-10,658.1290000000001,808.49,77.4,62.05829585893127,50939.184600000015,50173.51161898734,8369.184600000011,16041.448896575144
SKU0009,Groceries,2025-03-10,1055.619,1119.49,48.50000000000001,46.219872042003686,51197.5215,51742.68455230271,9972.521499999997,12455.793316599575
SKU0010,Groceries,2025-03-10,626.182,436.49,74.9,111.0932649224662,46901.031800000004,48491.099206007275,15443.031800000002,1831.9279385714688
SKU0011,Groceries,2025-03-10,593.9570000000001,695.99,87.0,75.5461277491893,51674.25900000001,52579.34945215826,6434.259000000009,13295.363022579824
SKU0012,Groceries,2025-03-10,416.9460000000001,381.99,50.00000000000001,54.60517307175018,20847.300000000007,20858.63006167785,2847.3000000000047,1200.767755847787
SKU0013,Groceries,2025-03-10,364.56200000000007,280.49,62.80000000000001,81.41814234532386,22894.49360000001,22836.97474643989,5310.493600000005,39.89488974920943
SKU0014,Apparel,2025-03-10,592.514,606.99,41.60000000000001,40.44910655148604,24648.582400000007,24552.20318568651,3848.582400000001,4327.649909943491
SKU0015,Apparel,2025-03-10,1952.8840000000005,2202.99,37.80000000000001,32.639858640313726,73819.01520000004,71905.28218602473,13339.015200000022,19681.508361522767
SKU0016,Apparel,2025-03-10,2981.856,2889.99,25.000000000000004,26.002473522992734,74546.40000000002,75146.88845671377,19546.40000000001,17941.44670612975
SKU0017,Apparel,2025-03-10,3386.6630000000005,3822.99,34.400000000000006,29.4661138955286,116501.20720000003,112648.65876146688,20181.20720000002,30143.539853986797
SKU0018,Apparel,2025-03-10,2334.6030000000005,2726.49,35.5,29.28164943929406,82878.40650000001,79836.12437974085,15428.40650000002,24200.99044508214
SKU0019,Apparel,2025-03-10,2103.5420000000004,1913.99,25.0,28.05445462777937,52588.55000000001,53695.94561302344,15088.55000000001,11614.263671354382
SKU0020,Home & Kitchen,2025-03-10,6288.220000000001,6490.49,27.600000000000005,26.427890337640683,173554.87200000006,171529.95795755347,35554.87200000004,39390.50626935006
SKU0021,Home & Kitchen,2025-03-10,4850.672000000001,5253.49,34.900000000000006,31.41719264313155,169288.4528000001,165049.90737876517,36668.45280000006,45664.57533486527
SKU0022,Home & Kitchen,2025-03-10,4842.781000000001,4229.99,17.6,21.01615206498972,85232.94560000002,88898.11307338586,28912.945600000017,21646.426465418757
SKU0023,Home & Kitchen,2025-03-10,7500.375000000001,9216.49,29.300000000000004,21.68709753062946,219760.98750000005,199878.91752007112,29310.987500000032,58912.78357097962
SKU0024,Home & Kitchen,2025-03-10,2196.148,2498.49,22.90000000000001,19.4858843756328,50291.78920000002,48685.28725367479,9071.789200000007,13610.69537753575
SKU0025,Home & Kitchen,2025-03-10,1925.7810000000004,1844.49,23.800000000000004,25.08826127498553,45833.587800000016,46275.04703909806,12513.587800000012,11151.481254118318
SKU0026,Beauty & Personal Care,2025-03-10,1068.756,1133.49,50.60000000000001,48.02395335187354,54079.053600000014,54434.67088481514,8539.053600000007,11213.112868128952
SKU0027,Beauty & Personal Care,2025-03-10,612.8570000000001,636.99,39.7,38.35106066117252,24330.422900000005,24429.242130560284,4480.422900000004,5253.711799974024
SKU0028,Beauty & Personal Care,2025-03-10,738.018,873.49,52.40000000000001,44.301529226499575,38672.14320000001,38696.942764055115,4612.143200000002,9900.94876683039
SKU0029,Beauty & Personal Care,2025-03-10,2173.2210000000005,2349.49,42.900000000000006,39.69760083893943,93231.18090000004,93269.1161950798,16011.180900000021,21813.434684988817
SKU0030,Beauty & Personal Care,2025-03-10,2720.6730000000007,2977.99,41.60000000000001,38.00569979576681,113179.99680000005,113180.59393479559,21659.996800000034,29568.05438410861
SKU0031,Beauty & Personal Care,2025-03-10,498.7200000000001,603.99,38.60000000000001,32.13884608536811,19250.592000000008,19411.541647101483,1880.5920000000037,4949.060908685835
SKU0032,Sports & Fitness,2025-03-10,3551.3630000000003,4069.99,9.400000000000002,7.76794557311133,33382.81220000001,31615.46080310738,5182.812200000004,8311.624083773391
SKU0033,Sports & Fitness,2025-03-10,1088.7020000000002,1210.49,28.90000000000001,25.451511292004906,31463.487800000017,30808.799903859017,5453.487800000008,7902.4397410546035
SKU0034,Sports & Fitness,2025-03-10,1965.879,2369.49,28.6,22.66694147088811,56224.1394,53709.09114585466,4744.139399999997,12908.596498256064
SKU0035,Sports & Fitness,2025-03-10,883.6330000000003,835.49,31.600000000000005,33.75897767587419,27922.802800000012,28205.28825841613,5802.8028000000095,4574.003885304194
SKU0036,Sports & Fitness,2025-03-10,3539.0370000000003,3345.99,25.300000000000004,27.181574617916965,89537.63610000002,90949.27685580398,23757.63610000001,20277.18284921987
SKU0037,Sports & Fitness,2025-03-10,598.6990000000001,768.49,33.0,24.57882212259365,19757.067000000003,18888.579012991995,1607.0670000000023,5370.226845565487
SKU0038,Books & Stationery,2025-03-10,549.6280000000002,494.49,42.00000000000001,47.47406351682015,23084.37600000001,23475.449668432397,4184.3760000000075,2112.121085863329
SKU0039,Books & Stationery,2025-03-10,346.39900000000006,300.49,58.7,69.05527404305204,20333.621300000006,20750.419297196706,2723.6213000000034,33.837084281096125
SKU0040,Books & Stationery,2025-03-10,535.315,606.49,51.10000000000001,44.20398830353,27354.596500000007,26809.276866207907,1804.596500000003,4707.282714442909
SKU0041,Books & Stationery,2025-03-10,290.40200000000004,250.49,47.10000000000001,55.7832751823774,13677.934200000005,13973.152600433716,1902.9342000000024,27.333804839365435
SKU0042,Books & Stationery,2025-03-10,970.968,985.49,42.900000000000006,42.15741370266127,41654.527200000004,41545.709629835656,7334.5271999999995,7819.77866770664
SKU0043,Books & Stationery,2025-03-10,767.22,925.49,76.70000000000002,61.679715636765465,58845.77400000001,57083.96002467007,8990.774000000005,16992.144860772518
SKU0044,Pet Supplies,2025-03-10,1966.7870000000005,2092.49,39.80000000000001,37.0845930092207,78278.12260000005,77599.14002586421,14598.122600000024,18263.791211111093
SKU0045,Pet Supplies,2025-03-10,1323.4490000000003,1371.49,43.400000000000006,42.106821007382855,57437.68660000002,57749.08394341551,9697.686600000014,11431.580835294371
SKU0046,Pet Supplies,2025-03-10,540.8910000000001,576.49,43.30000000000001,41.17976868176275,23420.58030000001,23739.72484734941,3935.580300000004,5208.828940556171
SKU0047,Pet Supplies,2025-03-10,412.008,448.49,39.2,36.66249315706695,16150.713600000001,16442.761556012956,2430.7135999999996,3610.888951039524
SKU0048,Pet Supplies,2025-03-10,1037.343,1155.99,42.60000000000001,38.224114401813765,44190.81180000001,44186.69400735269,5850.811800000004,9784.991045720306
SKU0049,Pet Supplies,2025-03-10,2237.1820000000007,2368.99,46.3,43.80225696411185,103581.52660000003,103767.10872541132,20241.52660000003,24923.04619000999
SKU0001,Electronics,2025-03-11,11441.224000000002,10872.99,19.800000000000004,21.382804371034933,226536.23520000008,232495.0180982191,68136.23520000005,61432.583129939645
SKU0002,Electronics,2025-03-11,20674.027,25428.99,21.1,13.91126925381799,436221.9697,353749.52674264513,56421.969699999965,103346.68017392133
SKU0003,Electronics,2025-03-11,37434.14800000001,39996.49,11.900000000000002,9.99854141999629,445466.36120000016,399906.5619194674,88466.36120000012,99950.31931957869
SKU0004,Electronics,2025-03-11,13231.485000000002,11460.99,10.1,12.735528451182423,133637.99850000002,145961.76422371724,42737.99850000002,31342.00816307543
SKU0005,Electronics,2025-03-11,7278.113000000001,8130.49,17.400000000000002,14.82783994238404,126639.16620000004,120557.60437315401,22239.166200000025,31590.56471884977
SKU0006,Electronics,2025-03-11,52107.988000000005,51632.99,18.000000000000004,18.51925144454153,937943.7840000002,956204.3246434984,181943.78400000013,178395.7639727541
SKU0007,Electronics,2025-03-11,17566.824000000004,15153.49,14.500000000000002,18.58904591972444,254718.9480000001,281688.9214540851,80718.94800000008,58620.37041739182
SKU0008,Groceries,2025-03-11,701.3430000000001,800.99,59.30000000000001,51.39072955765484,41589.63990000001,41163.46046838595,8974.639900000006,12898.559211675789
SKU0009,Groceries,2025-03-11,1056.6450000000002,1115.99,64.30000000000001,61.497572561021805,67942.27350000002,68630.67600237472,13287.273500000016,16357.73932550619
SKU0010,Groceries,2025-03-11,615.6380000000001,470.99,52.70000000000001,70.72245557082509,32444.122600000013,33309.56934930291,10310.12260000001,3606.138009556372
SKU0011,Groceries,2025-03-11,574.166,694.49,86.70000000000002,73.18579412378078,49780.19220000001,50826.80216102451,4696.192200000006,12770.18921665851
SKU0012,Groceries,2025-03-11,415.66300000000007,376.49,88.80000000000001,98.01877343217156,36910.87440000001,36903.08800947827,4942.874400000007,1616.3295738965098
SKU0013,Groceries,2025-03-11,394.1840000000001,280.49,54.3,76.10473938464239,21404.191200000005,21346.61834999834,6200.191200000004,37.291322298475464
SKU0014,Apparel,2025-03-11,555.2790000000001,657.49,42.400000000000006,34.82867540970724,23543.82960000001,22899.50579512841,2343.829600000005,5485.168090274793
SKU0015,Apparel,2025-03-11,2104.3300000000004,2159.49,34.300000000000004,33.23473769857065,72178.51900000003,71770.08371268632,17298.519000000015,18594.503394973286
SKU0016,Apparel,2025-03-11,3130.504000000001,2877.99,30.90000000000001,34.31411764314468,96732.57360000005,98755.68743579394,28752.573600000032,23264.62862087565
SKU0017,Apparel,2025-03-11,3621.795000000001,3692.99,33.800000000000004,32.97098867676688,122416.67100000005,121761.53147341331,27776.67100000004,29442.763178466048
SKU0018,Apparel,2025-03-11,2397.5930000000003,2773.99,26.6,22.15706619000221,63775.973800000014,61463.48004040423,13235.973800000009,19365.05427940003
SKU0019,Apparel,2025-03-11,2124.853,1959.49,29.200000000000003,32.21958993442378,62045.70760000001,63133.96428060405,18245.707600000005,14804.579378968383
SKU0020,Home & Kitchen,2025-03-11,6905.064000000001,6374.49,19.300000000000004,21.56265323986762,133267.73520000005,137450.91745100374,36767.73520000003,29637.651251665637
SKU0021,Home & Kitchen,2025-03-11,4533.784000000001,5262.99,27.40000000000001,22.46730062441992,124225.68160000005,118245.1785133158,20105.68160000002,32869.43614052009
SKU0022,Home & Kitchen,2025-03-11,4529.059,4051.99,20.1,23.2397761588247,91034.0859,94167.3405977961,26714.085900000005,19800.05688955705
SKU0023,Home & Kitchen,2025-03-11,7479.020000000001,9542.99,29.800000000000004,20.873372085809805,222874.79600000006,199194.3810811621,29174.796000000046,63517.462523398375
SKU0024,Home & Kitchen,2025-03-11,2310.2240000000006,2494.49,25.500000000000004,23.177782812653344,58910.71200000002,57816.747448335635,13010.712000000018,16096.738385559616
SKU0025,Home & Kitchen,2025-03-11,2012.2910000000008,1849.99,15.900000000000002,17.65394300041354,31995.426900000017,32659.618011335046,9735.426900000015,7944.0978107560895
SKU0026,Beauty & Personal Care,2025-03-11,1130.882,1129.99,41.900000000000006,41.92949112751476,47383.95580000001,47379.9056791804,9673.955800000003,9643.36366441712
SKU0027,Beauty & Personal Care,2025-03-11,580.3610000000001,646.49,41.7,37.8626144063281,24201.053700000008,24477.801587547052,3351.0537000000045,5546.494384383003
SKU0028,Beauty & Personal Care,2025-03-11,712.4160000000002,904.99,47.900000000000006,37.7169605038841,34124.726400000014,34133.472086410075,2989.726400000008,9617.447758885408
SKU0029,Beauty & Personal Care,2025-03-11,2279.6450000000004,2397.49,48.80000000000001,46.42080534575305,111246.67600000005,111293.41660838948,23406.676000000025,27735.96698603398
SKU0030,Beauty & Personal Care,2025-03-11,2908.6320000000005,2912.49,26.200000000000003,26.1648551919733,76206.15840000001,76204.8790980703,18566.158400000015,18642.19767572905
SKU0031,Beauty & Personal Care,2025-03-11,478.707,588.99,45.8,37.59295429414906,21924.7806,22141.874149710857,1314.7805999999996,5225.044717343778
SKU0032,Sports & Fitness,2025-03-11,3545.3630000000007,4040.49,30.800000000000004,25.997809756078546,109197.18040000004,105043.8903413378,16797.180400000027,27050.46107310216
SKU0033,Sports & Fitness,2025-03-11,1043.604,1198.99,22.300000000000004,18.846983678755688,23272.369200000005,22597.344960991282,3202.3692000000015,5635.059650111163
SKU0034,Sports & Fitness,2025-03-11,1950.549,2340.49,48.900000000000006,39.113003379178345,95381.84610000001,91543.59327893311,7361.8461,21140.187196412095
SKU0035,Sports & Fitness,2025-03-11,815.1170000000001,857.49,33.2,31.272664724063155,27061.884400000006,26815.997274236914,3821.8844000000026,4925.131967392706
SKU0036,Sports & Fitness,2025-03-11,3202.1330000000007,3364.49,27.200000000000003,25.53313417868106,87098.01760000004,85905.97461283063,16378.017600000021,19519.82574825988
SKU0037,Sports & Fitness,2025-03-11,611.4070000000002,766.49,32.2,24.658197320245275,19687.30540000001,18900.261663994803,1977.3054000000052,5338.2531378599
SKU0038,Books & Stationery,2025-03-11,535.0180000000001,503.49,70.2,75.27443057138622,37558.26360000001,37899.923048387245,5968.26360000001,4026.4292912634496
SKU0039,Books & Stationery,2025-03-11,368.56000000000006,300.49,75.60000000000001,95.3835972571542,27863.136000000006,28661.817139802264,5183.136000000005,46.737962656006424
SKU0040,Books & Stationery,2025-03-11,542.9570000000001,684.49,67.10000000000001,51.32560059710835,36432.41470000001,35131.86035271469,2882.4147000000075,9469.06005416052
SKU0041,Books & Stationery,2025-03-11,294.0910000000001,250.49,61.000000000000014,73.2373672944921,17939.55100000001,18345.228133597328,2689.551000000008,35.886309974301795
SKU0042,Books & Stationery,2025-03-11,1019.3380000000002,985.49,53.8,55.96850567589501,54840.38440000001,55156.40265853777,11800.38440000001,10381.598117821766
SKU0043,Books & Stationery,2025-03-11,709.2060000000001,896.49,58.40000000000001,44.41765494096664,41417.63040000002,39819.983478027185,3457.630400000008,10948.507766398869
SKU0044,Pet Supplies,2025-03-11,1925.7200000000005,2117.99,40.2,36.06387925298314,77413.94400000002,76382.93561902575,13093.94400000002,18680.72881425273
SKU0045,Pet Supplies,2025-03-11,1295.1,1425.99,42.400000000000006,39.07076309824716,54912.240000000005,55714.51747046947,8272.239999999998,12736.678062397594
SKU0046,Pet Supplies,2025-03-11,587.124,624.49,48.400000000000006,46.10928912190789,28416.801600000006,28794.78996374026,6636.801600000002,8045.6098588817085
SKU0047,Pet Supplies,2025-03-11,403.409,446.49,45.7,42.19695040938395,18435.7913,18840.51638828584,2440.7913,4071.583745001458
SKU0048,Pet Supplies,2025-03-11,1100.648,1146.99,39.80000000000001,38.18924143182515,43805.79040000001,43802.67802988913,7985.790399999999,9432.360741246495
SKU0049,Pet Supplies,2025-03-11,2115.963,2379.49,48.50000000000001,43.289090616171656,102624.20550000003,103005.95823027428,15324.205500000011,25085.595121165305
SKU0001,Electronics,2025-03-12,9856.238,8813.49,37.5,44.22472578184984,369608.925,389774.17843107576,69608.92499999997,35976.372176277015
SKU0002,Electronics,2025-03-12,17748.518000000004,18000.0,45.60000000000001,44.37035761941059,809332.4208000003,798666.4371493906,-11467.579199999835,0.0
SKU0003,Electronics,2025-03-12,31825.658000000003,30848.99,34.400000000000006,37.15978791165213,1094802.6352000004,1146341.9256886775,62802.63520000011,31548.288339113602
SKU0004,Electronics,2025-03-12,11267.154000000002,9741.99,13.800000000000002,17.362833519542306,155486.72520000007,169148.55051904594,31286.725200000037,12883.048843165192
SKU0005,Electronics,2025-03-12,6162.482000000001,6000.0,38.7,40.168767307205336,238488.05340000006,241012.603843232,6288.053400000034,0.0
SKU0006,Electronics,2025-03-12,43890.137,42000.0,46.50000000000001,53.073119279796565,2040891.3705000004,2229071.009751456,87891.37050000012,0.0
SKU0007,Electronics,2025-03-12,14791.861000000004,12880.99,32.60000000000001,40.832425688885074,482214.66860000027,525962.0669742718,91014.66860000016,35972.958707650854
SKU0008,Groceries,2025-03-12,600.4680000000001,571.49,116.70000000000002,123.02308992290334,70074.61560000002,70306.46566004003,5889.615600000009,2643.766202443194
SKU0009,Groceries,2025-03-12,881.8100000000002,885.99,86.30000000000001,85.96928870397849,76100.20300000002,76167.93009883791,2745.2030000000154,3094.034700456187
SKU0010,Groceries,2025-03-12,518.1630000000001,478.49,83.60000000000001,91.20285595640134,43318.426800000016,43639.65454657847,8206.426800000012,5334.455044889915
SKU0011,Groceries,2025-03-12,483.87,526.99,102.60000000000002,95.10879740136605,49645.06200000001,50121.38514254589,-3706.9380000000006,664.8104938355496
SKU0012,Groceries,2025-03-12,351.70900000000006,380.49,113.0,104.48396261114392,39743.117000000006,39755.10293391415,-936.8829999999932,2140.8763939023397
SKU0013,Groceries,2025-03-12,331.56800000000004,303.49,105.70000000000002,115.33139348455256,35046.73760000001,35001.92460862686,5450.737600000005,2709.1344329521407
SKU0014,Apparel,2025-03-12,485.0920000000001,508.99,64.80000000000001,61.30699042631327,31433.961600000013,31204.64505708919,-966.0383999999938,551.1498439325569
SKU0015,Apparel,2025-03-12,1781.688,1689.99,56.30000000000001,59.999607540504456,100309.03440000003,101398.73674737713,10229.034400000008,5399.364682569996
SKU0016,Apparel,2025-03-12,2644.452,2446.99,37.10000000000001,40.84746065948815,98109.16920000003,99953.3277591609,16489.16920000001,10088.914308286969
SKU0017,Apparel,2025-03-12,3076.0,2886.99,47.30000000000001,51.24636277042168,145494.80000000005,147947.73685457968,13054.800000000003,4457.921097398971
SKU0018,Apparel,2025-03-12,2052.1410000000005,1996.99,72.9,75.36309317830394,149601.07890000005,150499.3434461412,11091.07890000004,7309.4664073637
SKU0019,Apparel,2025-03-12,1819.9480000000003,1637.99,55.30000000000001,62.72566005895704,100643.12440000004,102744.00391997104,17693.124400000022,8655.513831535482
SKU0020,Home & Kitchen,2025-03-12,5801.599000000001,5418.99,26.200000000000003,28.766680657675234,152001.89380000005,155886.35481713552,21001.89380000003,12052.95152875934
SKU0021,Home & Kitchen,2025-03-12,3887.9430000000007,3800.000000000001,41.400000000000006,42.65917654061806,160960.84020000004,162104.87085434867,3640.840200000028,3.879829504568812e-11
SKU0022,Home & Kitchen,2025-03-12,3844.701000000001,3444.49,26.800000000000004,30.88146296574464,103037.98680000004,106370.89037087775,17277.986800000028,7550.2088804949
SKU0023,Home & Kitchen,2025-03-12,6395.1770000000015,6614.99,43.7,41.628228484621154,279469.2349000001,275370.3151434841,-4580.765099999935,4786.829993446578
SKU0024,Home & Kitchen,2025-03-12,1945.996,1971.49,40.50000000000001,39.85952857458045,78812.83800000002,78582.66198949961,5912.838000000005,6835.510555254802
SKU0025,Home & Kitchen,2025-03-12,1713.0730000000003,1512.49,36.7,42.63552762620987,62869.779100000014,64485.809179366166,11489.779100000012,4796.070502672349
SKU0026,Beauty & Personal Care,2025-03-12,949.3270000000002,960.99,51.30000000000001,50.74686561956553,48700.475100000025,48767.230391746285,2530.475100000012,3095.051334137302
SKU0027,Beauty & Personal Care,2025-03-12,490.3860000000001,504.99,91.6,89.25959742488762,44919.3576,45075.204103594,-880.6423999999926,445.40539115019004
SKU0028,Beauty & Personal Care,2025-03-12,608.1580000000001,654.49,78.10000000000001,72.63228904244205,47497.13980000001,47537.1068553879,-3267.86019999999,326.11897780056546
SKU0029,Beauty & Personal Care,2025-03-12,1907.0020000000004,1890.49,56.80000000000001,57.290218813550815,108317.71360000005,108306.58576482968,6077.713600000025,5184.191900438213
SKU0030,Beauty & Personal Care,2025-03-12,2502.974,2363.99,63.500000000000014,67.19596820757353,158938.84900000005,158850.59688302173,19238.849000000013,11019.466826359969
SKU0031,Beauty & Personal Care,2025-03-12,405.12200000000007,450.0000000000001,61.70000000000002,55.86602302805359,24996.02740000001,25139.710362624122,-2768.9725999999964,6.351231494142393e-12
SKU0032,Sports & Fitness,2025-03-12,3029.8170000000005,3177.49,16.0,15.016501189008244,48477.07200000001,47714.7823630618,477.0720000000074,2665.2787960370697
SKU0033,Sports & Fitness,2025-03-12,881.8210000000001,970.49,43.00000000000001,38.38900348810418,37918.303000000014,37256.14399517023,-781.6969999999941,2706.040855876464
SKU0034,Sports & Fitness,2025-03-12,1653.5830000000003,1800.0000000000005,40.80000000000001,36.76086869722036,67466.18640000004,66169.56365499666,-5973.813599999989,1.6716907656346102e-11
SKU0035,Sports & Fitness,2025-03-12,698.7700000000001,727.99,58.80000000000001,56.06133008280502,41087.676000000014,40812.08768698123,-72.3239999999944,1569.1566290177132
SKU0036,Sports & Fitness,2025-03-12,2696.599,2856.99,51.10000000000001,47.52089054767955,137796.20890000003,135766.70908581497,4936.208900000009,12212.393661848157
SKU0037,Sports & Fitness,2025-03-12,525.7650000000001,550.0,52.60000000000001,49.91718658159368,27655.23900000001,27454.452619876527,-1274.760999999995,0.0
SKU0038,Books & Stationery,2025-03-12,456.7590000000001,463.49,109.6,107.78160810278013,50060.78640000001,49955.697539557565,740.786400000014,1453.9738933065048
SKU0039,Books & Stationery,2025-03-12,315.1070000000001,310.49,84.30000000000001,85.72818342596236,26563.520100000012,26617.74367192705,1273.5201000000072,899.288644138346
SKU0040,Books & Stationery,2025-03-12,459.8970000000001,500.0000000000001,81.4,73.92797569896986,37435.615800000014,36963.98784948494,-3264.384199999992,8.40463777637636e-12
SKU0041,Books & Stationery,2025-03-12,247.79700000000005,250.00000000000009,98.00000000000004,97.0215647944586,24284.106000000014,24255.39119861466,-215.8939999999948,8.272556169213653e-12
SKU0042,Books & Stationery,2025-03-12,852.7170000000001,824.49,74.20000000000002,77.16555975176199,63271.60140000002,63622.232359730246,3911.601400000008,1889.7845583206517
SKU0043,Books & Stationery,2025-03-12,604.1530000000001,650.0,71.20000000000002,65.399850637058,43015.69360000002,42509.902914087696,-3264.3063999999913,0.0
SKU0044,Pet Supplies,2025-03-12,1660.4320000000002,1644.49,71.60000000000002,72.38273026823182,118886.93120000005,119032.67609880456,4326.931200000019,3220.3076696336348
SKU0045,Pet Supplies,2025-03-12,1118.2960000000005,1177.99,84.10000000000001,80.50979627395611,94048.69360000006,94839.73491275756,1538.6936000000426,6278.959011405838
SKU0046,Pet Supplies,2025-03-12,493.7370000000001,472.49,60.80000000000001,62.92679678391715,30019.20960000001,29732.282212433012,2659.209600000005,1415.2236596702971
SKU0047,Pet Supplies,2025-03-12,348.5450000000001,357.49,74.50000000000001,73.04467841335935,25966.60250000001,26112.742085991835,-108.3974999999946,547.1046413160622
SKU0048,Pet Supplies,2025-03-12,937.937,900.0000000000002,75.60000000000002,78.75136311103097,70908.03720000002,70876.22679992788,2868.0372000000016,1.7905986876719673e-11
SKU0049,Pet Supplies,2025-03-12,1812.233,1911.49,69.4,65.93117395160543,125768.97020000001,126026.77969675427,848.9701999999965,7350.66658386449
SKU0001,Electronics,2025-03-13,9857.497,8813.49,35.400000000000006,41.7657859452634,348955.3938,368102.33677071956,65755.39379999999,33976.04920861232
SKU0002,Electronics,2025-03-13,17212.698000000004,18000.0,43.400000000000006,39.781738458903845,747031.0932000002,716071.2922602692,-34168.90679999983,0.0
SKU0003,Electronics,2025-03-13,30431.51000000001,30848.99,40.8,39.45051411693618,1241605.6080000002,1217008.5154882232,17605.60800000038,33493.09198013772
SKU0004,Electronics,2025-03-13,11266.189000000002,9827.99,26.700000000000003,32.91890724131869,300807.2463000001,323526.6911786077,60507.246300000064,27256.526006739456
SKU0005,Electronics,2025-03-13,6479.648000000001,6000.0,45.10000000000001,50.181376304324914,292232.1248000001,301088.25782594946,21632.124800000052,0.0
SKU0006,Electronics,2025-03-13,44070.111,42000.0,42.900000000000006,49.58071272797746,1890607.7619,2082389.9345750534,88807.7618999999,0.0
SKU0007,Electronics,2025-03-13,14688.186000000002,12893.49,31.90000000000001,39.44481281921324,468553.13340000017,508581.2996363977,85753.13340000008,35243.54580583883
SKU0008,Groceries,2025-03-13,611.731,571.49,79.9,85.93875430889447,48877.3069,49113.1386999901,4932.3069,1846.823830098143
SKU0009,Groceries,2025-03-13,886.5570000000001,885.99,117.9,117.9610653303455,104525.07030000002,104512.32427203281,4310.070300000016,4245.418741239136
SKU0010,Groceries,2025-03-13,540.0440000000001,477.49,84.10000000000002,96.20618707549312,45417.70040000002,45937.49226667721,10095.70040000001,5530.8936949701
SKU0011,Groceries,2025-03-13,503.1410000000001,526.99,90.70000000000002,87.0409698611806,45634.88870000002,45869.72070714356,-1529.1112999999934,608.4163793296532
SKU0012,Groceries,2025-03-13,368.1960000000001,380.49,101.8,98.52045476928492,37482.35280000001,37486.04783516522,834.3528000000084,2018.684118222649
SKU0013,Groceries,2025-03-13,334.70000000000005,302.99,90.00000000000001,99.29094776697508,30123.000000000007,30084.16426391578,4923.000000000005,2282.698889162758
SKU0014,Apparel,2025-03-13,480.9840000000001,508.99,55.000000000000014,51.51819468644452,26454.120000000014,26222.245913453396,-1045.879999999995,463.14857023113666
SKU0015,Apparel,2025-03-13,1786.8820000000003,1689.99,44.900000000000006,48.03228180332293,80231.00180000003,81174.07592479773,8391.001800000015,4322.425039481031
SKU0016,Apparel,2025-03-13,2687.7760000000007,2452.49,33.2,37.20527592257914,89234.16320000004,91245.5671473661,16194.163200000026,9393.960117691999
SKU0017,Apparel,2025-03-13,3107.3870000000006,2886.99,52.00000000000001,57.05576124890711,161584.12400000007,164719.41216798231,15984.124000000034,4963.280671042417
SKU0018,Apparel,2025-03-13,2085.9840000000004,1996.99,63.000000000000014,66.44792440478314,131416.99200000006,132695.84055710788,11716.992000000026,6444.784188019917
SKU0019,Apparel,2025-03-13,1837.8820000000003,1637.99,39.70000000000001,45.60250937803107,72963.91540000003,74696.45433612111,13413.915400000014,6292.690269074508
SKU0020,Home & Kitchen,2025-03-13,5691.268000000002,5368.49,36.10000000000001,39.076367471556885,205454.7748000001,209781.08800737842,24954.774800000072,14399.250649593989
SKU0021,Home & Kitchen,2025-03-13,3751.4010000000007,3800.000000000001,35.900000000000006,35.29744012350811,134675.29590000006,134130.27246933084,-1744.7040999999733,3.21028347784778e-11
SKU0022,Home & Kitchen,2025-03-13,3710.556000000001,3376.49,36.900000000000006,41.62873262054937,136919.51640000005,140558.99940595875,18839.516400000037,7347.05502020075
SKU0023,Home & Kitchen,2025-03-13,6446.491000000002,6614.99,34.800000000000004,33.526042885236095,224337.8868000001,221774.43842540792,-1862.1131999999375,3855.159671373291
SKU0024,Home & Kitchen,2025-03-13,1917.365,1971.49,41.7,40.3029402100449,79954.1205,79456.84359470142,4894.120500000001,6911.551216620601
SKU0025,Home & Kitchen,2025-03-13,1726.6280000000002,1512.49,32.300000000000004,37.9011185918047,55770.084400000014,57325.062858918696,10550.084400000007,4263.496830392111
SKU0026,Beauty & Personal Care,2025-03-13,971.6030000000002,955.99,68.60000000000001,69.58874898278432,66651.96580000002,66526.14814005198,4911.965800000013,3896.274055546095
SKU0027,Beauty & Personal Care,2025-03-13,506.4760000000001,504.99,77.30000000000001,77.50096063346017,39150.59480000001,39137.21011029105,500.5948000000088,386.7297935609669
SKU0028,Beauty & Personal Care,2025-03-13,573.9010000000001,654.49,78.9,69.28723637463699,45280.78890000001,45347.803334836164,-6004.211099999995,311.0996913221207
SKU0029,Beauty & Personal Care,2025-03-13,1961.5540000000003,1890.49,61.60000000000001,63.884082246142015,120831.72640000004,120772.21864550901,9951.726400000021,5780.870602453391
SKU0030,Beauty & Personal Care,2025-03-13,2442.9300000000003,2363.99,73.40000000000002,75.82216368966047,179311.06200000006,179242.83674072044,17831.062000000027,12434.076623467405
SKU0031,Beauty & Personal Care,2025-03-13,416.326,450.0000000000001,66.70000000000002,61.97767635940022,27768.94420000001,27889.954361730106,-2246.055799999999,7.046046034633971e-12
SKU0032,Sports & Fitness,2025-03-13,3098.2300000000005,3177.49,37.80000000000001,36.59185933503655,117113.09400000006,116270.26711848528,3713.094000000019,6494.68911337563
SKU0033,Sports & Fitness,2025-03-13,913.582,970.49,51.00000000000001,47.49316220255187,46592.68200000001,46091.63898595457,692.6819999999998,3347.793003657882
SKU0034,Sports & Fitness,2025-03-13,1594.1510000000003,1800.0000000000005,53.00000000000001,45.689524782701,84490.00300000003,82241.14460886182,-10909.996999999987,2.077719035819473e-11
SKU0035,Sports & Fitness,2025-03-13,680.7470000000002,727.99,50.10000000000001,46.323359523866216,34105.42470000002,33722.94249977937,-964.5752999999909,1296.5908330730158
SKU0036,Sports & Fitness,2025-03-13,2772.560000000001,2856.99,41.00000000000001,39.47636485075409,113674.96000000005,112783.57961495592,7074.960000000036,10145.031002995285
SKU0037,Sports & Fitness,2025-03-13,514.5060000000001,550.0,61.70000000000001,57.11061878169358,31745.02020000001,31410.84032993147,-2189.979799999995,0.0
SKU0038,Books & Stationery,2025-03-13,440.25500000000005,463.49,83.30000000000001,78.52741352074389,36673.24150000001,36396.670892729584,-811.7584999999957,1059.3348083948358
SKU0039,Books & Stationery,2025-03-13,324.67600000000004,310.49,85.30000000000001,89.7482257871886,27694.862800000006,27865.92662466419,2104.862800000004,941.4588885076092
SKU0040,Books & Stationery,2025-03-13,469.1470000000001,500.0000000000001,97.40000000000002,90.52595695825168,45694.91780000002,45262.97847912585,-3005.0821999999903,1.0291609778306757e-11
SKU0041,Books & Stationery,2025-03-13,250.92,250.00000000000009,87.10000000000002,87.46390575983818,21855.132000000005,21865.976439959555,80.13199999999892,7.45762114546308e-12
SKU0042,Books & Stationery,2025-03-13,840.8850000000002,824.49,89.30000000000001,91.36615679137408,75091.03050000002,75330.48261292002,3651.03050000002,2237.557179820752
SKU0043,Books & Stationery,2025-03-13,609.2890000000001,650.0,86.4,80.16154647927581,52642.56960000001,52105.00521152928,-3517.4303999999916,0.0
SKU0044,Pet Supplies,2025-03-13,1697.139,1644.49,71.70000000000002,74.29175318313852,121684.86630000002,122172.04519213947,6964.866299999994,3305.240099117834
SKU0045,Pet Supplies,2025-03-13,1082.899,1177.99,58.60000000000001,54.58385834922186,63457.881400000006,64299.23929679986,-1002.1186000000067,4256.9951126558135
SKU0046,Pet Supplies,2025-03-13,487.249,472.49,77.20000000000002,79.07226700857649,37615.62280000001,37360.8554388823,2875.6228000000024,1778.335285022886
SKU0047,Pet Supplies,2025-03-13,350.345,357.49,82.9,81.60895500912274,29043.600500000004,29174.38532621129,28.600500000002263,611.2510730183301
SKU0048,Pet Supplies,2025-03-13,906.7900000000002,900.0000000000002,90.4,91.0732688550204,81973.81600000002,81965.94196951838,613.8160000000173,2.0707663874195623e-11
SKU0049,Pet Supplies,2025-03-13,1805.819,1911.49,95.70000000000002,90.6269372483316,172816.87830000004,173232.48428081337,556.8782999999962,10103.997233816492
SKU0001,Electronics,2025-03-14,9721.940000000002,8813.49,25.500000000000007,29.51990083710156,247909.47000000012,260173.3508287862,43909.470000000074,24014.144131973742
SKU0002,Electronics,2025-03-14,17469.387000000002,18000.0,50.10000000000001,47.275007149418926,875216.2887000003,850950.1286895407,-26583.711299999883,0.0
SKU0003,Electronics,2025-03-14,31027.223000000005,30848.99,34.400000000000006,34.89461134348972,1067336.4712000003,1076463.516389201,35336.47120000019,29625.176084509396
SKU0004,Electronics,2025-03-14,11198.082000000002,9861.99,34.2,41.49863761807057,382974.4044000001,409259.14920303575,75174.40440000009,35771.41064040064
SKU0005,Electronics,2025-03-14,6330.414000000001,6000.0,26.500000000000007,28.579131372669853,167755.97100000005,171474.7882360191,8755.97100000002,0.0
SKU0006,Electronics,2025-03-14,44411.291000000005,42000.0,40.1,47.44215029342473,1780892.7691000002,1992570.3123238387,96692.7691000002,0.0
SKU0007,Electronics,2025-03-14,14816.715000000002,12909.99,25.90000000000001,32.46061123603413,383752.9185000002,419066.16645108827,72952.91850000007,29538.831618678694
SKU0008,Groceries,2025-03-14,606.855,571.49,103.20000000000002,110.0338510151958,62627.43600000001,62883.245516674244,5867.436000000002,2364.6274583165587
SKU0009,Groceries,2025-03-14,888.7420000000001,885.99,97.6,97.84572546062044,86741.2192,86690.3343008551,3781.2192000000073,3521.4676593277304
SKU0010,Groceries,2025-03-14,538.763,477.49,100.20000000000002,114.3002920761213,53984.05260000001,54577.24646342716,11900.052600000005,6571.123791456214
SKU0011,Groceries,2025-03-14,504.55000000000007,526.99,73.60000000000002,70.79961953447253,37134.88000000002,37310.69149847168,-1137.1199999999953,494.8893405459636
SKU0012,Groceries,2025-03-14,367.25900000000007,380.49,113.40000000000002,109.47218004759613,41647.17060000001,41653.069786309854,823.1706000000082,2243.0849691752455
SKU0013,Groceries,2025-03-14,329.94500000000005,302.99,83.5,90.83471083545092,27550.407500000005,27522.009036033276,4170.407500000004,2088.2900021070177
SKU0014,Apparel,2025-03-14,482.8530000000001,508.99,67.00000000000001,63.05322340789617,32351.151000000016,32093.46018238507,-1148.848999999992,566.8484784369871
SKU0015,Apparel,2025-03-14,1754.0220000000002,1689.99,50.30000000000001,52.60949853115022,88227.30660000003,88909.52642265857,7747.30660000001,4734.3287728182095
SKU0016,Apparel,2025-03-14,2631.532,2454.49,58.000000000000014,63.18270983607012,152628.85600000006,155081.32946553573,25028.856000000014,16079.367826181471
SKU0017,Apparel,2025-03-14,3087.7030000000004,2886.99,51.400000000000006,55.9485566031604,158707.93420000005,161522.923427758,14787.934200000023,4866.964938908911
SKU0018,Apparel,2025-03-14,2111.2970000000005,1996.99,49.50000000000001,52.99884981723677,104509.20150000004,105838.17309652365,10459.201500000025,5140.3584437737945
SKU0019,Apparel,2025-03-14,1810.0950000000005,1637.99,59.000000000000014,66.481422383409,106795.60500000005,108895.9050498001,18295.605000000032,9173.771474686608
SKU0020,Home & Kitchen,2025-03-14,5710.450000000001,5364.49,25.800000000000004,28.10774091872089,147329.61000000004,150783.69508106902,18329.610000000022,10244.99048746457
SKU0021,Home & Kitchen,2025-03-14,3737.591000000001,3800.000000000001,48.2,47.16881556912543,180151.88620000004,179241.49916267666,-3008.1137999999614,4.2899787849023986e-11
SKU0022,Home & Kitchen,2025-03-14,3723.7180000000008,3356.49,31.90000000000001,36.44475749178138,118786.60420000006,122326.46407358928,16706.60420000003,5703.240099888861
SKU0023,Home & Kitchen,2025-03-14,6405.2750000000015,6614.99,39.7,37.89971361508951,254289.41750000007,250706.22656668094,-3760.5824999999427,4358.088068599134
SKU0024,Home & Kitchen,2025-03-14,1924.051,1971.49,36.50000000000001,35.42427229406991,70227.86150000001,69838.59858503588,4527.861499999998,6074.908455710049
SKU0025,Home & Kitchen,2025-03-14,1722.832,1512.49,38.900000000000006,45.49095299015825,67018.16480000001,68804.61148808445,12558.164800000006,5117.277301862901
SKU0026,Beauty & Personal Care,2025-03-14,933.4240000000002,954.99,75.50000000000001,73.99352736377661,70473.51200000003,70663.07869713302,2523.512000000016,4068.9040697340765
SKU0027,Beauty & Personal Care,2025-03-14,504.4820000000001,504.99,54.10000000000001,54.05164366133431,27292.47620000001,27295.539532537216,242.4762000000046,269.7177018700587
SKU0028,Beauty & Personal Care,2025-03-14,560.946,654.49,74.80000000000001,64.21188350162302,41958.76080000001,42026.035632977255,-6661.239199999999,288.3113569222879
SKU0029,Beauty & Personal Care,2025-03-14,1926.9480000000003,1890.49,58.10000000000001,59.20656904171404,111955.67880000004,111929.42670766998,7375.67880000002,5357.602432584704
SKU0030,Beauty & Personal Care,2025-03-14,2464.469,2363.99,62.90000000000001,65.54766365352837,155015.10010000004,154954.02140030454,16635.100100000007,10749.161362542103
SKU0031,Beauty & Personal Care,2025-03-14,406.6300000000001,450.0000000000001,58.400000000000006,53.05944418369737,23747.19200000001,23876.749882663822,-2532.807999999994,6.032160420511147e-12
SKU0032,Sports & Fitness,2025-03-14,3154.1100000000006,3177.49,56.2,55.67344150037745,177260.98200000005,176901.80363303435,8660.982000000033,9881.479131901982
SKU0033,Sports & Fitness,2025-03-14,921.2190000000002,970.49,50.10000000000001,47.11442166286497,46153.07190000002,45724.07507959382,1063.0719000000083,3321.095583015352
SKU0034,Sports & Fitness,2025-03-14,1575.7280000000003,1800.0000000000005,69.50000000000001,59.113005462107786,109513.09600000005,106403.40983179404,-15586.903999999982,2.68814826368306e-11
SKU0035,Sports & Fitness,2025-03-14,688.9220000000001,727.99,33.6,31.48352039064745,23147.779200000004,22919.688009187437,-372.22079999999534,881.2237357342224
SKU0036,Sports & Fitness,2025-03-14,2759.3050000000003,2856.99,48.70000000000001,46.61512277978387,134378.15350000004,133178.9396306147,7758.153500000016,11979.620403176647
SKU0037,Sports & Fitness,2025-03-14,498.468,550.0,52.30000000000001,46.6481222438214,26069.87640000001,25656.46723410177,-2695.1235999999994,0.0
SKU0038,Books & Stationery,2025-03-14,436.3970000000001,463.49,103.60000000000002,96.69889357127144,45210.72920000002,44818.9701813486,-1409.2707999999893,1304.4680742764526
SKU0039,Books & Stationery,2025-03-14,322.48900000000003,310.49,80.20000000000002,83.73855846498034,25863.617800000007,25999.985017791747,1803.617800000003,878.4174782976446
SKU0040,Books & Stationery,2025-03-14,468.7290000000001,500.0000000000001,92.1,85.50849026044098,43169.94090000001,42754.2451302205,-2880.059099999991,9.721189856059138e-12
SKU0041,Books & Stationery,2025-03-14,252.278,250.00000000000009,85.70000000000002,86.58704616790152,21620.224600000005,21646.761541975386,195.22459999999933,7.382855599863221e-12
SKU0042,Books & Stationery,2025-03-14,833.6860000000001,824.49,75.0,75.97475333619667,62526.45000000001,62640.424378160795,2526.450000000011,1860.6217092034572
SKU0043,Books & Stationery,2025-03-14,597.8500000000001,650.0,98.20000000000002,89.14199124580527,58708.870000000024,57942.294309773424,-5121.129999999987,0.0
SKU0044,Pet Supplies,2025-03-14,1729.583,1644.49,68.5,72.50881109054549,118476.4355,119240.01475029116,8876.435500000005,3225.9170054183696
SKU0045,Pet Supplies,2025-03-14,1093.243,1177.99,67.30000000000001,63.20149554153538,73575.25390000001,74450.72973297327,-454.7461000000042,4929.084637284345
SKU0046,Pet Supplies,2025-03-14,487.8430000000001,472.49,66.0,67.66844188082015,32197.638000000006,31972.662104268715,2497.638000000005,1521.863257899646
SKU0047,Pet Supplies,2025-03-14,347.1120000000001,357.49,91.20000000000002,89.13709359142587,31656.614400000013,31865.619587998834,-263.38559999999273,667.6368309997805
SKU0048,Pet Supplies,2025-03-14,923.408,900.0000000000002,72.80000000000001,74.67371815108694,67224.10240000002,67206.34633597826,1704.1024000000014,1.697883775502463e-11
SKU0049,Pet Supplies,2025-03-14,1795.543,1911.49,78.30000000000001,73.73454901514309,140591.01690000002,140942.85309695586,-348.98310000000845,8220.664869698303
SKU0001,Electronics,2025-03-15,9859.889,8813.49,36.70000000000001,43.308610080636974,361857.92630000005,381700.00185959315,68257.92629999999,35231.12121449736
SKU0002,Electronics,2025-03-15,17426.027000000002,18000.0,53.50000000000001,50.24442428407784,932292.4445000002,904399.6371134011,-30707.555499999904,0.0
SKU0003,Electronics,2025-03-15,30941.959000000003,30848.99,27.700000000000003,27.908760811699803,857092.2643000002,860957.0831925191,26092.264300000075,23694.25884152506
SKU0004,Electronics,2025-03-15,11287.053000000002,9861.99,22.200000000000003,27.3411471459916,250572.57660000006,269638.1197422977,50772.576600000044,23567.79542837329
SKU0005,Electronics,2025-03-15,6372.158000000001,6000.0,36.7,39.914285544978426,233858.19860000006,239485.71326987055,13658.198600000047,0.0
SKU0006,Electronics,2025-03-15,43804.102000000006,42000.0,57.20000000000001,64.87214557054787,2505594.634400001,2724630.1139630107,103194.63440000037,0.0
SKU0007,Electronics,2025-03-15,14815.867000000002,12909.99,30.000000000000007,37.55705934124044,444476.0100000002,484861.26052482065,84476.01000000008,34176.54842993538
SKU0008,Groceries,2025-03-15,617.7590000000001,571.49,115.5,125.50175752380856,71351.16450000001,71722.99940728136,7826.164500000014,2697.0327691866473
SKU0009,Groceries,2025-03-15,886.3220000000001,885.99,111.70000000000002,111.73389246053566,99002.16740000003,98995.11138111,4057.1674000000135,4021.302789654679
SKU0010,Groceries,2025-03-15,545.2850000000001,477.49,112.1,129.544698008707,61126.448500000006,61856.29785217751,14044.448500000008,7447.524688520567
SKU0011,Groceries,2025-03-15,504.9850000000001,526.99,99.10000000000002,95.4154124449374,50044.01350000002,50282.96820435756,-1487.9864999999877,666.9537329901133
SKU0012,Groceries,2025-03-15,371.0940000000001,380.49,86.40000000000002,84.26909271403447,32062.52160000002,32063.547086762977,958.5216000000096,1726.673709710567
SKU0013,Groceries,2025-03-15,329.22400000000005,302.99,80.60000000000001,87.49368555758676,26535.454400000006,26509.711787093212,3967.454400000004,2011.4798309689204
SKU0014,Apparel,2025-03-15,487.31000000000006,508.99,67.4,64.10496154239726,32844.694,32628.784375464784,-855.3059999999961,576.303604266152
SKU0015,Apparel,2025-03-15,1773.2260000000003,1689.99,48.30000000000001,51.18805098898448,85646.81580000004,86507.29429087388,8366.815800000018,4606.412708498714
SKU0016,Apparel,2025-03-15,2608.9050000000007,2454.49,37.900000000000006,40.87759590428509,98877.49950000003,100333.6503711087,15497.499500000027,10402.939381681503
SKU0017,Apparel,2025-03-15,3083.7450000000003,2886.99,44.20000000000001,48.04558892240559,136301.52900000004,138707.1347630957,12541.529000000019,4179.485780360052
SKU0018,Apparel,2025-03-15,2105.0000000000005,1996.99,52.60000000000001,56.1079621568442,110723.00000000004,112047.0393475963,10783.000000000025,5441.91124959232
SKU0019,Apparel,2025-03-15,1823.8540000000005,1637.99,57.50000000000001,65.38301055663571,104871.60500000004,107096.71746166373,18621.605000000032,9022.201626710163
SKU0020,Home & Kitchen,2025-03-15,5709.800000000001,5364.49,31.90000000000001,34.72763450556981,182142.62000000008,186296.0480287842,22642.620000000043,12657.875500935132
SKU0021,Home & Kitchen,2025-03-15,3752.029000000001,3800.000000000001,39.3,38.65040835026775,147454.73970000003,146871.5517310175,-1885.2602999999642,3.5152341615928665e-11
SKU0022,Home & Kitchen,2025-03-15,3708.506,3356.49,33.7,38.29243921996791,124976.65220000001,128528.18931743008,17136.652199999997,5992.38381353277
SKU0023,Home & Kitchen,2025-03-15,6357.450000000001,6614.99,36.3,34.27687598749874,230775.435,226741.1918885443,-5174.564999999973,3941.4979698024727
SKU0024,Home & Kitchen,2025-03-15,1941.2940000000003,1971.49,39.20000000000001,38.46533898497508,76098.72480000003,75834.03115548851,5538.7248000000145,6596.420982533376
SKU0025,Home & Kitchen,2025-03-15,1706.3480000000002,1512.49,29.300000000000004,33.90886893816796,49995.99640000001,51286.82518028966,8975.996400000007,3814.4086668545146
SKU0026,Beauty & Personal Care,2025-03-15,945.096,954.99,62.50000000000001,61.92676632424581,59068.50000000001,59139.44257199151,2818.5000000000005,3405.352880170278
SKU0027,Beauty & Personal Care,2025-03-15,503.49700000000007,504.99,64.60000000000001,64.43077869255761,32525.90620000001,32536.898931954667,225.90620000000462,321.50958567586304
SKU0028,Beauty & Personal Care,2025-03-15,561.604,654.49,87.20000000000002,74.96660783741986,48971.86880000001,49064.89516351293,-7708.131199999998,336.60006919001586
SKU0029,Beauty & Personal Care,2025-03-15,1940.0260000000003,1890.49,84.00000000000001,86.16220149276724,162962.18400000007,162888.78030006154,11762.184000000027,7796.817613080508
SKU0030,Beauty & Personal Care,2025-03-15,2467.809,2363.99,65.20000000000002,68.03409401317026,160901.14680000005,160831.91790619434,17461.146800000017,11156.911077219776
SKU0031,Beauty & Personal Care,2025-03-15,410.69200000000006,450.0000000000001,55.500000000000014,50.8974592071318,22793.40600000001,22903.856643209318,-2181.593999999997,5.786371185323765e-12
SKU0032,Sports & Fitness,2025-03-15,3128.42,3177.49,24.000000000000004,23.51747974848255,75082.08000000002,74726.55672600582,3082.080000000002,4174.117480558163
SKU0033,Sports & Fitness,2025-03-15,912.504,970.49,44.400000000000006,41.2805446555684,40515.1776,40062.35578278258,555.1776000000009,2909.865592771017
SKU0034,Sports & Fitness,2025-03-15,1571.1360000000004,1800.0000000000005,68.0,57.62870977241054,106837.24800000002,103731.677590339,-15562.751999999971,2.620650310400858e-11
SKU0035,Sports & Fitness,2025-03-15,684.8300000000002,727.99,55.60000000000001,51.77677325009091,38076.54800000002,37692.97315833368,-843.4519999999916,1449.231883270045
SKU0036,Sports & Fitness,2025-03-15,2740.8810000000003,2856.99,47.500000000000014,45.0835885801454,130191.84750000005,128803.3617375896,6691.847500000017,11586.031429211556
SKU0037,Sports & Fitness,2025-03-15,498.0910000000002,550.0,68.70000000000002,61.2553960949986,34218.85170000002,33690.46785224923,-3566.1482999999885,0.0
SKU0038,Books & Stationery,2025-03-15,433.955,463.49,85.90000000000002,79.65222429510163,37276.734500000006,36918.009438536654,-1378.2655000000018,1074.5085057409217
SKU0039,Books & Stationery,2025-03-15,322.92400000000004,310.49,87.20000000000002,91.18329759699338,28158.972800000007,28311.502070890478,1998.9728000000034,956.5127917924615
SKU0040,Books & Stationery,2025-03-15,462.571,500.0000000000001,93.3,85.31593343742985,43157.8743,42657.96671871493,-3492.1256999999973,9.699298679769282e-12
SKU0041,Books & Stationery,2025-03-15,254.98200000000008,250.00000000000009,68.80000000000001,70.36288184093063,17542.76160000001,17590.720460232664,342.7616000000059,5.999500147106342e-12
SKU0042,Books & Stationery,2025-03-15,839.4520000000001,824.49,73.80000000000001,75.36170628010987,61951.557600000015,62134.97321088779,2911.5576000000087,1845.6081867998914
SKU0043,Books & Stationery,2025-03-15,597.8950000000001,650.0,83.50000000000001,75.79087330093415,49924.23250000002,49264.067645607196,-4350.767499999993,0.0
SKU0044,Pet Supplies,2025-03-15,1744.929,1644.49,62.20000000000001,66.50502527532448,108534.58380000002,109366.84901501836,9014.583800000008,2958.8085744991868
SKU0045,Pet Supplies,2025-03-15,1084.119,1177.99,75.10000000000001,70.03827110122296,81417.33690000001,82504.38297452964,-1192.6631000000066,5462.28476318438
SKU0046,Pet Supplies,2025-03-15,493.1790000000001,472.49,60.40000000000001,62.457807063238015,29788.011600000013,29510.68925930933,2608.0116000000057,1404.6760808522235
SKU0047,Pet Supplies,2025-03-15,348.0660000000001,357.49,69.10000000000001,67.67618734623738,24051.360600000007,24193.560214406403,-133.63939999999394,506.8946432233186
SKU0048,Pet Supplies,2025-03-15,919.1210000000002,900.0000000000002,79.30000000000001,80.96545378606123,72886.29530000003,72868.90840745512,1516.2953000000168,1.840941281126589e-11
SKU0049,Pet Supplies,2025-03-15,1789.3060000000005,1911.49,96.8,90.86606816727212,173204.82080000004,173689.58064105897,-1035.179199999952,10130.65793996917
SKU0001,Electronics,2025-03-16,9554.036000000002,8813.49,28.90000000000001,32.582709937673336,276111.64040000015,287167.38820858457,44911.64040000007,26505.708707197875
SKU0002,Electronics,2025-03-16,17576.038,18000.0,34.60000000000001,33.023222382787985,608130.9148000001,594418.0028901837,-14669.085199999987,0.0
SKU0003,Electronics,2025-03-16,31118.6,30848.99,2.8000000000000007,2.8804813842162456,87132.08000000002,88859.94141687312,3132.0799999999967,2445.499890385755
SKU0004,Electronics,2025-03-16,11038.652000000002,9861.99,8.8,10.583042243898252,97140.13760000003,104369.85677890212,17940.137600000016,9122.476583817852
SKU0005,Electronics,2025-03-16,6277.02,6000.0,39.60000000000001,42.16952822256839,248569.99200000006,253017.16933541032,10969.99200000002,0.0
SKU0006,Electronics,2025-03-16,44102.656,42000.0,31.800000000000004,36.873741273544965,1402464.4608000002,1548697.1334888886,66864.46080000009,0.0
SKU0007,Electronics,2025-03-16,14816.771000000004,12909.99,26.700000000000003,33.45592866734128,395607.7857000002,431915.70453608927,75207.78570000012,30444.560527993886
SKU0008,Groceries,2025-03-16,619.1670000000001,571.49,100.0,108.93554135127413,61916.70000000001,62255.57252683965,6916.700000000014,2341.024783638882
SKU0009,Groceries,2025-03-16,887.0930000000002,885.99,106.3,106.4071961682058,94297.98590000001,94275.71173306866,3942.9859000000197,3829.5949900937276
SKU0010,Groceries,2025-03-16,538.6260000000002,477.49,108.4,123.60855855109388,58387.05840000002,59021.85062256182,12859.058400000024,7106.256031102388
SKU0011,Groceries,2025-03-16,504.6300000000001,526.99,78.9,75.91138546629233,39815.30700000001,40004.541026881394,-1212.6929999999916,530.620584409384
SKU0012,Groceries,2025-03-16,368.86500000000007,380.49,123.40000000000002,119.6473620374298,45517.94100000001,45524.624781621664,1093.9410000000082,2451.574448146938
SKU0013,Groceries,2025-03-16,332.9770000000001,302.99,90.5,99.3348630529092,30134.418500000007,30097.47015640096,4794.418500000008,2283.7085015863836
SKU0014,Apparel,2025-03-16,487.0150000000001,508.99,68.30000000000001,64.91631763205463,33263.12450000001,33041.75651153948,-886.8754999999933,583.5976955121718
SKU0015,Apparel,2025-03-16,1767.9440000000004,1689.99,50.30000000000001,53.113719735912255,88927.58320000004,89761.65521649436,8447.583200000023,4779.703639034744
SKU0016,Apparel,2025-03-16,2644.9410000000003,2454.49,53.30000000000001,58.43391639320574,140975.35530000005,143425.46344795954,23715.355300000017,14870.847382906917
SKU0017,Apparel,2025-03-16,3088.7450000000003,2886.99,68.5,74.56448410960537,211579.03250000003,215266.9199795896,19779.032500000023,6486.364472694555
SKU0018,Apparel,2025-03-16,2114.503,1996.99,43.10000000000001,46.241624023735696,91135.07930000003,92344.06075915995,9245.079300000009,4484.975114062126
SKU0019,Apparel,2025-03-16,1841.61,1637.99,50.80000000000001,58.45381735614456,93553.78800000002,95746.76829119123,17353.788,8066.042256974389
SKU0020,Home & Kitchen,2025-03-16,5745.483000000001,5364.49,32.0,35.13253298656683,183855.45600000003,188468.1218811079,23855.456000000035,12805.456948273735
SKU0021,Home & Kitchen,2025-03-16,3766.893000000001,3800.000000000001,49.8,49.23456975256257,187591.27140000003,187091.36505973781,-1648.728599999953,4.477858033402533e-11
SKU0022,Home & Kitchen,2025-03-16,3710.5840000000007,3356.49,33.300000000000004,37.86662487028297,123562.44720000004,127098.94771085607,17002.447200000028,5925.748125950574
SKU0023,Home & Kitchen,2025-03-16,6412.886,6614.99,53.60000000000001,51.27197190569104,343730.6896000001,339163.58143642714,-4669.3103999999785,5895.764049435402
SKU0024,Home & Kitchen,2025-03-16,1931.5130000000004,1971.49,30.90000000000001,30.12856488375747,59683.75170000003,59398.16438267902,4063.751700000013,5166.747591915569
SKU0025,Home & Kitchen,2025-03-16,1712.3880000000004,1512.49,32.400000000000006,37.64038164462949,55481.37120000002,56930.70083368566,10121.371200000014,4234.166531204372
SKU0026,Beauty & Personal Care,2025-03-16,940.6810000000002,954.99,67.30000000000001,66.40803896473174,63307.83130000002,63419.01313092917,2737.8313000000107,3651.7780626705994
SKU0027,Beauty & Personal Care,2025-03-16,502.04300000000006,504.99,57.60000000000001,57.301566233757214,28917.67680000001,28936.717932385054,117.67680000000365,285.934815506449
SKU0028,Beauty & Personal Care,2025-03-16,557.307,654.49,70.10000000000001,59.78132204991677,39067.220700000005,39126.277468450025,-6497.779299999999,268.41813600412684
SKU0029,Beauty & Personal Care,2025-03-16,1913.112,1890.49,63.90000000000001,64.65408172878197,122247.85680000002,122227.89496744504,7227.856800000007,5850.547855637482
SKU0030,Beauty & Personal Care,2025-03-16,2479.9880000000003,2363.99,61.90000000000001,64.90852942222436,153511.25720000005,153443.11446884414,17331.257200000022,10644.34973995056
SKU0031,Beauty & Personal Care,2025-03-16,407.484,450.0000000000001,58.60000000000001,53.34734054381554,23878.562400000003,24006.303244717,-2491.4376000000016,6.064890447284545e-12
SKU0032,Sports & Fitness,2025-03-16,3120.6020000000003,3177.49,13.900000000000002,13.56670404225562,43376.367800000015,43108.06642722681,1676.3678000000048,2407.9543004599473
SKU0033,Sports & Fitness,2025-03-16,910.891,970.49,60.10000000000001,55.78559234545426,54744.549100000004,54139.35951533991,654.5490999999979,3932.3264044310713
SKU0034,Sports & Fitness,2025-03-16,1598.6290000000004,1800.0000000000005,59.400000000000006,51.39884897309418,94958.56260000003,92517.92815156955,-11961.437399999979,2.3373490409128036e-11
SKU0035,Sports & Fitness,2025-03-16,694.7360000000001,727.99,39.8,37.67439781163907,27650.492800000004,27426.584862895124,-209.50719999999586,1054.506394747778
SKU0036,Sports & Fitness,2025-03-16,2780.630000000001,2856.99,41.900000000000006,40.491998598669234,116508.39700000006,115685.235076412,7568.397000000044,10406.038719871998
SKU0037,Sports & Fitness,2025-03-16,502.46400000000006,550.0,59.900000000000006,53.93973965540788,30097.593600000007,29666.85681047433,-2847.406399999997,0.0
SKU0038,Books & Stationery,2025-03-16,435.801,463.49,102.8,95.80165638022751,44800.3428,44403.10971567165,-1459.6572000000012,1292.36434456927
SKU0039,Books & Stationery,2025-03-16,323.26800000000003,310.49,82.10000000000001,85.95706760628772,26540.302800000005,26688.809921076278,1910.3028000000027,901.6896391899589
SKU0040,Books & Stationery,2025-03-16,464.143,500.0000000000001,132.3,121.48546125354405,61406.1189,60742.730626772034,-4743.881100000004,1.3811297919067334e-11
SKU0041,Books & Stationery,2025-03-16,250.65300000000005,250.00000000000009,79.4,79.63570306099594,19901.848200000004,19908.92576524899,51.84820000000385,6.790148438056685e-12
SKU0042,Books & Stationery,2025-03-16,835.8480000000001,824.49,82.50000000000003,83.82298630222512,68957.46000000004,69111.21397632158,2957.460000000007,2052.824934541494
SKU0043,Books & Stationery,2025-03-16,594.9530000000001,650.0,106.0,95.69057597415532,63065.01800000001,62198.87438320096,-5834.981999999991,0.0
SKU0044,Pet Supplies,2025-03-16,1697.9170000000004,1644.49,65.00000000000001,67.38772943926169,110364.60500000005,110818.44718557145,6364.605000000026,2998.0800827527532
SKU0045,Pet Supplies,2025-03-16,1077.819,1177.99,71.10000000000001,65.98000092884925,76632.9309,77723.78129417513,-1577.0691000000031,5145.780272440954
SKU0046,Pet Supplies,2025-03-16,492.57300000000015,472.49,65.4,67.56050500079537,32214.274200000014,31921.663007825806,2784.27420000001,1519.4357574678886
SKU0047,Pet Supplies,2025-03-16,344.90900000000005,357.49,45.50000000000001,44.23783339516631,15693.359500000004,15814.583060438006,-231.64049999999781,331.34137212979607
SKU0048,Pet Supplies,2025-03-16,910.063,900.0000000000002,73.00000000000001,73.80781914157134,66434.59900000002,66427.03722741423,734.5989999999993,1.6781955114668413e-11
SKU0049,Pet Supplies,2025-03-16,1777.6190000000004,1911.49,59.20000000000001,55.19737859356706,105235.04480000003,105509.2372078175,-1324.9551999999783,6153.955739396792
SKU0001,Electronics,2025-03-17,11415.666,10633.99,18.1,20.153548533400087,206623.5546,214312.63356869118,61823.55459999999,53084.24530149049
SKU0002,Electronics,2025-03-17,20535.693000000007,24889.99,22.700000000000003,15.44422928390447,466160.2311000002,384406.71243408945,57560.23110000016,106410.58532380898
SKU0003,Electronics,2025-03-17,36249.58800000001,33160.99,0.9000000000000001,1.3545316061969337,32624.629200000014,44917.609047780454,5624.62920000001,4281.660861872443
SKU0004,Electronics,2025-03-17,13229.05,10043.49,0.0,0.5046563864540334,0.0,5068.511370787221,0.0,526.6038927009192
SKU0005,Electronics,2025-03-17,7469.6,7952.99,19.200000000000003,17.549148753423555,143416.32000000004,139568.20454449,28216.32000000001,34273.31202394867
SKU0006,Electronics,2025-03-17,51011.640000000014,51833.49,19.40000000000001,18.462262007181543,989625.8160000007,956963.4731266244,174825.81600000034,181548.4688249996
SKU0007,Electronics,2025-03-17,17146.777000000002,15187.49,16.900000000000002,20.694031621546248,289780.5313000001,314290.39831191744,86980.53130000005,65962.01885336245
SKU0008,Groceries,2025-03-17,712.9580000000001,798.99,80.20000000000002,70.97661799460585,57179.23160000002,56709.60801151013,13069.23160000001,17672.46811447691
SKU0009,Groceries,2025-03-17,1043.922,1109.99,68.0,64.68336202555992,70986.696,71797.88501475126,13186.696000000002,16817.027293025323
SKU0010,Groceries,2025-03-17,635.8190000000001,467.99,57.00000000000001,79.7693994057931,36241.68300000001,37331.28122791711,12301.683000000006,3828.1334774840116
SKU0011,Groceries,2025-03-17,593.9810000000001,690.49,76.50000000000001,66.88734575946101,45439.54650000002,46185.04337345024,5659.5465000000095,11403.623578530509
SKU0012,Groceries,2025-03-17,432.53800000000007,379.99,75.50000000000001,85.93636558412946,32656.61900000001,32654.959558313356,5476.619000000006,1717.8679480267488
SKU0013,Groceries,2025-03-17,385.1020000000001,280.49,60.900000000000006,83.3632974085647,23452.71180000001,23382.571290128315,6400.711800000006,40.84801573019747
SKU0014,Apparel,2025-03-17,564.369,658.99,42.80000000000001,35.73605483787725,24154.993200000008,23549.70277761273,2754.993200000002,5681.675358674104
SKU0015,Apparel,2025-03-17,2058.027,2130.49,34.10000000000001,32.69069910528908,70178.72070000002,69647.20753682732,15618.720700000005,17342.088968364795
SKU0016,Apparel,2025-03-17,3114.1070000000004,2886.99,35.0,38.451494336152585,108993.74500000001,111009.07963352914,31993.745000000014,26415.792093993456
SKU0017,Apparel,2025-03-17,3666.8380000000006,3622.49,26.000000000000004,26.409993087539146,95337.78800000003,95669.93585967968,22537.78800000002,21721.955214570065
SKU0018,Apparel,2025-03-17,2482.4570000000003,2779.99,30.500000000000007,26.48764942883886,75714.93850000003,73635.40053567773,17764.938500000015,23308.866620883902
SKU0019,Apparel,2025-03-17,2148.8770000000004,1985.49,33.800000000000004,37.19235370275529,72632.04260000003,73845.0463532836,21932.042600000015,18056.515799150668
SKU0020,Home & Kitchen,2025-03-17,6695.7880000000005,6310.99,17.5,19.005349242239763,117176.29000000001,119942.56901428272,29676.290000000008,24915.8228030839
SKU0021,Home & Kitchen,2025-03-17,4443.517000000001,5239.49,29.600000000000005,23.78450198563337,131528.10320000004,124618.66030870618,19048.103200000023,34237.552763299376
SKU0022,Home & Kitchen,2025-03-17,4360.819,3947.99,21.500000000000004,24.469050835430732,93757.60850000003,96603.56800777216,24957.608500000013,18302.60533439383
SKU0023,Home & Kitchen,2025-03-17,7522.163,9808.49,19.200000000000003,12.915144305432271,144425.5296,126678.06376838937,19625.529599999994,42729.62578307961
SKU0024,Home & Kitchen,2025-03-17,2279.2400000000007,2486.49,24.500000000000007,21.981063555313348,55841.380000000034,54655.69471965108,11741.380000000021,15089.780320087055
SKU0025,Home & Kitchen,2025-03-17,2017.4040000000005,1862.49,30.300000000000004,33.37861685764028,61127.341200000024,62167.34011118645,18707.341200000017,15437.276510490054
SKU0026,Beauty & Personal Care,2025-03-17,1118.0310000000002,1122.99,38.10000000000001,37.94958833333624,42596.98110000002,42617.00820245326,8306.981100000008,8462.378702450647
SKU0027,Beauty & Personal Care,2025-03-17,589.3620000000001,658.99,35.7,32.29230651022616,21040.223400000006,21280.307067173937,3190.223400000003,5134.1538120608575
SKU0028,Beauty & Personal Care,2025-03-17,659.1390000000001,911.49,56.2,40.6886638558893,37043.611800000006,37087.31021800454,513.611800000007,10639.678711676494
SKU0029,Beauty & Personal Care,2025-03-17,2290.7090000000003,2447.49,56.30000000000001,52.73160941851543,128966.91670000005,129060.08673572232,27626.916700000023,34143.18978239455
SKU0030,Beauty & Personal Care,2025-03-17,2903.5890000000004,2859.49,42.8,43.4587463797067,124273.6092,124269.85068530751,30113.609200000014,28660.608649952763
SKU0031,Beauty & Personal Care,2025-03-17,483.9950000000001,573.99,39.10000000000001,33.21876371350818,18924.204500000007,19067.23818391656,1329.2045000000048,4118.79451283788
SKU0032,Sports & Fitness,2025-03-17,3669.527000000001,4069.49,3.1000000000000005,2.601776568577346,11375.533700000005,10587.903728059824,2075.533700000003,2782.5740223277853
SKU0033,Sports & Fitness,2025-03-17,1070.9670000000003,1182.49,27.10000000000001,24.060461438375665,29023.205700000017,28451.25504626484,4633.20570000001,6796.839751726742
SKU0034,Sports & Fitness,2025-03-17,1858.586,2322.99,45.80000000000001,34.827061292024865,85123.23880000002,80902.91511076083,2683.2388000000014,18214.204785116075
SKU0035,Sports & Fitness,2025-03-17,808.8570000000001,858.49,38.900000000000006,36.27091649448256,31464.537300000007,31138.219101348335,4234.537300000004,5748.5775552105415
SKU0036,Sports & Fitness,2025-03-17,3250.3380000000006,3365.49,15.200000000000005,14.519912545201493,49405.137600000024,48866.62047175017,9885.137600000013,11114.847854226287
SKU0037,Sports & Fitness,2025-03-17,584.9860000000001,763.49,34.900000000000006,25.500842404339814,20416.011400000007,19469.638167289406,1221.0114000000037,5444.174844902507
SKU0038,Books & Stationery,2025-03-17,512.3050000000001,507.99,53.10000000000001,53.62116594092826,27203.395500000006,27239.016086332147,3308.3955000000037,3109.49141291443
SKU0039,Books & Stationery,2025-03-17,380.7950000000001,300.49,46.2,60.61401715822957,17592.729000000003,18213.906015876404,3732.7290000000035,29.70086840753304
SKU0040,Books & Stationery,2025-03-17,544.032,668.99,55.20000000000001,43.42192077029095,30030.566400000007,29048.830776116945,2430.5664000000024,7337.870390971469
SKU0041,Books & Stationery,2025-03-17,295.146,250.49,58.50000000000001,70.53096397638753,17266.041000000005,17667.30116644531,2641.041000000001,34.56017234843053
SKU0042,Books & Stationery,2025-03-17,994.515,978.49,55.00000000000001,56.05523455950899,54698.325000000004,54849.48646413395,10698.325,10005.29881652676
SKU0043,Books & Stationery,2025-03-17,702.3460000000001,866.99,61.30000000000001,47.94827083817284,43053.80980000002,41570.67133398747,3208.8098000000077,10404.295289175125
SKU0044,Pet Supplies,2025-03-17,2008.5400000000004,2108.49,40.400000000000006,38.22416744798562,81145.01600000003,80595.2748224032,16505.016000000018,19436.6069056262
SKU0045,Pet Supplies,2025-03-17,1283.052,1454.49,44.7,40.18742435881052,57352.424399999996,58452.20685564631,8182.424399999996,14246.040060954741
SKU0046,Pet Supplies,2025-03-17,573.9580000000001,641.99,47.30000000000001,43.31085971880012,27148.21340000001,27805.13883087249,5863.213400000005,8315.251957412434
SKU0047,Pet Supplies,2025-03-17,405.5220000000001,442.49,60.10000000000001,56.13793019024908,24371.87220000001,24840.472729883317,3336.8722000000066,5192.197163296138
SKU0048,Pet Supplies,2025-03-17,1069.7140000000002,1155.99,47.8,44.23969356207645,51132.32920000001,51140.64336082475,8112.329200000007,11324.91915495595
SKU0049,Pet Supplies,2025-03-17,2129.494,2412.99,46.400000000000006,41.10553962803401,98808.52160000002,99187.25606704978,15288.52160000001,25197.284736588557
SKU0001,Electronics,2025-03-18,10677.591000000002,10939.49,18.700000000000003,18.024584539680045,199670.95170000006,197179.76232598445,50070.95170000005,52983.086008544095
SKU0002,Electronics,2025-03-18,21321.147000000004,25595.99,19.200000000000003,13.272882226489823,409366.02240000013,339732.5607404113,63766.022400000096,100820.68066359445
SKU0003,Electronics,2025-03-18,35976.903000000006,37003.49,19.200000000000003,17.87651575862979,690756.5376000002,661493.4721092999,114756.53760000013,125197.99935040611
SKU0004,Electronics,2025-03-18,13522.550000000005,11511.99,12.000000000000002,15.505207395617024,162270.6000000001,178495.79248626923,54270.600000000064,38948.925925716
SKU0005,Electronics,2025-03-18,6971.607000000001,8174.99,15.200000000000005,12.046373615796918,105968.42640000004,98478.98384540365,14768.426400000018,26200.742150622136
SKU0006,Electronics,2025-03-18,47099.223000000005,46933.49,24.40000000000001,24.66499072594198,1149221.0412000006,1157614.0955860906,124421.04120000018,121684.48509652745
SKU0007,Electronics,2025-03-18,16074.388000000004,15012.99,15.700000000000005,17.60879657041162,252367.89160000015,264360.68682362395,63967.89160000009,53055.127978684504
SKU0008,Groceries,2025-03-18,719.3980000000001,777.99,74.10000000000002,68.12756307891048,53307.39180000003,53002.56279976157,12552.391800000014,15532.403106360802
SKU0009,Groceries,2025-03-18,1089.3620000000003,1137.49,64.10000000000001,61.87947017688597,69828.10420000003,70387.27853150602,15343.104200000022,17789.728881152947
SKU0010,Groceries,2025-03-18,610.46,479.99,58.40000000000001,76.02334574022781,35650.86400000001,36490.445721851946,11122.864000000005,4560.6405109562675
SKU0011,Groceries,2025-03-18,656.24,682.49,60.000000000000014,57.93129213006701,39374.40000000001,39537.527565849436,8174.400000000002,9413.255658214588
SKU0012,Groceries,2025-03-18,479.5390000000001,403.99,61.30000000000001,72.7926509898835,29395.740700000013,29407.503073403033,7327.740700000008,3202.148717044976
SKU0013,Groceries,2025-03-18,400.65100000000007,280.49,46.60000000000001,66.43258240824478,18670.336600000006,18633.67503968858,5622.336600000004,32.55196538004055
SKU0014,Apparel,2025-03-18,636.9720000000001,656.99,38.60000000000001,37.23362350040712,24587.11920000001,24462.118303532476,5287.119200000005,5845.306553328914
SKU0015,Apparel,2025-03-18,1866.5980000000004,2120.99,26.90000000000001,22.98256432223724,50211.48620000003,48745.78910182196,7171.486200000014,11973.686186242376
SKU0016,Apparel,2025-03-18,2908.4960000000005,2883.49,26.90000000000001,27.19277457793865,78238.54240000003,78410.09356774032,19058.54240000002,18585.98949627528
SKU0017,Apparel,2025-03-18,3563.9940000000006,3778.49,39.30000000000001,36.485984151018464,140064.96420000007,137861.92625478175,30024.96420000003,35701.17063193005
SKU0018,Apparel,2025-03-18,2388.6600000000003,2725.99,32.800000000000004,27.831318981220956,78348.04800000002,75867.89722961851,16028.048000000012,22988.391165298694
SKU0019,Apparel,2025-03-18,2030.3640000000005,1977.99,28.9,29.833390418323237,58677.519600000014,59010.14791353918,15327.519600000014,14260.062286054324
SKU0020,Home & Kitchen,2025-03-18,6326.511,6733.99,20.4,18.705325614327855,129060.8244,125961.47563362762,27060.824400000005,32434.847561988354
SKU0021,Home & Kitchen,2025-03-18,4612.492,5307.99,24.9,20.64094227968279,114851.0508,109561.91521113344,20231.050800000005,31126.334548338844
SKU0022,Home & Kitchen,2025-03-18,4195.299000000001,4171.99,24.700000000000003,24.879075243252142,103623.88530000004,103795.2531240955,24583.885300000024,24182.212345688644
SKU0023,Home & Kitchen,2025-03-18,7722.146000000002,9601.49,22.200000000000003,16.08583800580899,171431.64120000004,154448.01275439496,27131.64120000004,49890.06571663653
SKU0024,Home & Kitchen,2025-03-18,2237.3890000000006,2498.49,30.90000000000001,26.957821406006264,69135.32010000004,67353.84720469259,13515.320100000023,18829.76867388131
SKU0025,Home & Kitchen,2025-03-18,1924.5420000000004,1824.49,19.200000000000003,20.50681834824815,36951.20640000001,37414.48500819527,10071.206400000008,8704.939320647858
SKU0026,Beauty & Personal Care,2025-03-18,1173.228,1178.49,41.50000000000001,41.3346820566955,48688.962000000014,48712.50945699508,11338.962000000005,11511.29560596913
SKU0027,Beauty & Personal Care,2025-03-18,573.3700000000001,660.99,54.60000000000001,48.111039343347386,31306.00200000001,31800.91589555919,4006.0020000000072,7745.3962238854965
SKU0028,Beauty & Personal Care,2025-03-18,709.3160000000001,909.49,51.30000000000001,40.03396705812917,36387.91080000001,36410.4926996979,3042.9108000000083,10388.414111913939
SKU0029,Beauty & Personal Care,2025-03-18,2160.047,2484.49,40.50000000000001,35.22606016577652,87481.90350000001,87518.7942212701,14581.903500000004,24111.885922872363
SKU0030,Beauty & Personal Care,2025-03-18,2939.7990000000004,2773.49,42.900000000000006,45.46580809285059,126117.37710000004,126098.96408744017,31737.377100000023,26074.186283168874
SKU0031,Beauty & Personal Care,2025-03-18,484.073,579.99,42.00000000000001,35.345668850967016,20331.066000000003,20500.13447687236,1431.0659999999993,4594.583493937203
SKU0032,Sports & Fitness,2025-03-18,3940.083000000001,3978.49,9.6,9.4720061330131,37824.79680000001,37684.28168013129,9024.79680000001,9268.263281091986
SKU0033,Sports & Fitness,2025-03-18,1143.756,1195.99,32.5,30.81495902755247,37172.07,36854.382847362474,7922.070000000002,9120.919722565255
SKU0034,Sports & Fitness,2025-03-18,1835.194,2447.99,54.20000000000001,38.088295029272544,99467.51480000002,93239.76534870888,1907.514799999998,24680.834296018307
SKU0035,Sports & Fitness,2025-03-18,845.3820000000001,893.99,31.40000000000001,29.39160402053599,26544.99480000001,26275.80007831897,4564.994800000003,5701.677263943777
SKU0036,Sports & Fitness,2025-03-18,3603.2580000000007,3375.49,26.700000000000006,29.020270928820143,96206.98860000004,97957.6343175231,26786.988600000026,22504.929902590728
SKU0037,Sports & Fitness,2025-03-18,611.946,754.99,38.50000000000001,30.088965966948475,23559.921000000006,22716.86841538643,2384.9210000000016,6167.937133564768
SKU0038,Books & Stationery,2025-03-18,562.422,508.99,60.000000000000014,67.308284833997,33745.32000000001,34259.24389765614,6745.320000000003,3970.5157223574843
SKU0039,Books & Stationery,2025-03-18,387.61500000000007,300.49,52.70000000000001,70.51371384029065,20427.310500000007,21188.665871868936,4617.310500000004,34.55171978174306
SKU0040,Books & Stationery,2025-03-18,522.4610000000001,684.99,78.80000000000001,57.641422617751566,41169.926800000016,39483.79807893364,1769.9268000000102,10663.086770057862
SKU0041,Books & Stationery,2025-03-18,300.39200000000005,250.49,48.900000000000006,60.18845714845985,14689.168800000005,15076.606631117707,2464.1688000000026,29.492344002745874
SKU0042,Books & Stationery,2025-03-18,938.9420000000002,1008.99,47.2,43.37491780662999,44318.06240000002,43764.858317711594,6558.062400000012,9064.9240724076
SKU0043,Books & Stationery,2025-03-18,725.923,883.49,56.2,44.67596576456122,40796.8726,39470.76899333219,4266.872600000001,10431.391246367399
SKU0044,Pet Supplies,2025-03-18,1902.0760000000005,2024.99,60.70000000000002,56.55109577496363,115456.01320000006,114515.4034333436,18336.013200000034,24033.650193401794
SKU0045,Pet Supplies,2025-03-18,1341.3120000000004,1439.49,47.400000000000006,44.64707203045202,63578.188800000025,64269.013717115384,11438.188800000018,15157.234483618158
SKU0046,Pet Supplies,2025-03-18,577.5160000000001,614.99,41.30000000000001,39.30225128123855,23851.41080000001,24170.491515448895,5266.410800000004,6484.478438891549
SKU0047,Pet Supplies,2025-03-18,443.05500000000006,427.99,47.2,48.49864840338171,20912.196000000004,20756.936530163337,4392.196000000004,3782.40958897974
SKU0048,Pet Supplies,2025-03-18,1075.765,1146.49,44.000000000000014,41.28682631654008,47333.66000000002,47334.933503650034,7733.660000000007,10176.789818763964
SKU0049,Pet Supplies,2025-03-18,2326.9870000000005,2389.49,50.50000000000001,49.22247059417448,117512.84350000005,117616.60126007398,26612.84350000003,29016.154190559904
SKU0001,Electronics,2025-03-19,10715.591,10939.49,28.700000000000003,27.8288043499087,307537.46170000004,304432.9268977827,77937.46170000001,81802.49209851312
SKU0002,Electronics,2025-03-19,21008.947000000007,25595.99,21.1,14.183658390712605,443288.78170000017,363044.77833209594,63488.78170000016,107738.92729926907
SKU0003,Electronics,2025-03-19,36251.93400000001,36529.99,9.6,9.406710840650092,348018.56640000007,343627.05294183944,60018.566400000076,61425.72772233668
SKU0004,Electronics,2025-03-19,13585.745000000004,11511.99,7.800000000000001,10.250279347673176,105968.81100000005,118001.11334762012,35768.81100000004,25748.59921856154
SKU0005,Electronics,2025-03-19,6857.144000000001,8174.99,25.500000000000004,19.86630071096144,174857.17200000005,162406.80964910265,21857.17200000003,43209.00538333402
SKU0006,Electronics,2025-03-19,47850.66100000001,47785.99,30.800000000000004,30.926878592361664,1473800.3588000005,1477871.5111458085,180200.35880000025,178942.6102666186
SKU0007,Electronics,2025-03-19,16191.318000000005,15012.99,15.8,17.936429647796725,255822.8244000001,269279.43893807573,66222.82440000009,54042.28316451505
SKU0008,Groceries,2025-03-19,718.3240000000002,777.99,57.60000000000001,52.85453235583674,41375.46240000002,41120.29762751742,9695.462400000011,12050.304831807218
SKU0009,Groceries,2025-03-19,1090.514,1137.49,76.20000000000002,73.63003826316229,83097.1668,83753.43222396447,18327.166799999995,21167.899700276528
SKU0010,Groceries,2025-03-19,621.0210000000001,488.49,63.00000000000001,81.95279618352812,39124.32300000001,40033.12140769165,12664.323000000006,5612.9470106098415
SKU0011,Groceries,2025-03-19,659.4220000000001,682.49,53.50000000000001,51.8762353501455,35279.07700000001,35405.0118641208,7459.077000000008,8429.369482045142
SKU0012,Groceries,2025-03-19,476.9900000000001,412.49,51.70000000000001,59.83043921971549,24660.383000000013,24679.45787374044,6048.383000000007,3140.4997546428663
SKU0013,Groceries,2025-03-19,396.7800000000001,280.49,57.30000000000001,80.81078600757733,22735.49400000001,22666.617367265368,6691.494000000006,39.59728514371363
SKU0014,Apparel,2025-03-19,639.792,677.49,36.400000000000006,34.047370135567284,23288.428800000005,23066.75279314548,5088.4288000000015,6043.067725361838
SKU0015,Apparel,2025-03-19,1887.301,2120.99,45.7,39.670627982006486,86249.6557,84141.00524355593,13129.655699999998,20668.00047234555
SKU0016,Apparel,2025-03-19,2868.7290000000007,2883.49,35.7,35.472992256947414,102413.62530000003,102286.0184429853,23873.62530000003,24245.43547770098
SKU0017,Apparel,2025-03-19,3578.3080000000004,3778.49,33.5,31.25068693364109,119873.31800000001,118080.40807189351,26073.318000000014,30578.484657698464
SKU0018,Apparel,2025-03-19,2406.0390000000007,2725.99,34.00000000000001,29.11654733950192,81805.32600000004,79371.41688200884,17205.326000000026,24049.976936955183
SKU0019,Apparel,2025-03-19,2022.9120000000005,1977.99,29.100000000000005,29.90567451006044,58866.739200000025,59153.12512415445,15216.739200000016,14294.61335906379
SKU0020,Home & Kitchen,2025-03-19,6294.132000000001,6733.99,20.500000000000004,18.66359456113552,129029.70600000005,125680.45913874096,26529.706000000035,32362.486333063374
SKU0021,Home & Kitchen,2025-03-19,4650.182000000001,5307.99,25.800000000000004,21.6272727870308,119974.69560000004,114797.34768083162,21934.69560000002,32613.71109011457
SKU0022,Home & Kitchen,2025-03-19,4167.066000000001,4171.99,21.1,21.06749671110068,87925.09260000002,87893.38560374493,20405.092600000018,20477.396128222746
SKU0023,Home & Kitchen,2025-03-19,7750.938000000002,9601.49,28.800000000000004,21.06146302403758,223227.0144000001,202221.42661066656,36027.01440000006,65321.916954422304
SKU0024,Home & Kitchen,2025-03-19,2219.9150000000004,2498.49,24.300000000000004,20.96665089503404,53943.93450000002,52384.96759473359,10203.934500000012,14644.995983672321
SKU0025,Home & Kitchen,2025-03-19,1913.4520000000005,1824.49,17.900000000000002,18.98662861681066,34250.79080000001,34640.91404508488,9190.79080000001,8059.633981549957
SKU0026,Beauty & Personal Care,2025-03-19,1184.884,1178.49,36.00000000000001,36.17477498477189,42655.82400000001,42631.61057180382,10255.824000000002,10074.313085509122
SKU0027,Beauty & Personal Care,2025-03-19,571.2610000000002,660.99,39.8,34.92262488103593,22736.187800000007,23083.50582011594,2836.1878000000074,5622.193379597975
SKU0028,Beauty & Personal Care,2025-03-19,706.2890000000001,909.49,48.10000000000001,37.36286407217206,33972.500900000014,33981.15124499977,2707.5009000000055,9695.289598087928
SKU0029,Beauty & Personal Care,2025-03-19,2161.38,2484.49,53.50000000000001,46.60249620416495,115633.83000000002,115783.43579428576,19333.83000000001,31898.942626788856
SKU0030,Beauty & Personal Care,2025-03-19,2902.1800000000003,2773.49,32.300000000000004,33.80626677405381,93740.41400000002,93761.3428351705,22680.41400000001,19387.55593225211
SKU0031,Beauty & Personal Care,2025-03-19,489.16300000000007,579.99,45.70000000000001,38.85889432605023,22354.74910000001,22537.770120165875,1789.7491000000034,5051.26767344327
SKU0032,Sports & Fitness,2025-03-19,3910.147000000001,3978.49,15.6,15.243664712370029,60998.293200000015,60646.76762151703,14198.293200000013,14915.773484406945
SKU0033,Sports & Fitness,2025-03-19,1140.7130000000002,1195.99,19.500000000000004,18.409007807949664,22243.903500000008,22016.98924822972,4693.903500000005,5448.882221075021
SKU0034,Sports & Fitness,2025-03-19,1839.183,2447.99,39.70000000000001,27.89559019227974,73015.56510000002,68288.12583479888,1555.5651,18076.063488695345
SKU0035,Sports & Fitness,2025-03-19,858.0040000000001,893.99,31.500000000000004,30.00694935324138,27027.126000000007,26825.91265230426,4977.126000000005,5821.0481050352955
SKU0036,Sports & Fitness,2025-03-19,3591.8440000000005,3375.49,19.1,20.69868703515746,68604.22040000002,69868.21110030364,18944.22040000001,16051.624808894254
SKU0037,Sports & Fitness,2025-03-19,614.7460000000001,754.99,42.70000000000001,33.57404892398747,26249.65420000001,25348.0711971213,2764.6542000000045,6882.344288928191
SKU0038,Books & Stationery,2025-03-19,557.8530000000001,517.49,58.60000000000001,63.89645954390707,32690.18580000001,33065.77884937647,6320.185800000005,4312.3720546182885
SKU0039,Books & Stationery,2025-03-19,393.4100000000001,300.49,55.20000000000001,75.10371607479796,21716.232000000007,22567.91564331604,5156.232000000005,36.800820876651684
SKU0040,Books & Stationery,2025-03-19,521.7070000000001,699.49,66.10000000000001,47.068525059658576,34484.83270000001,32923.96259398058,1434.8327000000072,9389.70006415129
SKU0041,Books & Stationery,2025-03-19,301.01000000000005,250.49,56.80000000000001,70.03936779135537,17097.368000000006,17544.161238056608,2897.368000000003,34.319290217764774
SKU0042,Books & Stationery,2025-03-19,927.5700000000002,1008.99,50.400000000000006,45.66297261143244,46749.52800000001,46073.48273520922,6429.528000000009,9543.104646063266
SKU0043,Books & Stationery,2025-03-19,730.8500000000001,883.49,64.20000000000002,51.46908475000077,46920.57000000002,45472.42168577818,5190.57000000001,12017.51659827768
SKU0044,Pet Supplies,2025-03-19,1900.5060000000003,2024.99,52.400000000000006,48.76351317279151,99586.51440000003,98745.62653977108,15746.514400000018,20724.005463304664
SKU0045,Pet Supplies,2025-03-19,1335.4110000000005,1439.49,33.50000000000001,31.41897675688086,44736.26850000003,45227.302851762426,7886.268500000019,10666.428419193484
SKU0046,Pet Supplies,2025-03-19,575.048,614.99,32.50000000000001,30.81284980836275,18689.060000000005,18949.594503645007,4064.060000000001,5083.812089881771
SKU0047,Pet Supplies,2025-03-19,449.4790000000001,427.99,37.60000000000001,39.08099523328031,16900.410400000008,16726.27514989164,3740.4104000000048,3047.9268182435317
SKU0048,Pet Supplies,2025-03-19,1071.703,1146.49,51.80000000000001,48.43356528028295,55514.21540000001,55528.598258191596,8894.215400000001,11938.389505936944
SKU0049,Pet Supplies,2025-03-19,2328.025,2389.49,55.10000000000001,53.73148809695379,128274.17750000002,128390.8534927901,29094.17750000001,31674.17491827328
SKU0001,Electronics,2025-03-20,10779.258000000002,11108.49,20.800000000000004,19.87589943345911,224208.56640000007,220791.2300975862,57808.56640000005,61784.03462991331
SKU0002,Electronics,2025-03-20,21430.950000000004,26076.49,27.000000000000004,18.284407562877742,578635.6500000001,476793.17096930585,92635.65000000013,147673.8348375065
SKU0003,Electronics,2025-03-20,37809.406,38682.49,19.5,18.40324479941273,737283.417,711883.3329208349,152283.41700000004,159785.988938453
SKU0004,Electronics,2025-03-20,13570.788,11456.49,10.8,14.169309131001173,146564.51040000003,162330.54836622364,49364.51040000001,34806.76618721307
SKU0005,Electronics,2025-03-20,6946.5430000000015,8354.49,24.6,18.91878313561577,170884.95780000003,158056.78451867058,23284.957800000037,44544.085704975965
SKU0006,Electronics,2025-03-20,49622.175,49265.99,32.0,32.707411784156264,1587909.6,1611363.0218841245,243909.6000000001,237651.7269495615
SKU0007,Electronics,2025-03-20,16931.105000000003,14965.49,17.200000000000003,21.12998131793135,291215.0060000001,316220.52411368844,84815.00600000007,62660.74829851223
SKU0008,Groceries,2025-03-20,718.9620000000001,760.49,71.20000000000002,67.03418897084251,51190.094400000016,50978.83037043602,12030.09440000001,14110.026436472639
SKU0009,Groceries,2025-03-20,1119.3450000000005,1152.99,79.9,77.99936008360545,89435.66550000005,89932.48218279626,21520.66550000004,23633.02611173162
SKU0010,Groceries,2025-03-20,599.3280000000001,467.99,54.30000000000001,71.2438927982523,32543.51040000001,33341.4293906541,9737.510400000006,3418.994415388129
SKU0011,Groceries,2025-03-20,650.125,673.99,58.400000000000006,56.54586283433144,37967.3,38111.34609171104,7599.300000000001,8707.497417858698
SKU0012,Groceries,2025-03-20,477.58,385.99,64.70000000000002,80.07318185415605,30899.426000000007,30907.447463885692,7607.426000000001,2081.1019963895164
SKU0013,Groceries,2025-03-20,396.051,280.49,62.70000000000002,88.22794867555174,24832.397700000005,24747.05732400551,7276.397700000001,43.23169485102116
SKU0014,Apparel,2025-03-20,640.4260000000002,609.49,27.100000000000005,28.72388488417701,17355.54460000001,17506.920598057048,3805.544600000005,3144.978155968541
SKU0015,Apparel,2025-03-20,1880.8580000000004,2107.99,34.60000000000001,30.104076514197736,65077.68680000003,63459.09225116368,9717.686800000016,15292.569828447302
SKU0016,Apparel,2025-03-20,2872.0320000000006,2850.49,23.300000000000004,23.52218974050543,66918.34560000003,67049.76663341331,15658.345600000017,15300.94920430137
SKU0017,Apparel,2025-03-20,3480.5250000000005,3836.99,35.7,31.525084078347305,124254.74250000002,120961.43235777783,24294.742500000022,32691.196938405366
SKU0018,Apparel,2025-03-20,2321.5120000000006,2710.99,41.7,34.42872375175849,96807.05040000004,93335.92580377974,17577.050400000026,27921.35067543861
SKU0019,Apparel,2025-03-20,2006.447,1974.49,36.400000000000006,37.11300572701018,73034.6708,73279.25867792434,18434.6708,17609.750087409062
SKU0020,Home & Kitchen,2025-03-20,6233.011000000001,6949.49,23.200000000000003,19.958303387378585,144605.85520000005,138700.0298075536,28605.855200000035,38908.51287066067
SKU0021,Home & Kitchen,2025-03-20,4695.359000000001,5353.99,19.000000000000004,15.908485084358208,89211.82100000004,85173.870056803,17011.82100000003,24721.626736241808
SKU0022,Home & Kitchen,2025-03-20,4276.969000000001,4287.49,15.900000000000002,15.848330364950332,68003.80710000002,67949.55795642089,17123.807100000016,17234.900788579835
SKU0023,Home & Kitchen,2025-03-20,7289.889000000001,9436.99,23.000000000000004,15.70196119769582,167667.44700000004,148179.25080304345,18167.447000000026,46116.503018020645
SKU0024,Home & Kitchen,2025-03-20,2217.945,2508.49,29.40000000000001,25.24115303138317,65207.58300000003,63317.17996769436,12287.583000000008,17883.104511204656
SKU0025,Home & Kitchen,2025-03-20,1843.5220000000004,1813.99,24.500000000000004,24.98814139149678,45166.28900000002,45328.238602761245,10866.289000000012,10344.840654665752
SKU0026,Beauty & Personal Care,2025-03-20,1187.3490000000002,1196.49,34.80000000000001,34.56167582716833,41319.74520000002,41352.699510448634,9999.745200000008,10247.191265997139
SKU0027,Beauty & Personal Care,2025-03-20,565.0060000000001,659.49,50.400000000000006,43.91175776484714,28476.302400000008,28959.36512833904,3276.3024000000046,7003.48624591547
SKU0028,Beauty & Personal Care,2025-03-20,724.3380000000002,905.99,52.000000000000014,41.60230894157499,37665.57600000002,37691.275877977525,3865.576000000011,10649.775065953781
SKU0029,Beauty & Personal Care,2025-03-20,2159.3950000000004,2516.49,40.400000000000006,34.68187408186562,87239.55800000003,87276.58930827401,14519.55800000002,24849.21596091589
SKU0030,Beauty & Personal Care,2025-03-20,2989.483,2780.49,34.400000000000006,36.99303263425267,102838.21520000002,102858.75730921321,27158.21520000001,21474.085513857324
SKU0031,Beauty & Personal Care,2025-03-20,476.7960000000001,581.99,38.400000000000006,31.73203724047864,18308.96640000001,18467.728353586164,1028.9664000000041,4188.311595370776
SKU0032,Sports & Fitness,2025-03-20,3915.769,3899.99,21.000000000000004,21.111527093521996,82231.149,82334.74454946484,19231.148999999998,19000.163268898857
SKU0033,Sports & Fitness,2025-03-20,1148.2870000000005,1212.99,26.500000000000004,24.81187076656941,30429.605500000016,30096.551121141027,6579.605500000014,7765.867431228559
SKU0034,Sports & Fitness,2025-03-20,1842.2140000000004,2492.99,52.80000000000001,36.44542904106393,97268.89920000004,90858.09014508197,2228.899200000021,25256.317871166884
SKU0035,Sports & Fitness,2025-03-20,843.1630000000001,911.49,33.10000000000001,30.190267202440943,27908.69530000001,27518.126652352894,4738.695300000006,6384.9396106442355
SKU0036,Sports & Fitness,2025-03-20,3475.665000000001,3376.99,21.500000000000004,22.31262590560081,74726.79750000003,75349.51455695488,18826.797500000022,17336.687202392768
SKU0037,Sports & Fitness,2025-03-20,623.2370000000001,760.99,35.2,27.830228812990107,21937.942400000004,21178.52582439734,2577.942400000003,5871.899977252783
SKU0038,Books & Stationery,2025-03-20,549.4080000000001,498.49,65.4,73.13891795678025,35931.28320000001,36459.01921227539,6501.283200000009,3546.506131724275
SKU0039,Books & Stationery,2025-03-20,392.3330000000001,300.49,47.20000000000001,64.06934524203875,18518.11760000001,19252.197551780224,4358.117600000005,31.39397916859957
SKU0040,Books & Stationery,2025-03-20,512.0360000000001,653.99,69.00000000000001,51.99409512906152,35330.48400000001,34003.618273454944,830.4840000000042,8006.570708924184
SKU0041,Books & Stationery,2025-03-20,288.074,250.49,58.8,68.96031914428283,16938.7512,17273.87034245141,2238.7512000000006,33.790556380699215
SKU0042,Books & Stationery,2025-03-20,945.381,1024.99,74.20000000000002,67.52779132242334,70147.27020000001,69215.3108275707,10787.2702,15193.077769632027
SKU0043,Books & Stationery,2025-03-20,722.1390000000001,908.49,61.70000000000001,47.20350141830875,44555.97630000002,42883.909003519315,4450.976300000008,12201.63308161863
SKU0044,Pet Supplies,2025-03-20,1809.4880000000005,2010.99,39.60000000000001,35.103772435502734,71655.72480000004,70593.33533007164,8295.724800000022,14427.29943326727
SKU0045,Pet Supplies,2025-03-20,1347.5460000000005,1447.99,68.60000000000001,64.57321303261195,92441.65560000004,93501.36673909177,16981.65560000004,22470.832403218632
SKU0046,Pet Supplies,2025-03-20,585.9150000000001,612.99,42.50000000000001,41.0138065643634,24901.387500000008,25141.05328588912,5776.387500000004,6684.840331925591
SKU0047,Pet Supplies,2025-03-20,428.8430000000001,421.99,38.50000000000001,38.9920363087722,16510.455500000007,16454.24940193878,3035.455500000003,2807.036693868511
SKU0048,Pet Supplies,2025-03-20,1117.391,1134.49,59.80000000000001,58.90484383316323,66819.98180000002,66826.95628028535,12999.981800000007,13812.596830438446
SKU0049,Pet Supplies,2025-03-20,2259.0540000000005,2404.49,47.10000000000001,44.33839447551517,106401.44340000005,106611.22613243147,21621.44340000003,26802.116076504157
SKU0001,Electronics,2025-03-21,10796.129,11165.99,18.300000000000004,17.38635957814123,197569.16070000007,194135.9171859292,51169.16070000003,55045.04056079935
SKU0002,Electronics,2025-03-21,21227.522,26225.99,35.2,23.21949837153239,747208.7744000001,608954.3320968248,113608.77440000004,191003.36140924174
SKU0003,Electronics,2025-03-21,37873.395,37880.49,22.6,22.5893550692984,855938.727,855695.8388090073,177938.72699999993,178015.18673005528
SKU0004,Electronics,2025-03-21,13661.234000000002,11435.99,18.700000000000003,24.643776950264048,255465.07580000008,281825.98676545016,87165.07580000005,60031.99421307371
SKU0005,Electronics,2025-03-21,6950.743,8396.99,23.300000000000004,17.79272431490516,161952.31190000003,149405.3281450155,22152.31190000001,42648.98225558452
SKU0006,Electronics,2025-03-21,48295.403000000006,47802.99,20.200000000000003,20.849430509009807,975567.1406000003,996665.1181278906,127167.14060000013,120989.03674947878
SKU0007,Electronics,2025-03-21,17011.356000000003,14918.99,21.800000000000004,27.069798443012587,370847.56080000015,403854.0522733203,109247.5608000001,79016.47095716931
SKU0008,Groceries,2025-03-21,718.84,753.99,48.10000000000001,45.68087519032061,34576.204000000005,34442.92308474984,8121.204000000003,9318.441730073502
SKU0009,Groceries,2025-03-21,1114.044,1157.99,50.50000000000001,48.92506494795509,56259.222000000016,56654.73595908252,13334.222000000007,15068.43075332069
SKU0010,Groceries,2025-03-21,595.2780000000001,481.49,63.90000000000001,80.61991358330178,38038.26420000002,38817.682191223976,11200.26420000001,4957.318486237227
SKU0011,Groceries,2025-03-21,657.0380000000001,671.99,44.00000000000001,43.11804166319402,28909.67200000001,28974.89281724975,6029.672000000007,6553.51115238886
SKU0012,Groceries,2025-03-21,477.68500000000006,404.49,58.70000000000001,69.35700818119929,28040.10950000001,28054.216239213303,6908.109500000005,3085.693293981557
SKU0013,Groceries,2025-03-21,402.63200000000006,280.49,68.10000000000001,97.3635966088395,27419.239200000007,27309.515212813392,8351.239200000005,47.708162338332244
SKU0014,Apparel,2025-03-21,651.9410000000001,645.49,29.90000000000001,30.250673875630632,19493.03590000001,19526.507479980817,4543.035900000005,4401.170542165501
SKU0015,Apparel,2025-03-21,1916.1310000000003,2107.49,33.7,30.00088439804933,64573.61470000001,63226.563860044975,10653.614700000011,15225.148823166048
SKU0016,Apparel,2025-03-21,2896.0930000000008,2849.49,31.800000000000004,32.44963378885849,92095.75740000003,92464.90698501437,22135.757400000028,21075.712649525696
SKU0017,Apparel,2025-03-21,3472.2650000000003,3854.99,38.8,33.96551225303353,134723.882,130936.71008032172,26083.882000000012,35833.27577182784
SKU0018,Apparel,2025-03-21,2328.5420000000004,2705.99,38.2,31.715923627788023,88950.30440000002,85822.9721775581,16370.304400000015,25562.71728476086
SKU0019,Apparel,2025-03-21,2033.1900000000005,1974.49,31.200000000000006,32.32891621764407,63435.52800000003,63833.12178257604,16635.52800000002,15339.747456109935
SKU0020,Home & Kitchen,2025-03-21,6180.636000000001,7014.49,21.40000000000001,17.949636483579894,132265.6104000001,125907.54561770633,25265.610400000038,36159.36319980686
SKU0021,Home & Kitchen,2025-03-21,4776.731000000001,5362.99,19.800000000000004,16.937014456475428,94579.27380000004,90833.03915993315,19339.273800000017,26472.384225326525
SKU0022,Home & Kitchen,2025-03-21,4312.529,4325.49,23.100000000000005,23.01003225732576,99619.41990000004,99529.66442874,25699.419900000015,25897.561205297567
SKU0023,Home & Kitchen,2025-03-21,7454.249000000002,9381.49,31.40000000000001,22.45830913255481,234063.41860000012,210692.4025439716,29963.41860000006,64713.393182365355
SKU0024,Home & Kitchen,2025-03-21,2198.357,2511.49,27.500000000000004,23.30691685970468,60454.817500000005,58535.0886239797,10954.817500000001,16582.638276511276
SKU0025,Home & Kitchen,2025-03-21,1837.1510000000003,1810.99,24.500000000000007,24.933068532214044,45010.19950000002,45153.537781154315,10710.19950000001,10247.24183605465
SKU0026,Beauty & Personal Care,2025-03-21,1169.8570000000002,1203.49,48.80000000000001,47.58569594007771,57089.02160000002,57268.90920692413,13169.021600000013,14441.782860854186
SKU0027,Beauty & Personal Care,2025-03-21,575.923,657.99,48.000000000000014,42.62226471104114,27644.304000000007,28045.02395721796,3644.304000000001,6733.89160169739
SKU0028,Beauty & Personal Care,2025-03-21,725.4030000000001,906.99,50.2,40.1701295508666,36415.23060000001,36433.905801340494,3785.230600000007,10323.321593277207
SKU0029,Beauty & Personal Care,2025-03-21,2137.4350000000004,2519.49,35.50000000000001,30.11187519017087,75878.94250000003,75866.5684228836,11978.942500000017,21665.193080576035
SKU0030,Beauty & Personal Care,2025-03-21,2961.9480000000003,2776.99,43.30000000000001,46.175674245357285,128252.34840000005,128229.38562261472,32992.348400000024,26642.90228282869
SKU0031,Beauty & Personal Care,2025-03-21,476.0700000000001,580.99,41.2,34.06457952118006,19614.084000000006,19791.180056010402,1074.0840000000044,4462.119271479376
SKU0032,Sports & Fitness,2025-03-21,3920.899,3874.99,39.10000000000001,39.69585202903797,153307.15090000004,153821.02965400185,36007.1509,34733.47356688793
SKU0033,Sports & Fitness,2025-03-21,1154.3780000000002,1215.99,21.9,20.564415141523654,25280.878200000003,25006.123167941347,5570.878200000003,6498.14954057006
SKU0034,Sports & Fitness,2025-03-21,1855.933,2520.99,33.7,23.04333272694647,62544.94210000001,58092.011371304776,1884.9421,16614.01246280113
SKU0035,Sports & Fitness,2025-03-21,838.4850000000001,916.49,30.200000000000003,27.17955253308769,25322.247000000007,24909.788101049537,4182.247000000004,5884.101327888155
SKU0036,Sports & Fitness,2025-03-21,3433.1250000000005,3388.99,20.6,20.94704987325727,70722.37500000001,70989.34254997016,17162.37500000001,16527.01287950125
SKU0037,Sports & Fitness,2025-03-21,622.2360000000001,760.99,27.6,21.735782161341717,17173.713600000003,16540.712866959435,1993.713600000003,4586.032678221489
SKU0038,Books & Stationery,2025-03-21,556.2370000000001,510.49,62.8,69.31878525881615,34931.683600000004,35386.54668677306,6671.683600000005,4193.093320305789
SKU0039,Books & Stationery,2025-03-21,394.7900000000001,300.49,40.80000000000001,55.82738532271378,16107.432000000008,16775.571015622263,3867.4320000000043,27.35541880813026
SKU0040,Books & Stationery,2025-03-21,509.6740000000001,692.99,77.30000000000001,54.20633177934448,39397.80020000001,37564.44585976793,747.8002000000072,10461.279970095691
SKU0041,Books & Stationery,2025-03-21,288.49100000000004,250.49,64.4,75.6361507456743,18578.820400000004,18946.099400283954,2478.820400000003,37.061713865381094
SKU0042,Books & Stationery,2025-03-21,933.0030000000002,1029.99,62.400000000000006,55.58899128145275,58219.38720000001,57256.105129983516,8299.38720000001,12784.912104821318
SKU0043,Books & Stationery,2025-03-21,717.0770000000001,911.99,68.10000000000001,51.46597388390495,48832.94370000001,46936.45352238248,4567.943700000008,13483.570497844259
SKU0044,Pet Supplies,2025-03-21,1815.012,2001.49,46.10000000000001,41.24790095482712,83672.05320000001,82557.26128207693,9912.053199999998,16560.619754353538
SKU0045,Pet Supplies,2025-03-21,1324.4500000000005,1454.49,48.80000000000001,45.07974704569293,64633.16000000004,65568.04128048991,10953.160000000027,15980.319530227689
SKU0046,Pet Supplies,2025-03-21,585.9730000000001,610.49,55.50000000000001,53.74571560610873,32521.50150000001,32811.22192037332,7546.501500000005,8625.649897624391
SKU0047,Pet Supplies,2025-03-21,434.365,419.99,42.00000000000001,43.12661213682724,18243.33,18112.745831346074,3543.330000000001,3018.431583456539
SKU0048,Pet Supplies,2025-03-21,1124.8770000000002,1133.99,37.10000000000001,36.8009336244669,41732.93670000001,41731.89072080922,8342.93670000001,8611.05045878901
SKU0049,Pet Supplies,2025-03-21,2287.6650000000004,2407.49,41.70000000000001,39.68324436526389,95395.63050000004,95537.01397692916,20335.63050000002,24107.17411945415
SKU0001,Electronics,2025-03-22,10770.222000000002,11165.99,20.300000000000004,19.221615710341812,218635.50660000008,214628.36880551957,56235.506600000044,60855.443122785065
SKU0002,Electronics,2025-03-22,21120.031000000003,26225.99,25.1,16.294443914565644,530112.7781000001,427337.9231589595,78312.77810000007,134037.93269677786
SKU0003,Electronics,2025-03-22,37657.898,37216.49,9.8,10.111098625298418,369047.40040000004,376299.60087743227,75047.40040000001,72966.64211847975
SKU0004,Electronics,2025-03-22,13579.114000000003,11435.99,7.1000000000000005,9.450026353998991,96411.70940000004,108070.40688406893,32511.709400000025,23020.169698078
SKU0005,Electronics,2025-03-22,6939.405000000001,8396.99,19.000000000000004,14.432969360439126,131848.69500000004,121193.49938991373,17848.695000000014,34595.683227278976
SKU0006,Electronics,2025-03-22,48509.83700000001,48212.49,23.6,24.049387852305355,1144832.1532000003,1159480.8713353933,153632.15320000018,149406.58153856845
SKU0007,Electronics,2025-03-22,16803.413000000004,14918.99,16.900000000000002,20.61200232999309,283977.6797000001,307510.2566411436,81177.67970000008,60166.22868122652
SKU0008,Groceries,2025-03-22,719.1270000000001,753.99,60.20000000000001,57.20930089850861,43291.44540000001,43135.24078446651,10181.445400000006,11670.12529028677
SKU0009,Groceries,2025-03-22,1128.7870000000005,1157.99,48.8,47.78926394385391,55084.80560000002,55339.48975434339,13604.805600000023,14718.615402067566
SKU0010,Groceries,2025-03-22,598.4150000000001,493.49,63.3,78.191658619024,37879.6695,38586.801611902156,11293.669500000004,5746.304991912074
SKU0011,Groceries,2025-03-22,661.6060000000001,671.99,56.000000000000014,55.22447093719939,37049.936000000016,37110.29222508862,7929.936000000008,8393.567337744937
SKU0012,Groceries,2025-03-22,477.7410000000001,412.49,69.80000000000001,80.84995360137482,33346.32180000001,33349.7973610311,8218.321800000009,4243.8140645361655
SKU0013,Groceries,2025-03-22,401.42800000000005,280.49,75.9,108.14693328761716,30468.385200000008,30334.133317843738,9216.385200000004,52.99199731093339
SKU0014,Apparel,2025-03-22,652.205,665.49,27.800000000000004,27.14844605397477,18131.299000000003,18067.01936445967,4231.299000000002,4492.796337472285
SKU0015,Apparel,2025-03-22,1892.5290000000005,2107.49,41.30000000000001,36.24011283405417,78161.44770000003,76375.67539664083,12081.447700000022,18391.494862154144
SKU0016,Apparel,2025-03-22,2925.6680000000006,2849.49,27.90000000000001,28.836642145452323,81626.13720000004,82169.72342704494,20246.137200000023,18729.110707049822
SKU0017,Apparel,2025-03-22,3504.572000000001,3854.99,32.00000000000001,28.32596492796829,112146.30400000006,109196.31153766847,22546.304000000036,29883.60973935726
SKU0018,Apparel,2025-03-22,2335.943,2705.99,42.10000000000001,35.10847361593384,98343.20030000003,95003.17851998081,18353.20030000001,28297.078649706506
SKU0019,Apparel,2025-03-22,2016.4810000000004,1974.49,30.700000000000003,31.49444461785741,61905.96670000002,62185.46595351328,15855.966700000015,14943.799026727163
SKU0020,Home & Kitchen,2025-03-22,6208.377,7014.49,14.6,12.27541556579257,90642.3042,86105.77973209633,17642.304200000006,24728.701903133475
SKU0021,Home & Kitchen,2025-03-22,4721.095000000001,5362.99,26.700000000000006,22.53195791410637,126053.23650000006,120838.66497377332,24593.236500000035,35217.22490016911
SKU0022,Home & Kitchen,2025-03-22,4278.9310000000005,4325.49,27.9,27.51281803680064,119382.17490000001,119006.41929000079,30102.174900000013,30965.401572238745
SKU0023,Home & Kitchen,2025-03-22,7374.487000000001,9381.49,25.800000000000004,18.112848039865696,190261.76460000005,169925.50275751963,22561.764600000028,52191.9904983926
SKU0024,Home & Kitchen,2025-03-22,2219.813,2511.49,26.800000000000004,22.98671090592904,59490.98840000001,57730.89457313172,11250.988400000004,16354.814942459449
SKU0025,Home & Kitchen,2025-03-22,1829.4310000000005,1810.99,24.000000000000004,24.29917555309612,43906.34400000002,44005.56393490154,10306.344000000014,9986.718160566974
SKU0026,Beauty & Personal Care,2025-03-22,1162.167,1203.49,47.900000000000006,46.43440146931986,55667.799300000006,55883.337824311755,12557.799299999997,14092.376501923884
SKU0027,Beauty & Personal Care,2025-03-22,571.695,657.99,49.60000000000001,43.75797420029985,28356.072000000007,28792.3094440553,3556.0720000000033,6913.322343905374
SKU0028,Beauty & Personal Care,2025-03-22,732.488,906.99,50.7,40.96834220226903,37137.1416,37157.876694035986,4182.141600000003,10528.454262561118
SKU0029,Beauty & Personal Care,2025-03-22,2140.4620000000004,2519.49,39.400000000000006,33.48352109329142,84334.20280000003,84361.3965593368,13414.20280000002,24091.05859141224
SKU0030,Beauty & Personal Care,2025-03-22,2950.023,2776.99,44.2,46.9450603070768,130391.01660000002,130365.9630221492,33151.01660000001,27086.830346580235
SKU0031,Beauty & Personal Care,2025-03-22,473.181,580.99,36.50000000000001,29.98342702176225,17271.1065,17420.07126537365,846.1064999999995,3927.5291055806374
SKU0032,Sports & Fitness,2025-03-22,3956.380000000001,3874.99,20.300000000000004,20.86175118771317,80314.51400000004,80839.07723487666,19414.514000000025,18253.823671737144
SKU0033,Sports & Fitness,2025-03-22,1156.186,1215.99,39.2,36.923963617114886,45322.4912,44899.17051877553,10042.491199999999,11667.603263372133
SKU0034,Sports & Fitness,2025-03-22,1875.833,2520.99,27.500000000000004,19.00130363582467,51585.40750000001,47902.09645287763,2085.4075000000025,13699.749908393223
SKU0035,Sports & Fitness,2025-03-22,850.6540000000002,916.49,31.40000000000001,28.75000226576276,26710.535600000014,26349.08957654891,4730.535600000008,6224.08799051498
SKU0036,Sports & Fitness,2025-03-22,3423.8480000000004,3388.99,22.90000000000001,23.20319243587995,78406.11920000004,78635.38713327279,18866.119200000016,18307.086799984914
SKU0037,Sports & Fitness,2025-03-22,618.6760000000002,760.99,42.30000000000001,33.197289043814855,26169.994800000015,25262.804989452667,2904.9948000000077,7004.296015354496
SKU0038,Books & Stationery,2025-03-22,563.32,522.49,60.400000000000006,65.86688421987486,34024.528000000006,34414.78833604242,6844.528000000004,4774.6904370987295
SKU0039,Books & Stationery,2025-03-22,393.2360000000001,300.49,41.2,56.11704523364562,16201.323200000006,16862.610922258173,3841.3232000000044,27.497352164486863
SKU0040,Books & Stationery,2025-03-22,508.5490000000001,693.49,53.00000000000001,36.94663324814624,26953.09700000001,25622.120691256936,453.0970000000049,7148.804067183816
SKU0041,Books & Stationery,2025-03-22,294.0930000000001,250.49,49.30000000000001,59.22851756822913,14498.784900000008,14836.151365665715,2173.784900000004,29.021973608432813
SKU0042,Books & Stationery,2025-03-22,930.5290000000002,1029.99,72.60000000000001,64.4930816616532,67556.40540000002,66427.22918068619,9476.405400000018,14832.763851363621
SKU0043,Books & Stationery,2025-03-22,716.95,911.99,74.80000000000001,56.54145078178434,53627.860000000015,51565.237698479505,5007.860000000004,14813.29469031968
SKU0044,Pet Supplies,2025-03-22,1814.1620000000005,2001.49,56.400000000000006,50.46002358024389,102318.73680000004,100995.23259562235,12078.73680000003,20259.19486723212
SKU0045,Pet Supplies,2025-03-22,1349.9420000000002,1454.49,44.8,42.05362084653324,60477.401600000005,61166.57098507413,11197.40160000001,14907.58805388757
SKU0046,Pet Supplies,2025-03-22,581.6830000000002,610.49,32.800000000000004,31.565874794393,19079.20240000001,19270.650903228983,4319.202400000007,5066.007245752133
SKU0047,Pet Supplies,2025-03-22,439.5420000000001,419.99,48.400000000000006,50.1580035008676,21273.832800000007,21065.859890329382,4333.832800000005,3510.5586650257237
SKU0048,Pet Supplies,2025-03-22,1125.0970000000002,1133.99,51.10000000000001,50.70091417120713,57492.45670000002,57494.32966100718,11502.456700000013,11863.506906920757
SKU0049,Pet Supplies,2025-03-22,2294.8450000000003,2407.49,42.7,40.75984428976064,97989.88150000002,98128.91752915583,21129.881500000014,24761.197807586683
SKU0001,Electronics,2025-03-23,10718.735000000002,11165.99,17.500000000000004,16.442623288230074,187577.86250000008,183598.1672101441,47577.862500000054,52057.180904303525
SKU0002,Electronics,2025-03-23,20999.963000000003,26225.99,22.90000000000001,14.665992702238166,480899.15270000027,384630.1779489711,68699.15270000011,120642.30930868415
SKU0003,Electronics,2025-03-23,37298.673,37465.99,12.2,12.058466019378082,455043.8106,451782.36729735904,89043.81060000003,90028.38671601654
SKU0004,Electronics,2025-03-23,13571.678000000004,11435.99,8.000000000000002,10.60171183635237,108573.42400000006,121241.07054340735,36573.424000000035,25825.66401623601
SKU0005,Electronics,2025-03-23,6976.730000000001,8396.99,26.500000000000007,20.375667820570754,184883.3450000001,171094.27893265442,25883.345000000045,48840.27200922989
SKU0006,Electronics,2025-03-23,48547.95800000001,48019.99,19.200000000000003,19.860923525131504,932120.7936000004,953721.3490675795,125720.79360000027,119562.56101205637
SKU0007,Electronics,2025-03-23,16625.642000000003,14918.99,20.800000000000004,24.88096304065677,345813.35360000015,371198.8387939279,96213.35360000009,72627.2823060467
SKU0008,Groceries,2025-03-23,716.4750000000001,753.99,61.00000000000001,57.74008621154638,43704.97500000001,43535.44760264385,10154.97500000001,11778.400186293346
SKU0009,Groceries,2025-03-23,1121.0510000000002,1157.99,55.400000000000006,53.95110859118415,62106.22540000002,62474.844237505335,15016.22540000001,16616.40193499881
SKU0010,Groceries,2025-03-23,596.3820000000001,462.99,66.4,87.60582853351735,39599.764800000004,40560.6225527332,11711.764800000004,3766.174568655912
SKU0011,Groceries,2025-03-23,664.4630000000002,671.99,60.00000000000001,59.39854995245671,39867.78000000001,39915.23158255139,8667.780000000013,9027.985607273897
SKU0012,Groceries,2025-03-23,476.69000000000005,387.49,62.80000000000001,77.28336140932221,29936.13200000001,29946.529712498264,7328.132000000005,2124.519605142268
SKU0013,Groceries,2025-03-23,393.628,280.49,55.500000000000014,77.66930307428223,21846.354000000003,21785.462819305423,6306.354000000001,38.057958506399
SKU0014,Apparel,2025-03-23,655.8330000000001,614.99,31.300000000000004,33.74487411708717,20527.572900000006,20752.76013326744,4877.572900000003,3880.323074723854
SKU0015,Apparel,2025-03-23,1900.9610000000005,2107.49,40.30000000000001,35.55164320637979,76608.72830000005,74924.73254101333,12128.728300000023,18042.10341080567
SKU0016,Apparel,2025-03-23,2904.7940000000003,2849.49,28.90000000000001,29.60298466612537,83948.54660000003,84353.40877627757,20368.546600000016,19226.842510801758
SKU0017,Apparel,2025-03-23,3475.509,3854.99,26.90000000000001,23.53936498651632,93491.19210000003,90744.01662937054,18171.192100000007,24833.794667124846
SKU0018,Apparel,2025-03-23,2318.264,2705.99,41.900000000000006,34.61378256400018,97135.26160000001,93664.54948035885,17525.26160000001,27898.3626087585
SKU0019,Apparel,2025-03-23,2044.9950000000003,1974.49,35.00000000000001,36.51675325947714,71574.82500000003,72101.96414330503,19074.825000000015,17326.83425408931
SKU0020,Home & Kitchen,2025-03-23,6207.122000000001,7014.49,26.200000000000003,22.1406941503771,162626.59640000004,155305.67771087866,31626.596400000035,44602.20695899316
SKU0021,Home & Kitchen,2025-03-23,4761.2210000000005,5362.99,24.800000000000004,21.156428513132106,118078.28080000004,113461.71455164235,23838.280800000015,33067.286201740346
SKU0022,Home & Kitchen,2025-03-23,4280.723,4325.49,15.200000000000005,14.991306480050676,65066.98960000002,64844.746266394395,16426.989600000004,16872.565530232234
SKU0023,Home & Kitchen,2025-03-23,7359.511000000002,9381.49,23.1,16.13830421667854,170004.70410000006,151401.33962572756,19854.704100000054,46502.362217317044
SKU0024,Home & Kitchen,2025-03-23,2193.6780000000003,2511.49,20.9,17.630448597878686,45847.870200000005,44278.69534908634,8227.870200000007,12543.887872904703
SKU0025,Home & Kitchen,2025-03-23,1849.0750000000005,1810.99,27.700000000000006,28.409978161975427,51219.377500000024,51450.18635155588,12439.377500000017,11676.216924790282
SKU0026,Beauty & Personal Care,2025-03-23,1172.19,1203.49,50.60000000000001,49.42923013126775,59312.81400000001,59487.58417067942,13772.814000000006,15001.27705253845
SKU0027,Beauty & Personal Care,2025-03-23,574.4170000000001,657.99,38.400000000000006,33.99581585716076,22057.61280000001,22368.90687585321,2857.612800000006,5370.998947272828
SKU0028,Beauty & Personal Care,2025-03-23,733.4570000000001,906.99,45.0,36.389473899062345,33005.565,33004.88893171056,3755.565000000005,9351.730897320032
SKU0029,Beauty & Personal Care,2025-03-23,2138.316,2519.49,43.30000000000001,36.775556213457484,92589.08280000002,92655.64612424398,14649.082799999995,26459.644940020517
SKU0030,Beauty & Personal Care,2025-03-23,2959.2580000000007,2776.99,39.900000000000006,42.516383862336525,118074.39420000004,118067.5728218699,30294.39420000003,24531.52832472954
SKU0031,Beauty & Personal Care,2025-03-23,473.4820000000001,580.99,55.400000000000006,45.62663581216746,26230.902800000007,26508.61914051117,1300.9028000000048,5976.633025035816
SKU0032,Sports & Fitness,2025-03-23,3917.703,3874.99,13.2,13.396290697945846,51713.679599999996,51910.49249163317,12113.6796,11721.620397795632
SKU0033,Sports & Fitness,2025-03-23,1148.2720000000002,1215.99,26.300000000000004,24.55071433112134,30199.55360000001,29853.42311950024,6529.553600000006,7757.7802214910325
SKU0034,Sports & Fitness,2025-03-23,1883.679,2520.99,42.7,29.822385158872137,80433.09330000001,75181.93476166506,3573.093300000004,21501.641475695214
SKU0035,Sports & Fitness,2025-03-23,843.3790000000001,916.49,34.400000000000006,31.186644282886725,29012.237600000008,28582.247618822854,4932.237600000005,6751.596620802147
SKU0036,Sports & Fitness,2025-03-23,3441.8340000000007,3388.99,21.800000000000004,22.23874678847148,75031.98120000002,75366.89047866195,18351.98120000002,17546.14882863611
SKU0037,Sports & Fitness,2025-03-23,624.414,760.99,32.400000000000006,25.65752973029471,20231.013600000002,19525.12354945697,2411.0136,5413.48219779488
SKU0038,Books & Stationery,2025-03-23,559.277,502.49,44.80000000000001,50.71003773168204,25055.609600000007,25481.286859792912,4895.609600000003,2661.769880535991
SKU0039,Books & Stationery,2025-03-23,391.7310000000001,300.49,58.30000000000001,78.91593814203175,22837.917300000012,23713.45025229912,5347.917300000007,38.66880968959627
SKU0040,Books & Stationery,2025-03-23,506.87600000000015,658.99,87.00000000000001,64.2900861644948,44098.21200000002,42366.52388154042,598.2120000000128,10221.480799293027
SKU0041,Books & Stationery,2025-03-23,291.154,250.49,50.7,60.210651349142665,14761.507800000001,15082.166056446747,2086.5078,29.503219161080455
SKU0042,Books & Stationery,2025-03-23,938.8710000000002,1029.99,52.500000000000014,47.09782248229303,49290.72750000002,48510.286178537004,7290.727500000013,10832.028192702575
SKU0043,Books & Stationery,2025-03-23,723.1350000000001,911.99,82.30000000000001,62.859959143583325,59514.01050000002,57327.65413935656,6019.010500000009,16468.680696027397
SKU0044,Pet Supplies,2025-03-23,1819.6650000000004,2001.49,46.00000000000001,41.27836029516746,83704.59000000003,82618.22534717472,10104.59000000002,16572.848874906784
SKU0045,Pet Supplies,2025-03-23,1352.764,1454.49,55.40000000000001,52.10985627815044,74943.12560000001,75793.26485800704,14003.125599999998,18472.42295204155
SKU0046,Pet Supplies,2025-03-23,583.416,610.49,36.80000000000001,35.50328970938338,21469.708800000008,21674.40333468146,4909.708800000003,5697.922965458939
SKU0047,Pet Supplies,2025-03-23,432.1490000000001,419.99,43.00000000000001,43.97567578196109,18582.407000000007,18469.344071665837,3532.4070000000056,3077.8575479794567
SKU0048,Pet Supplies,2025-03-23,1126.2220000000002,1133.99,52.7,52.34069857864365,59351.89940000002,59353.82878119611,11921.899400000011,12247.200060416828
SKU0049,Pet Supplies,2025-03-23,2269.6400000000003,2407.49,39.7,37.48809397039506,90104.70800000001,90252.2113527864,18644.708000000013,22773.64220607529
SKU0001,Electronics,2025-03-24,10685.454000000002,11165.99,21.6,20.21309944429629,230805.80640000006,225699.26626401793,58005.80640000004,63994.470709647605
SKU0002,Electronics,2025-03-24,21038.417,26225.99,25.100000000000005,16.16764232687616,528064.2667000002,424012.4259882309,76264.26670000005,132994.86410446005
SKU0003,Electronics,2025-03-24,37549.26200000001,35124.99,3.6000000000000005,4.402183688937195,135177.34320000006,154626.6580520821,27177.34320000004,22561.14738396623
SKU0004,Electronics,2025-03-24,13622.345,11435.99,4.500000000000001,6.129225278609492,61300.55250000001,70093.75899392537,20800.5525,14930.731486439934
SKU0005,Electronics,2025-03-24,6944.060000000001,8396.99,25.6,19.544572052484693,177767.93600000005,164115.57607899344,24167.936000000034,46848.14376408528
SKU0006,Electronics,2025-03-24,48921.009000000005,48379.99,24.700000000000003,25.555407966275805,1208348.9223000002,1236370.3818543437,170948.92230000015,163043.24727075992
SKU0007,Electronics,2025-03-24,16738.722,14918.99,13.700000000000005,16.64027169392935,229320.4914000001,248256.04699901503,64920.49140000004,48572.78667186283
SKU0008,Groceries,2025-03-24,713.2340000000002,753.99,50.30000000000001,47.370046565603936,35875.670200000015,35716.541409999714,8210.67020000001,9663.015798917548
SKU0009,Groceries,2025-03-24,1118.735,1157.99,52.60000000000001,51.13641261649325,58845.461,59215.45444577302,14135.460999999998,15749.503721753757
SKU0010,Groceries,2025-03-24,603.2320000000001,491.99,54.50000000000001,68.17558145191211,32876.14400000001,33541.70431852624,9986.144000000006,4907.960108723153
SKU0011,Groceries,2025-03-24,653.5360000000001,671.99,45.50000000000001,44.37483410376146,29735.888000000006,29819.444769386664,6075.888000000004,6744.531035430705
SKU0012,Groceries,2025-03-24,483.7220000000001,410.99,64.60000000000001,76.05276324487342,31248.44120000001,31256.925166010526,7992.4412000000075,3877.930397856096
SKU0013,Groceries,2025-03-24,397.965,280.49,72.9,103.00450964669952,29011.6485,28891.73491080275,8599.6485,50.4722097268837
SKU0014,Apparel,2025-03-24,646.1870000000001,656.49,26.100000000000005,25.617872771056117,16865.480700000007,16817.87729547063,3815.480700000004,4008.940909942572
SKU0015,Apparel,2025-03-24,1915.0650000000005,2107.49,25.000000000000007,22.213026521167915,47876.62500000003,46813.73126309617,7876.625000000015,11272.8888292275
SKU0016,Apparel,2025-03-24,2928.876,2849.49,32.10000000000001,33.21806873177955,94016.91960000004,94654.55467051851,23396.919600000012,21574.803460603496
SKU0017,Apparel,2025-03-24,3504.611000000001,3854.99,26.100000000000005,23.083169795680327,91470.34710000004,88985.38873064969,18390.347100000025,24352.513302744785
SKU0018,Apparel,2025-03-24,2338.1050000000005,2705.99,29.000000000000007,24.16150877680162,67805.04500000003,65380.801134937414,12705.045000000016,19473.934459014334
SKU0019,Apparel,2025-03-24,2040.3060000000005,1974.49,38.10000000000001,39.637487441502586,77735.65860000004,78263.82257837243,20585.658600000024,18807.59141611856
SKU0020,Home & Kitchen,2025-03-24,6202.948,7014.49,31.100000000000005,26.285152000406576,192911.68280000004,184376.93585533192,37411.68280000002,52951.175853299035
SKU0021,Home & Kitchen,2025-03-24,4757.063000000001,5362.99,26.300000000000004,22.418405826922516,125110.75690000005,120229.68626572718,25170.75690000003,35039.74412342162
SKU0022,Home & Kitchen,2025-03-24,4308.806000000001,4325.49,19.6,19.50101885030798,84452.59760000004,84351.46202681866,21732.59760000003,21948.201705833122
SKU0023,Home & Kitchen,2025-03-24,7361.237000000001,9381.49,32.400000000000006,22.759663716753213,238504.07880000008,213519.5575620831,27904.078800000036,65581.74340318721
SKU0024,Home & Kitchen,2025-03-24,2209.2480000000005,2511.49,20.500000000000004,17.445410766031767,45289.58400000002,43813.97468478112,8389.584000000012,12412.235305923938
SKU0025,Home & Kitchen,2025-03-24,1837.169,1810.99,17.6,17.91610289825088,32334.174400000004,32445.883187703363,7694.174400000003,7363.33913015213
SKU0026,Beauty & Personal Care,2025-03-24,1167.6130000000005,1203.49,37.00000000000001,36.01148062393224,43201.681000000026,43339.456816096215,9901.68100000002,10929.124254557197
SKU0027,Beauty & Personal Care,2025-03-24,575.442,657.99,41.80000000000001,37.07494396115251,24053.475600000005,24394.942376998744,3153.475600000001,5857.470396422486
SKU0028,Beauty & Personal Care,2025-03-24,735.5290000000001,906.99,36.900000000000006,29.890592231755797,27141.02010000001,27110.46824828019,3156.0201000000047,7681.583297638923
SKU0029,Beauty & Personal Care,2025-03-24,2119.5910000000003,2519.49,45.50000000000001,38.31427062994714,96441.39050000004,96532.42170944551,14541.390500000018,27566.734575540657
SKU0030,Beauty & Personal Care,2025-03-24,2938.625000000001,2776.99,43.10000000000001,45.60195381741567,126654.73750000006,126636.16973142514,31834.737500000047,26311.871333110656
SKU0031,Beauty & Personal Care,2025-03-24,472.5970000000001,580.99,55.400000000000006,45.545595893055975,26181.87380000001,26461.53575790659,1251.8738000000053,5966.0176060314025
SKU0032,Sports & Fitness,2025-03-24,3912.438000000001,3874.99,2.1000000000000005,2.137563631778425,8216.119800000004,8283.037697505079,1916.1198000000027,1870.3468021698034
SKU0033,Sports & Fitness,2025-03-24,1152.494,1215.99,39.2,36.78404605235206,45177.7648,44729.03215919958,9897.764799999997,11623.390712082728
SKU0034,Sports & Fitness,2025-03-24,1876.5590000000004,2520.99,51.7,36.00201353668074,97018.10030000002,90760.71610583678,3958.1003000000223,25957.09173981144
SKU0035,Sports & Fitness,2025-03-24,848.0430000000001,916.49,29.90000000000001,27.27302897238677,25356.485700000012,24995.45832290275,4426.485700000005,5904.3380422320115
SKU0036,Sports & Fitness,2025-03-24,3427.3780000000006,3388.99,23.40000000000001,23.74092234762401,80200.64520000004,80457.74842687428,19360.64520000002,18731.35032305186
SKU0037,Sports & Fitness,2025-03-24,622.5600000000001,760.99,19.90000000000001,15.624470669941743,12388.944000000007,11890.065935118968,1443.9440000000018,3296.6070666510086
SKU0038,Books & Stationery,2025-03-24,556.1640000000001,521.99,52.90000000000001,56.9173094603156,29421.07560000001,29710.266365190142,5616.0756000000065,4097.4771080481205
SKU0039,Books & Stationery,2025-03-24,394.3230000000001,300.49,58.00000000000001,79.10410548551363,22870.734000000008,23769.99265734199,5470.734000000006,38.761011687902396
SKU0040,Books & Stationery,2025-03-24,508.47000000000014,698.99,65.7,45.443544326308746,33406.479000000014,31764.58304864655,556.4790000000093,9042.810885492177
SKU0041,Books & Stationery,2025-03-24,289.24,250.49,60.80000000000001,71.6287821564262,17585.792000000005,17942.293642363198,2385.792000000001,35.09810325664949
SKU0042,Books & Stationery,2025-03-24,923.448,1029.99,63.80000000000001,56.158453165568034,58915.98240000001,57842.64517600342,7875.9824,12915.882643548992
SKU0043,Books & Stationery,2025-03-24,727.8600000000001,911.99,47.400000000000006,36.382477573403634,34500.56400000001,33180.45572216838,3690.5640000000067,9531.845299456018
SKU0044,Pet Supplies,2025-03-24,1812.453,2001.49,47.8,42.704173734747854,86635.25339999999,85471.97668836049,10155.253399999998,17145.298712763917
SKU0045,Pet Supplies,2025-03-24,1345.9480000000003,1454.49,43.7,40.91649724547926,58817.92760000002,59512.63607857713,10747.927600000015,14504.489108549944
SKU0046,Pet Supplies,2025-03-24,588.7650000000001,610.49,41.10000000000001,39.94230906965633,24198.241500000007,24384.380263934494,5703.2415000000055,6410.341182589145
SKU0047,Pet Supplies,2025-03-24,435.3620000000001,419.99,41.10000000000001,42.27922131326616,17893.378200000006,17756.850159358655,3508.378200000004,2959.122699715499
SKU0048,Pet Supplies,2025-03-24,1129.2,1133.99,43.10000000000001,42.91805643898558,48668.52000000001,48668.64682124526,9878.520000000004,10042.396026158236
SKU0049,Pet Supplies,2025-03-24,2295.2960000000003,2407.49,38.60000000000001,36.8489204811066,88598.42560000003,88713.40756905933,19118.425600000013,22385.35070306744
SKU0001,Electronics,2025-03-25,10406.809,11253.99,25.800000000000004,22.94424293475235,268495.67220000003,258214.2805452736,62095.67219999999,74660.33706725479
SKU0002,Electronics,2025-03-25,21474.788000000004,25327.49,19.4,13.908090763153623,416610.88720000006,352257.0297228658,67410.88720000007,101911.39598610057
SKU0003,Electronics,2025-03-25,35403.227000000006,37644.99,24.100000000000005,20.649707926357557,853217.7707000003,777358.0483906509,130217.77070000018,157866.8105999242
SKU0004,Electronics,2025-03-25,14385.812000000002,11620.49,13.000000000000002,18.214198436570573,187015.55600000004,211657.910790184,70015.55600000003,47730.12486104882
SKU0005,Electronics,2025-03-25,6796.516000000001,8402.99,32.50000000000001,24.104819187931483,220886.7700000001,202552.55458799636,25886.77000000005,57923.63946040747
SKU0006,Electronics,2025-03-25,48265.890000000014,47487.99,22.4,23.546656837376645,1081155.9360000002,1118183.4044267738,140355.9360000003,129223.8172569546
SKU0007,Electronics,2025-03-25,18058.233000000004,15187.49,9.3,12.550645757710948,167941.56690000003,190612.80693877744,56341.56690000004,40005.05784624607
SKU0008,Groceries,2025-03-25,648.354,768.99,75.60000000000002,62.944468991221626,49015.56240000002,48403.66720955952,7435.562400000005,13784.209264387624
SKU0009,Groceries,2025-03-25,1077.4070000000002,1139.99,61.30000000000001,58.53926169700088,66045.04910000002,66734.17294196403,13940.049100000011,16975.800499513287
SKU0010,Groceries,2025-03-25,580.2550000000001,431.49,62.40000000000001,86.31282020703124,36207.91200000001,37243.11879113191,9999.91200000001,991.7343041787897
SKU0011,Groceries,2025-03-25,615.1790000000001,688.99,60.20000000000001,54.39411827548899,37033.77580000001,37477.00355062916,5729.775800000006,9192.062047374886
SKU0012,Groceries,2025-03-25,465.5460000000001,361.49,62.70000000000001,80.7744525947266,29189.73420000001,29199.15686846772,6617.734200000008,120.35393436614336
SKU0013,Groceries,2025-03-25,354.5400000000001,280.49,83.10000000000001,104.72307246503574,29462.27400000001,29373.774595717878,6194.274000000007,51.31430550786847
SKU0014,Apparel,2025-03-25,598.9370000000001,588.99,43.30000000000001,44.14983217875297,25933.972100000014,26003.809654963716,4283.972100000006,3928.8935655872274
SKU0015,Apparel,2025-03-25,2135.9480000000003,2104.99,22.500000000000004,22.909840022834928,48058.830000000016,48224.98414966729,12058.830000000009,11569.240113131405
SKU0016,Apparel,2025-03-25,2985.5750000000007,2917.49,30.800000000000004,31.69936125418269,91955.71000000004,92482.56946546545,24195.710000000025,22743.974706263532
SKU0017,Apparel,2025-03-25,3442.3620000000005,3891.99,35.50000000000001,30.351562438221496,122203.85100000004,118127.97749393368,22803.851000000024,33143.60266691349
SKU0018,Apparel,2025-03-25,2345.1820000000007,2687.49,41.50000000000001,35.071998510233804,97325.05300000004,94255.64527626825,18475.053000000033,27618.84810682401
SKU0019,Apparel,2025-03-25,2078.501,2018.49,29.800000000000004,30.87989744758743,61939.329800000014,62330.76419898075,17239.329800000007,16010.918027599608
SKU0020,Home & Kitchen,2025-03-25,6686.984,6710.99,20.40000000000001,20.29887779111118,136414.47360000006,136225.5658673692,34414.47360000003,34731.176911813316
SKU0021,Home & Kitchen,2025-03-25,4410.901,5416.99,24.000000000000004,18.22193682337842,105861.62400000001,98708.04955287268,14661.623999999998,29464.68962403467
SKU0022,Home & Kitchen,2025-03-25,4814.844000000001,4256.99,17.500000000000004,20.56873720660973,84259.77000000003,87560.90860116555,28259.770000000022,21740.94954001441
SKU0023,Home & Kitchen,2025-03-25,7840.733000000001,9200.99,17.300000000000004,13.617747676774188,135644.68090000006,125296.76019652253,23194.680900000025,36781.40029749031
SKU0024,Home & Kitchen,2025-03-25,2366.6630000000005,2587.99,16.200000000000003,14.457074366191284,38339.940600000016,37414.76388895938,9179.940600000009,11392.030029815067
SKU0025,Home & Kitchen,2025-03-25,1743.399,1830.99,24.500000000000004,23.0737175931282,42713.2755,42247.74617584181,8413.275499999998,9944.541545462323
SKU0026,Beauty & Personal Care,2025-03-25,1117.0290000000002,1222.49,32.50000000000001,29.968587632825702,36303.44250000001,36636.29869525309,7053.442500000009,9664.569825709961
SKU0027,Beauty & Personal Care,2025-03-25,592.2710000000001,656.99,51.400000000000006,46.86599910278071,30442.729400000007,30790.4927505359,4742.729400000004,7357.493199145544
SKU0028,Beauty & Personal Care,2025-03-25,731.5310000000002,888.99,61.30000000000001,50.50654071585355,44842.85030000002,44899.80963098665,4997.850300000012,12070.558165681841
SKU0029,Beauty & Personal Care,2025-03-25,2048.804,2563.99,44.400000000000006,35.51243751427147,90966.89760000001,91053.53466221689,11046.897600000006,27131.147136528252
SKU0030,Beauty & Personal Care,2025-03-25,2734.6720000000005,2833.49,47.50000000000001,45.84946297432876,129896.92000000004,129913.99484313079,25396.920000000027,29045.176299607516
SKU0031,Beauty & Personal Care,2025-03-25,463.5340000000001,589.99,54.7,43.50673661366928,25355.309800000006,25668.53953469874,740.3098000000058,6090.508058547563
SKU0032,Sports & Fitness,2025-03-25,3779.272000000001,3917.99,24.300000000000004,23.183273492576795,91836.30960000004,90831.83371118095,18936.309600000022,21282.01323345057
SKU0033,Sports & Fitness,2025-03-25,1200.824,1203.49,21.500000000000004,21.442406594599284,25817.716000000004,25805.721912534293,6467.716000000002,6507.555977394937
SKU0034,Sports & Fitness,2025-03-25,1864.1070000000004,2428.99,46.8,33.81139070036297,87240.20760000001,82127.52989727464,3000.2076000000197,21267.026636621296
SKU0035,Sports & Fitness,2025-03-25,851.695,900.49,37.2,34.840072919877,31683.054000000004,31373.137263620043,5643.054000000002,6985.086219706141
SKU0036,Sports & Fitness,2025-03-25,3327.1560000000004,3460.99,33.800000000000004,32.14976555625839,112457.87280000003,111270.01709255471,24577.872800000016,27680.6266462829
SKU0037,Sports & Fitness,2025-03-25,581.6680000000001,736.99,38.0,28.778658741998846,22103.384000000005,21209.58370626573,1203.3840000000046,5381.321398166365
SKU0038,Books & Stationery,2025-03-25,517.5200000000001,466.49,66.50000000000001,74.92798702408945,34415.080000000016,34953.156666867486,4490.080000000007,1235.5625060272357
SKU0039,Books & Stationery,2025-03-25,377.3750000000001,300.49,54.10000000000001,70.19985509340897,20415.98750000001,21094.354457018464,4185.987500000007,34.39792899577103
SKU0040,Books & Stationery,2025-03-25,508.532,587.49,65.80000000000001,55.68781631545863,33461.405600000006,32716.035207168792,561.4055999999989,4872.127049439477
SKU0041,Books & Stationery,2025-03-25,281.99600000000004,250.49,73.00000000000001,83.52487622484826,20585.708000000006,20922.146245562242,2335.7080000000033,40.927189350176405
SKU0042,Books & Stationery,2025-03-25,905.92,1004.99,57.400000000000006,50.83445224004104,51999.808000000005,51088.11615671885,6079.807999999998,10420.554364686013
SKU0043,Books & Stationery,2025-03-25,768.1020000000001,914.49,47.400000000000006,38.63429752765945,36408.03480000001,35330.67874606929,5598.034800000005,10218.385353090647
SKU0044,Pet Supplies,2025-03-25,1768.8140000000003,2103.49,52.70000000000001,43.29080545282564,93216.49780000003,91061.77636196419,8896.497800000017,21796.48763744317
SKU0045,Pet Supplies,2025-03-25,1397.9430000000002,1468.49,37.2,35.67228022091815,52003.47960000001,52384.38678161609,11083.479600000008,13144.878538606128
SKU0046,Pet Supplies,2025-03-25,561.547,605.49,36.400000000000006,34.293367871594064,20440.310800000003,20764.29131257149,4060.3108000000016,5332.275770354161
SKU0047,Pet Supplies,2025-03-25,439.9480000000001,435.49,51.900000000000006,52.31568734386992,22833.30120000001,22782.95868138191,4668.301200000005,4472.46811102744
SKU0048,Pet Supplies,2025-03-25,1110.4900000000002,1146.49,49.00000000000001,47.46604627800695,54414.01000000002,54419.34739727219,10314.010000000013,11699.905747065934
SKU0049,Pet Supplies,2025-03-25,2265.2180000000008,2405.49,55.500000000000014,52.37278255407775,125719.59900000007,125982.20470600847,25819.59900000005,31711.196108668526
SKU0001,Electronics,2025-03-26,10399.612,11253.99,21.800000000000004,19.350196744534617,226711.54160000003,217766.92066102513,52311.54159999999,62965.3467047482
SKU0002,Electronics,2025-03-26,21394.889000000003,25327.49,23.000000000000004,16.415109956679196,492082.44700000016,415753.5332766928,78082.44700000007,120281.55405646727
SKU0003,Electronics,2025-03-26,35349.39200000001,36694.99,9.000000000000002,8.139493793572445,318144.5280000001,298678.6433602029,48144.52800000007,54493.829553029565
SKU0004,Electronics,2025-03-26,14444.447000000002,11620.49,6.000000000000001,8.665229655125199,86666.68200000003,100694.21455508581,32666.682000000015,22707.14765895903
SKU0005,Electronics,2025-03-26,6802.057000000001,8402.99,28.40000000000001,21.056714590437707,193178.41880000007,176939.36213630214,22778.41880000003,50599.0745936759
SKU0006,Electronics,2025-03-26,48077.081000000006,48013.99,19.300000000000004,19.378637797028627,927887.6633000004,930445.7214001545,117287.66330000013,116542.93392495216
SKU0007,Electronics,2025-03-26,18447.401000000005,15187.49,13.300000000000002,18.459400619917886,245350.43330000012,280351.9623209967,85750.43330000009,58839.15488198206
SKU0008,Groceries,2025-03-26,652.339,768.99,72.0,60.335642198077856,46968.408,46397.505493899895,7368.408000000004,13212.90228495707
SKU0009,Groceries,2025-03-26,1088.662,1139.99,57.70000000000001,55.5687371310435,62815.79740000001,63347.80464201828,13770.797400000005,16114.378080631304
SKU0010,Groceries,2025-03-26,578.4380000000001,420.49,92.5,130.9595376163603,53505.51500000001,55067.17597230335,14655.51500000001,64.17017343201775
SKU0011,Groceries,2025-03-26,610.1270000000002,688.99,50.000000000000014,44.828171711461565,30506.350000000017,30886.162027479902,4506.35000000001,7575.51273751989
SKU0012,Groceries,2025-03-26,468.9840000000001,365.99,55.80000000000001,71.55696821765287,26169.30720000001,26189.13479797877,6081.307200000007,428.6262396237413
SKU0013,Groceries,2025-03-26,357.18500000000006,280.49,82.70000000000002,104.98710983490896,29539.19950000001,29447.834437593618,6383.199500000006,51.44368381910635
SKU0014,Apparel,2025-03-26,588.3370000000001,587.49,29.90000000000001,29.950551058024104,17591.27630000001,17595.64924107858,2641.276300000004,2620.373712066529
SKU0015,Apparel,2025-03-26,2127.0550000000003,2104.99,26.700000000000003,27.044182834586405,56792.36850000001,56927.73442497603,14072.36850000001,13657.041889637783
SKU0016,Apparel,2025-03-26,3014.3720000000003,2917.49,36.10000000000001,37.59456006726287,108818.82920000004,109681.75305063874,29398.82920000002,26973.72090266043
SKU0017,Apparel,2025-03-26,3433.5460000000003,3891.99,36.30000000000001,30.93712681330046,124637.71980000005,120406.98818609725,22997.719800000017,33783.03310885596
SKU0018,Apparel,2025-03-26,2338.0290000000005,2687.49,39.400000000000006,33.16377778836968,92118.34260000003,89127.32116846563,17258.34260000002,26116.14337056323
SKU0019,Apparel,2025-03-26,2059.733,2018.49,30.800000000000004,31.56564430874408,63439.77640000002,63714.93738075684,17239.776400000006,16366.470917640718
SKU0020,Home & Kitchen,2025-03-26,6706.817000000001,6710.99,20.90000000000001,20.882002494560105,140172.47530000008,140138.9099209679,35672.475300000035,35728.89744816739
SKU0021,Home & Kitchen,2025-03-26,4435.477000000001,5416.99,25.300000000000004,19.3657087013854,112217.56810000003,104903.8503783177,16077.568100000022,31314.157313053176
SKU0022,Home & Kitchen,2025-03-26,4826.463000000001,4256.99,18.800000000000004,22.15382802570097,90737.50440000003,94308.62436712877,30577.50440000002,23416.374684885664
SKU0023,Home & Kitchen,2025-03-26,7890.371000000001,9200.99,23.40000000000001,18.663830452414157,184634.6814000001,171725.71735435812,32534.681400000038,50410.81941366611
SKU0024,Home & Kitchen,2025-03-26,2397.9640000000004,2587.99,19.90000000000001,18.079392961080487,47719.48360000003,46789.288189346684,11899.483600000014,14246.380859401808
SKU0025,Home & Kitchen,2025-03-26,1737.0540000000003,1830.99,24.500000000000007,22.970877363799715,42557.82300000002,42059.446744343644,8257.82300000001,9900.21843502404
SKU0026,Beauty & Personal Care,2025-03-26,1111.149,1222.49,38.400000000000006,35.25572703402885,42668.1216,43099.77374182993,8108.121599999997,11369.619411203965
SKU0027,Beauty & Personal Care,2025-03-26,587.971,656.99,51.7,46.83491942254055,30398.100700000003,30770.073711414916,4548.100700000001,7352.614000144642
SKU0028,Beauty & Personal Care,2025-03-26,724.191,888.99,70.60000000000001,57.61567339651339,51127.884600000005,51219.75749276644,5237.884600000003,13769.569785032734
SKU0029,Beauty & Personal Care,2025-03-26,2054.8260000000005,2563.99,50.20000000000001,40.29456194956744,103152.26520000004,103314.85389307141,12792.265200000027,30784.64238385002
SKU0030,Beauty & Personal Care,2025-03-26,2713.7370000000005,2833.49,44.2,42.33571525854477,119947.17540000004,119957.82582793401,22707.175400000026,26819.252259135515
SKU0031,Beauty & Personal Care,2025-03-26,454.5870000000001,589.99,55.30000000000001,43.17829595635299,25138.661100000012,25474.762831288703,253.66110000000575,6044.529650929855
SKU0032,Sports & Fitness,2025-03-26,3761.2910000000006,3917.99,13.200000000000005,12.492396054586267,49649.04120000003,48945.08281790845,10049.041200000012,11467.894654149644
SKU0033,Sports & Fitness,2025-03-26,1202.7870000000005,1203.49,32.10000000000001,32.07765558919722,38609.462700000026,38605.137725042965,9719.462700000018,9735.247694765465
SKU0034,Sports & Fitness,2025-03-26,1861.387,2428.99,52.10000000000001,37.60365050252543,96978.2627,91338.89103412924,3198.2626999999975,23652.320129583462
SKU0035,Sports & Fitness,2025-03-26,857.6310000000002,900.49,19.4,18.29248946911348,16638.041400000002,16472.203842042,3058.0414000000037,3667.461213662562
SKU0036,Sports & Fitness,2025-03-26,3340.101000000001,3460.99,23.200000000000003,22.162960863476915,77490.34320000003,76705.78591888497,17170.343200000025,19082.087673844984
SKU0037,Sports & Fitness,2025-03-26,582.0740000000001,738.99,36.3,27.415343676156933,21129.286200000002,20259.664823243213,1164.2862000000025,5181.225801356899
SKU0038,Books & Stationery,2025-03-26,520.2130000000002,473.99,56.000000000000014,62.33998154239212,29131.928000000018,29548.52785127844,3931.9280000000117,1495.5361572019874
SKU0039,Books & Stationery,2025-03-26,379.0000000000001,300.49,41.10000000000001,53.665076167915785,15576.900000000009,16125.818737697015,3246.9000000000055,26.295887322279224
SKU0040,Books & Stationery,2025-03-26,508.3180000000001,588.99,61.500000000000014,51.85983349150502,31261.55700000001,30544.92332816154,511.5570000000061,4615.0065824090325
SKU0041,Books & Stationery,2025-03-26,280.773,250.49,64.80000000000001,73.7927553226944,18194.090400000005,18484.347280781723,1994.0904000000019,36.15845010812093
SKU0042,Books & Stationery,2025-03-26,905.2970000000004,1004.99,50.80000000000001,44.940119223476266,45989.08760000003,45164.37041840141,5349.08760000002,9212.275039620401
SKU0043,Books & Stationery,2025-03-26,775.0100000000001,914.49,77.9,64.27638119914339,60373.27900000001,58780.10784280464,9738.27900000001,17000.460063361435
SKU0044,Pet Supplies,2025-03-26,1787.6460000000002,2103.49,46.400000000000006,38.55763103333111,82946.77440000002,81105.59130230165,8706.77440000001,19413.381648971874
SKU0045,Pet Supplies,2025-03-26,1407.5870000000002,1468.49,53.80000000000001,51.90909220579409,75728.18060000002,76227.98281328657,16548.180600000014,19127.981386913063
SKU0046,Pet Supplies,2025-03-26,557.7020000000001,605.49,47.400000000000006,44.43294894418574,26435.07480000001,26903.706256215024,5105.074800000006,6908.879231331441
SKU0047,Pet Supplies,2025-03-26,435.7730000000001,435.49,49.50000000000001,49.52521878592434,21570.76350000001,21567.73752908219,4245.763500000005,4233.910954008672
SKU0048,Pet Supplies,2025-03-26,1117.831,1146.49,33.50000000000001,32.657464759681766,37447.338500000005,37441.45677232755,7297.338499999998,8049.738488613959
SKU0049,Pet Supplies,2025-03-26,2275.3950000000004,2405.49,47.60000000000001,45.10548588872774,108308.80200000004,108500.79525047568,22628.802000000025,27310.92065076575
SKU0001,Electronics,2025-03-27,9932.660000000002,11278.99,35.80000000000001,29.645744723469075,355589.2280000002,334374.05827856046,69189.22800000008,97208.10049080786
SKU0002,Electronics,2025-03-27,21303.055000000008,24849.99,30.90000000000001,22.8048689713778,658264.3995000004,566700.7658900487,102064.39950000026,156213.12440524827
SKU0003,Electronics,2025-03-27,33434.751000000004,36331.49,22.800000000000004,18.48342131489844,762312.3228000002,671530.2366680194,78312.3228000001,117027.59722106629
SKU0004,Electronics,2025-03-27,14353.566000000004,11733.99,11.400000000000002,15.718997163219464,163630.65240000008,184446.55552324557,61030.652400000065,42975.581054270384
SKU0005,Electronics,2025-03-27,6677.0340000000015,8356.49,27.600000000000005,20.0805629974976,184286.13840000008,167803.02388295872,18686.138400000043,47319.64589797312
SKU0006,Electronics,2025-03-27,47257.22900000001,46001.49,23.90000000000001,25.954843741341204,1129447.7731000006,1193961.48481887,125647.77310000021,103858.04768253936
SKU0007,Electronics,2025-03-27,17963.710000000003,15305.99,19.000000000000004,24.774728397364257,341310.4900000001,379201.74510277336,113310.49000000008,81905.00433440226
SKU0008,Groceries,2025-03-27,638.1790000000001,780.49,66.30000000000001,53.38727618122927,42311.26770000001,41668.235186687634,5846.267700000007,12305.233287011535
SKU0009,Groceries,2025-03-27,1116.1650000000002,1135.99,58.400000000000006,57.566381316176816,65184.036000000015,65394.8335113637,15544.036000000013,16463.40939261341
SKU0010,Groceries,2025-03-27,594.5610000000001,434.49,63.500000000000014,89.51691425729484,37754.623500000016,38894.20407565204,11084.623500000012,1297.100087588203
SKU0011,Groceries,2025-03-27,614.5090000000002,702.49,61.2,54.2933368830065,37607.95080000001,38140.52622694324,5783.950800000015,9907.991047779857
SKU0012,Groceries,2025-03-27,462.95200000000006,361.49,70.7,90.53784830364803,32730.706400000006,32728.526783285728,7278.706400000005,134.90139397243638
SKU0013,Groceries,2025-03-27,358.37200000000007,280.49,65.30000000000001,83.22652758215,23401.69160000001,23344.208721517254,5117.691600000006,40.780998515254254
SKU0014,Apparel,2025-03-27,603.5260000000001,586.99,31.500000000000007,32.540770694129975,19011.069000000007,19101.106989747354,3261.0690000000027,2830.721642682367
SKU0015,Apparel,2025-03-27,2097.684,2105.99,28.300000000000004,28.16320145901921,59364.45720000001,59311.420640679855,14084.457200000008,14250.298306249124
SKU0016,Apparel,2025-03-27,2993.715,2948.99,34.6,35.253772621001325,103582.539,103963.0229216067,27462.539000000008,26404.723155403775
SKU0017,Apparel,2025-03-27,3575.1950000000006,3936.49,22.500000000000004,19.85856043279264,80441.88750000003,78173.0245580839,17441.887500000015,22569.055346264504
SKU0018,Apparel,2025-03-27,2426.135,2690.49,35.900000000000006,31.58093628211185,87098.24650000002,84968.1932576591,18888.246500000012,24964.41432164659
SKU0019,Apparel,2025-03-27,2090.5710000000004,2046.99,30.700000000000006,31.49533942376665,64180.52970000003,64470.6448470561,18130.529700000014,17227.63571140612
SKU0020,Home & Kitchen,2025-03-27,6677.160000000002,6552.99,22.200000000000003,22.782814507275244,148232.95200000005,149295.5556380296,37232.95200000004,35381.48310165338
SKU0021,Home & Kitchen,2025-03-27,4269.2300000000005,5451.49,32.00000000000001,23.13840058048619,136615.36000000004,126138.75938051466,15015.360000000019,38212.83717466713
SKU0022,Home & Kitchen,2025-03-27,4791.207,4211.99,15.1,17.904585358457634,72347.22570000001,75413.93448396996,24027.225700000003,18119.261336905536
SKU0023,Home & Kitchen,2025-03-27,8347.064000000002,9134.99,18.6,16.267989763707714,155255.39040000006,148607.9238115723,34355.39040000004,42865.99034747219
SKU0024,Home & Kitchen,2025-03-27,2455.8210000000004,2627.99,39.3,36.16520019800517,96513.76530000001,95041.78446835559,25773.765300000014,29944.42411194629
SKU0025,Home & Kitchen,2025-03-27,1805.306,1823.49,20.90000000000001,20.64379664823433,37730.895400000016,37643.75675008882,8470.895400000005,8742.441442560756
SKU0026,Beauty & Personal Care,2025-03-27,1114.726,1231.49,36.7,33.56709298660768,40910.444200000005,41337.53934207749,7880.4442000000045,11127.155654130582
SKU0027,Beauty & Personal Care,2025-03-27,581.6080000000002,656.49,43.400000000000006,38.94684784583401,25241.78720000001,25568.21614231157,3541.787200000008,6094.792219394564
SKU0028,Beauty & Personal Care,2025-03-27,725.6040000000002,872.49,52.70000000000001,43.858260786081935,38239.33080000002,38265.893953248626,3984.330800000009,9758.024442295371
SKU0029,Beauty & Personal Care,2025-03-27,2126.01,2540.99,39.10000000000001,32.72350559745064,83126.99100000002,83150.10048806609,12746.99100000001,24247.790412654944
SKU0030,Beauty & Personal Care,2025-03-27,2664.8670000000006,2807.49,48.900000000000006,46.42585031732349,130311.99630000004,130340.1105073825,22731.996300000035,28203.239809270835
SKU0031,Beauty & Personal Care,2025-03-27,448.5970000000001,595.99,61.30000000000001,46.83493197622061,27498.99610000001,27913.15110850772,-86.00389999999427,6837.431719208447
SKU0032,Sports & Fitness,2025-03-27,3652.527000000001,3940.99,37.2,33.73135663957798,135874.00440000003,132934.93920301044,24274.004400000038,31740.869284276476
SKU0033,Sports & Fitness,2025-03-27,1241.835,1208.49,34.800000000000004,35.94406276749339,43215.85800000001,43438.04041388809,11895.858000000002,11088.383923144036
SKU0034,Sports & Fitness,2025-03-27,1935.856,2403.99,48.70000000000001,37.34245573767113,94276.18720000001,89770.890168804,6616.187200000001,22554.46984099598
SKU0035,Sports & Fitness,2025-03-27,846.8190000000001,888.49,27.600000000000005,26.06990584909057,23372.204400000006,23162.850647858482,4052.204400000003,4913.916553495082
SKU0036,Sports & Fitness,2025-03-27,3431.8390000000004,3502.49,28.4,27.671145677779148,97464.22760000001,96917.91102496468,23624.22760000001,24972.932262738897
SKU0037,Sports & Fitness,2025-03-27,585.9920000000001,725.99,35.00000000000001,27.200322740713062,20509.72000000001,19747.162306530277,1259.720000000003,4786.984799138092
SKU0038,Books & Stationery,2025-03-27,516.8890000000001,472.49,60.70000000000001,67.31132657030308,31375.16230000001,31803.9286912025,4060.162300000008,1513.831734566117
SKU0039,Books & Stationery,2025-03-27,362.20400000000006,300.49,49.60000000000001,61.4341587172614,17965.318400000007,18460.350352949878,3085.3184000000037,30.102737771458642
SKU0040,Books & Stationery,2025-03-27,514.4610000000001,587.99,57.10000000000001,48.91070229108679,29375.72310000001,28759.003840136123,825.7231000000073,4303.652694592727
SKU0041,Books & Stationery,2025-03-27,290.1650000000001,250.49,60.500000000000014,71.53579192302769,17554.98250000001,17919.000518799206,2429.982500000005,35.05253804228422
SKU0042,Books & Stationery,2025-03-27,910.8390000000002,1004.99,51.80000000000001,46.15654545895469,47181.460200000016,46386.86662079487,5741.46020000001,9461.630253631121
SKU0043,Books & Stationery,2025-03-27,726.0020000000002,906.99,53.80000000000001,41.46851162450215,39058.90760000002,37611.525358307204,4088.9076000000105,10656.992802380808
SKU0044,Pet Supplies,2025-03-27,1874.176,2125.99,55.900000000000006,48.45925018029236,104766.43840000001,103023.88129079973,15326.438399999997,25489.08100233197
SKU0045,Pet Supplies,2025-03-27,1427.1250000000002,1483.49,45.00000000000001,43.54629753506976,64220.62500000002,64600.496930300644,14720.625000000013,16699.569641723905
SKU0046,Pet Supplies,2025-03-27,561.3600000000001,601.99,30.700000000000003,29.040484409328283,17233.752000000004,17482.081209571534,3418.752000000004,4413.863225373806
SKU0047,Pet Supplies,2025-03-27,440.8790000000001,442.49,51.10000000000001,50.95415758255128,22528.916900000007,22546.705188703116,4643.916900000005,4712.7500348101685
SKU0048,Pet Supplies,2025-03-27,1106.3870000000002,1163.99,41.60000000000001,39.539788649238695,46025.69920000002,46023.91858982735,8585.699200000008,10438.108805512524
SKU0049,Pet Supplies,2025-03-27,2341.7290000000003,2361.99,47.30000000000001,46.90726874965663,110763.78170000004,110794.49971400146,25623.781700000018,26361.41596461952
SKU0001,Electronics,2025-03-28,9961.910000000002,11273.49,31.6,26.282456259801684,314796.3560000001,296295.0078203117,61996.35600000006,86035.3577418982
SKU0002,Electronics,2025-03-28,21210.807,24710.99,27.200000000000003,20.094645547264648,576933.9504000001,496558.5851720013,87333.95040000003,134854.9653212376
SKU0003,Electronics,2025-03-28,33998.141,36739.99,13.200000000000005,10.780400172152897,448775.4612000002,396071.7945208957,52775.46120000006,72659.78935630879
SKU0004,Electronics,2025-03-28,14089.791000000005,11765.49,17.700000000000003,23.4318819746922,249389.30070000014,275687.57305442134,90089.3007000001,64800.63528219153
SKU0005,Electronics,2025-03-28,6743.201000000001,8357.49,26.100000000000005,19.24125349065062,175997.54610000007,160808.58363557764,19397.54610000003,45361.06269167393
SKU0006,Electronics,2025-03-28,48121.130000000005,47625.49,26.800000000000004,27.660475855112438,1289646.2840000002,1317343.7162328989,164046.28400000016,155603.73031817641
SKU0007,Electronics,2025-03-28,17968.201000000005,15348.99,9.700000000000005,12.73376467204,174291.54970000012,195450.42661349522,57891.54970000007,42645.25054901523
SKU0008,Groceries,2025-03-28,637.7990000000001,784.99,77.00000000000001,61.61242707373432,49110.523000000016,48365.1391286107,6760.523000000008,14478.304238056828
SKU0009,Groceries,2025-03-28,1102.611,1132.99,69.30000000000001,67.78277695403668,76410.94230000002,76797.20846115402,17505.94230000001,19181.84805022284
SKU0010,Groceries,2025-03-28,602.7,442.49,67.80000000000001,95.06866770339109,40863.06000000001,42066.934772073524,12387.060000000005,2138.0943366492666
SKU0011,Groceries,2025-03-28,603.4670000000001,705.49,65.80000000000001,57.22434937071816,39708.12860000001,40371.20623754795,5492.128600000007,10614.544564774511
SKU0012,Groceries,2025-03-28,460.554,368.99,70.20000000000002,87.61983955880923,32330.890800000005,32330.84459880502,7058.8908,787.7023576336958
SKU0013,Groceries,2025-03-28,361.4910000000001,280.49,58.10000000000001,74.71813736505115,21002.62710000001,20957.690349523196,4734.627100000006,36.611887308875744
SKU0014,Apparel,2025-03-28,587.7800000000001,599.99,40.3,39.34769313639968,23687.534000000003,23608.222404908443,3537.5340000000033,3934.375836708604
SKU0015,Apparel,2025-03-28,2075.559,2105.49,40.60000000000001,39.90060073422634,84267.69540000003,84010.31583990621,19307.69540000001,20169.354665144063
SKU0016,Apparel,2025-03-28,2971.885,2955.99,24.90000000000001,25.06846718649848,73999.93650000004,74102.13831861764,19219.936500000014,18951.510508320982
SKU0017,Apparel,2025-03-28,3539.973000000001,3948.49,30.90000000000001,26.86406145659625,109385.16570000006,106072.47802075572,22865.165700000034,30853.10594228622
SKU0018,Apparel,2025-03-28,2426.482,2685.99,30.90000000000001,27.227842164481828,74978.29380000003,73133.71177537653,16268.293800000003,21400.811662861066
SKU0019,Apparel,2025-03-28,2095.9620000000004,2052.99,33.300000000000004,34.14604149055324,69795.53460000003,70101.48171969088,19845.534600000017,18882.419483861027
SKU0020,Home & Kitchen,2025-03-28,6671.469000000001,6498.99,20.1,20.843294227924783,134096.52690000003,135460.3607543409,33596.52690000002,31243.889614716965
SKU0021,Home & Kitchen,2025-03-28,4202.282000000001,5465.99,24.300000000000004,17.074188996118387,102115.45260000005,93327.34631089315,9775.452600000028,28445.42812564327
SKU0022,Home & Kitchen,2025-03-28,4815.869000000001,4202.99,19.200000000000003,22.934780079639108,92464.68480000003,96394.65132692237,31024.684800000017,23003.355072077222
SKU0023,Home & Kitchen,2025-03-28,8341.432,9116.99,24.000000000000007,21.065665579992302,200194.36800000007,192055.46243613402,44194.36800000003,55128.63616618405
SKU0024,Home & Kitchen,2025-03-28,2520.6900000000005,2643.99,25.800000000000004,24.31323006054444,65033.802000000025,64283.937147778895,18593.802000000018,20520.123038798898
SKU0025,Home & Kitchen,2025-03-28,1799.0080000000005,1823.49,19.300000000000004,18.980359226417768,34720.85440000002,34610.495245780534,7700.854400000011,8037.992328795661
SKU0026,Beauty & Personal Care,2025-03-28,1141.775,1234.99,24.800000000000004,23.095492326533545,28316.020000000008,28522.702068345665,5996.020000000003,7736.758974465472
SKU0027,Beauty & Personal Care,2025-03-28,571.1310000000001,657.49,44.20000000000001,38.97352453205187,25243.99020000001,25624.702644578785,3143.9902000000043,6137.940378552849
SKU0028,Beauty & Personal Care,2025-03-28,728.6290000000001,867.99,63.40000000000001,53.28863583678695,46195.078600000015,46254.003019972704,4985.07860000001,11616.389726061188
SKU0029,Beauty & Personal Care,2025-03-28,2118.956,2539.99,53.400000000000006,44.61959912882112,113152.25040000002,113333.33559121435,17032.250400000008,33018.057159336335
SKU0030,Beauty & Personal Care,2025-03-28,2617.4050000000007,2799.99,35.400000000000006,33.082911592451815,92656.13700000003,92631.82162974915,14776.137000000026,19849.416126355158
SKU0031,Beauty & Personal Care,2025-03-28,453.0850000000001,598.49,46.900000000000006,35.97609308111139,21249.686500000007,21531.331948114355,144.6865000000044,5342.09006161423
SKU0032,Sports & Fitness,2025-03-28,3648.7640000000006,3955.49,32.2,29.008095388261054,117490.20080000004,114741.23122731272,20890.20080000002,27716.945062529547
SKU0033,Sports & Fitness,2025-03-28,1222.3640000000005,1208.99,25.40000000000001,25.73780557250482,31048.045600000023,31116.7495591026,8188.045600000015,7952.724543848264
SKU0034,Sports & Fitness,2025-03-28,1951.317,2403.49,40.2,31.09721402672578,78442.9434,74741.84294109514,6082.943400000001,18766.857692988735
SKU0035,Sports & Fitness,2025-03-28,847.7500000000001,886.49,31.200000000000003,29.59448023140536,26449.800000000007,26235.210780338537,4609.800000000004,5519.074618354785
SKU0036,Sports & Fitness,2025-03-28,3506.1490000000003,3510.99,24.4,24.356863443077167,85550.0356,85516.7039800095,22110.035600000007,22188.85902800886
SKU0037,Sports & Fitness,2025-03-28,596.2590000000001,750.49,34.60000000000001,26.388326303796152,20630.56140000001,19804.175007735976,1600.5614000000048,5290.595540648091
SKU0038,Books & Stationery,2025-03-28,513.7930000000001,476.99,73.60000000000001,80.15655442500048,37815.16480000001,38233.874895180976,4695.16480000001,2163.425403930764
SKU0039,Books & Stationery,2025-03-28,365.124,300.49,59.400000000000006,74.20265679315331,21688.365600000005,22297.15633977464,3868.365600000002,36.3593018286458
SKU0040,Books & Stationery,2025-03-28,516.5400000000001,603.99,70.4,58.76474518344368,36364.41600000001,35493.31844334815,1164.4160000000056,6110.9458516263085
SKU0041,Books & Stationery,2025-03-28,295.4430000000001,250.49,78.4,94.56262874289718,23162.73120000001,23686.992873808314,3562.731200000008,46.335688084020475
SKU0042,Books & Stationery,2025-03-28,914.304,1002.49,64.20000000000002,57.65345577467883,58698.316800000015,57797.012879557784,7338.3168000000005,11674.248259814718
SKU0043,Books & Stationery,2025-03-28,735.8240000000001,909.49,54.80000000000001,42.77586844318787,40323.155200000016,38904.22459039494,4703.155200000005,11099.91010232282
SKU0044,Pet Supplies,2025-03-28,1857.5170000000005,2125.99,54.60000000000001,46.85194866011628,101420.42820000004,99606.77433192059,14060.42820000003,24643.65647573455
SKU0045,Pet Supplies,2025-03-28,1403.996,1483.99,45.7,43.60326253385568,64162.61720000001,64706.80556761649,13892.617200000006,16743.21678037524
SKU0046,Pet Supplies,2025-03-28,556.364,603.49,54.80000000000001,51.41587707283717,30488.74720000001,31028.967654686505,5828.747200000003,7891.822971909777
SKU0047,Pet Supplies,2025-03-28,440.2710000000001,444.99,42.10000000000001,41.74828985808311,18535.409100000008,18577.571503948406,3800.409100000004,3965.6700536193152
SKU0048,Pet Supplies,2025-03-28,1100.5,1167.99,50.400000000000006,47.497227747618666,55465.200000000004,55476.287036941125,10105.2,12728.782064084327
SKU0049,Pet Supplies,2025-03-28,2388.5300000000007,2354.99,39.60000000000001,40.14778278588387,94585.78800000004,94547.62698292865,23305.78800000003,22281.61796833768
SKU0001,Electronics,2025-03-29,9972.239,11273.49,15.700000000000005,12.99684937682836,156564.15230000005,146519.85148118075,30964.1523,42545.05646655386
SKU0002,Electronics,2025-03-29,21327.626000000004,24710.99,25.000000000000004,18.653059302970032,533190.6500000001,460935.5619050995,83190.65000000011,125180.49445163888
SKU0003,Electronics,2025-03-29,33690.535,37172.49,17.6,13.676955425782758,592953.4160000001,508406.4887953553,64953.41600000007,98097.82602187255
SKU0004,Electronics,2025-03-29,14112.183000000005,11765.49,5.900000000000001,8.036228438388811,83261.87970000005,94550.16532957918,30161.879700000034,22224.10938407987
SKU0005,Electronics,2025-03-29,6717.198,8357.49,27.500000000000007,20.175398366025743,184722.94500000007,168615.69009007647,19722.945000000014,47563.29989392203
SKU0006,Electronics,2025-03-29,48462.53800000001,47523.49,22.800000000000004,24.211405203701236,1104945.8664000004,1150610.4730840437,147345.8664000002,133731.45452859168
SKU0007,Electronics,2025-03-29,18156.345,15348.99,20.40000000000001,26.92458728116953,370389.4380000002,413265.2209327983,125589.43800000008,90170.17355876394
SKU0008,Groceries,2025-03-29,637.8500000000001,784.99,84.4,67.55838053207111,53834.540000000015,53032.6531338705,7414.540000000012,15875.54384123139
SKU0009,Groceries,2025-03-29,1099.427,1132.99,80.30000000000001,78.36092688613142,88283.9881,88782.14655271804,20028.988099999995,22175.35869950633
SKU0010,Groceries,2025-03-29,607.902,457.99,77.00000000000001,104.91825430497114,46808.45400000001,48051.511289133734,14468.454000000005,3985.8444810458545
SKU0011,Groceries,2025-03-29,598.3960000000002,705.49,65.60000000000001,56.62077811996232,39254.777600000016,39945.39275585222,5142.777600000013,10502.58813347181
SKU0012,Groceries,2025-03-29,459.6420000000001,382.49,75.50000000000001,90.71855854076613,34702.97100000001,34698.941456257635,7522.97100000001,2040.2603815818309
SKU0013,Groceries,2025-03-29,362.79800000000006,280.49,91.3,117.67127317755131,33123.45740000001,33005.615413571366,7559.457400000005,57.65892385700121
SKU0014,Apparel,2025-03-29,588.287,609.49,35.10000000000001,33.67842659904569,20648.873700000007,20526.66422785236,3098.873700000002,3687.4509283295133
SKU0015,Apparel,2025-03-29,2082.8470000000007,2105.49,44.50000000000001,43.921110167635405,92686.69150000004,92475.45824685466,21486.691500000034,22201.68197863801
SKU0016,Apparel,2025-03-29,2988.528,2955.99,22.300000000000004,22.61042477899416,66644.1744,66836.18954245895,17584.1744,17093.255028671792
SKU0017,Apparel,2025-03-29,3536.3710000000005,3948.49,28.300000000000004,24.56075992539589,100079.29930000003,96977.9149578264,20839.299300000017,28207.78716671792
SKU0018,Apparel,2025-03-29,2412.9450000000006,2685.99,45.50000000000001,39.87103254028378,109788.99750000004,107093.19469287682,23338.99750000003,31338.23286633764
SKU0019,Apparel,2025-03-29,2086.5840000000003,2052.99,31.700000000000003,32.33030127748719,66144.71280000001,66373.78521966841,18594.712800000012,17878.333303437634
SKU0020,Home & Kitchen,2025-03-29,6717.553000000001,6498.99,23.200000000000003,24.281485715816824,155847.22960000005,157805.1328522364,39847.22960000002,36397.70427315226
SKU0021,Home & Kitchen,2025-03-29,4192.025000000001,5465.99,31.200000000000006,21.93171711895267,130791.18000000004,119878.5464550241,12231.18000000002,36538.02140300395
SKU0022,Home & Kitchen,2025-03-29,4822.511,4202.99,13.000000000000002,15.616980914170732,62692.64300000001,65638.01461245044,21092.643000000007,15663.6756871041
SKU0023,Home & Kitchen,2025-03-29,8283.655,9116.99,26.500000000000004,23.036463479241537,219516.85750000004,210023.2071756103,47266.85750000002,60286.1945605403
SKU0024,Home & Kitchen,2025-03-29,2487.501,2643.99,26.40000000000001,24.47323481073754,65670.02640000003,64706.988107241945,18150.026400000013,20655.165447914373
SKU0025,Home & Kitchen,2025-03-29,1809.5060000000003,1823.49,21.700000000000003,21.49573383941426,39266.28020000001,39197.25569883351,8886.280200000008,9103.228323653546
SKU0026,Beauty & Personal Care,2025-03-29,1144.7800000000002,1234.99,42.8,40.00004648682224,48996.584,49399.6574107606,10476.584000000008,13399.615572620583
SKU0027,Beauty & Personal Care,2025-03-29,573.431,657.49,51.7,45.77002642433187,29646.382700000002,30093.33467373396,3796.3827000000024,7208.321461568026
SKU0028,Beauty & Personal Care,2025-03-29,727.3220000000001,867.99,34.10000000000001,28.53719998755368,24801.68020000001,24770.004217196718,2636.680200000005,6220.824225286827
SKU0029,Beauty & Personal Care,2025-03-29,2137.0170000000003,2539.99,38.0,31.97593457979796,81206.64600000001,81218.55407334102,12806.646000000012,23661.871829704687
SKU0030,Beauty & Personal Care,2025-03-29,2603.4970000000003,2799.99,40.8,37.93630413299666,106222.67760000001,106221.2722093493,16462.67760000001,22761.403116756657
SKU0031,Beauty & Personal Care,2025-03-29,453.6630000000001,598.49,43.7,33.546797969081034,19825.073100000005,20077.423116515307,160.07310000000547,4981.364030428843
SKU0032,Sports & Fitness,2025-03-29,3709.3740000000007,3955.49,10.6,9.70331872976294,39319.364400000006,38381.380202390006,7519.364400000008,9271.424013101188
SKU0033,Sports & Fitness,2025-03-29,1215.239,1208.99,30.700000000000006,30.889440163096364,37307.83730000001,37345.02426278187,9677.837300000003,9544.528115995146
SKU0034,Sports & Fitness,2025-03-29,1931.0690000000004,2403.49,39.50000000000001,30.16009489558719,76277.22550000003,72489.48648059485,5177.225500000018,18201.315668537907
SKU0035,Sports & Fitness,2025-03-29,852.8450000000003,886.49,30.000000000000007,28.65702089505797,25585.350000000013,25404.162453259938,4585.350000000009,5344.247826719361
SKU0036,Sports & Fitness,2025-03-29,3477.4170000000004,3510.99,24.000000000000004,23.705833768501613,83458.00800000002,83230.94530287148,21058.008000000013,21595.77750476728
SKU0037,Sports & Fitness,2025-03-29,594.2070000000001,750.49,50.400000000000006,38.38876166918436,29948.032800000008,28810.381745106173,2228.032800000006,7696.562827054773
SKU0038,Books & Stationery,2025-03-29,512.5490000000001,494.99,69.60000000000001,72.44525404417284,35673.41040000001,35859.67629932512,4353.410400000007,3259.311979447337
SKU0039,Books & Stationery,2025-03-29,364.465,300.49,66.5,82.87201167866466,24236.922499999997,24902.210789321944,4286.922499999999,40.607285722546436
SKU0040,Books & Stationery,2025-03-29,517.373,643.49,74.00000000000001,57.52051229384352,38285.60200000001,37013.874455965364,1285.6020000000037,8253.618309043606
SKU0041,Books & Stationery,2025-03-29,297.49800000000005,250.49,59.90000000000001,72.86949910100914,17820.130200000007,18253.08082981178,2845.1302000000032,35.70605455949514
SKU0042,Books & Stationery,2025-03-29,917.345,1002.49,48.7,43.8806863336344,44674.7015,43989.94924260515,5714.701500000002,8885.40017569763
SKU0043,Books & Stationery,2025-03-29,730.1340000000001,909.49,57.400000000000006,44.410110633094064,41909.69160000001,40390.55151969272,4599.691600000007,11523.979608181578
SKU0044,Pet Supplies,2025-03-29,1853.097,2125.99,40.400000000000006,34.5365318192778,74865.11880000001,73424.3212824664,10225.1188,18165.87037162192
SKU0045,Pet Supplies,2025-03-29,1411.652,1483.99,34.10000000000001,32.675555585020646,48137.333200000015,48490.19773261479,10627.333200000005,12547.086589092078
SKU0046,Pet Supplies,2025-03-29,557.1650000000002,603.49,46.60000000000001,43.7627084829269,25963.889000000014,26410.35694236155,4993.88900000001,6717.13812504445
SKU0047,Pet Supplies,2025-03-29,443.1840000000001,444.99,42.00000000000001,41.86581117402043,18613.728000000006,18629.86731432735,3913.728000000004,3976.8334034202007
SKU0048,Pet Supplies,2025-03-29,1116.6070000000002,1167.99,43.2,41.29987332033492,48237.42240000001,48237.83903941798,9357.422400000009,11067.953051116556
SKU0049,Pet Supplies,2025-03-29,2357.5540000000005,2354.99,50.10000000000001,50.15272367005922,118113.45540000005,118109.16271575274,27933.45540000003,27834.260109646155
SKU0001,Electronics,2025-03-30,9925.887000000002,11273.49,24.000000000000004,19.8132951150436,238221.2880000001,223364.98434649289,46221.288000000066,64858.62342614408
SKU0002,Electronics,2025-03-30,20893.095000000005,24710.99,27.300000000000004,19.57083153076702,570381.4935000002,483614.6222484686,78981.49350000014,131339.6546946622
SKU0003,Electronics,2025-03-30,33600.63500000001,35999.49,8.400000000000002,6.961509397235757,282245.33400000015,250610.78793069464,30245.334000000086,41765.50601362193
SKU0004,Electronics,2025-03-30,14105.700000000004,11765.49,9.200000000000005,12.348803085251657,129772.4400000001,145289.71921149752,46972.44000000006,34150.491444232604
SKU0005,Electronics,2025-03-30,6686.528000000002,8357.49,22.500000000000004,16.35211310825051,150446.88000000006,136662.62178107255,15446.880000000048,38549.94313156949
SKU0006,Electronics,2025-03-30,47850.44400000001,47600.99,19.4,19.71637064727363,928298.6136000002,938518.7620171657,113498.6136000002,110431.1948316731
SKU0007,Electronics,2025-03-30,18104.846,15348.99,21.300000000000004,27.968329805074127,385633.2198000001,429285.61449478474,130033.21980000005,93665.65683389519
SKU0008,Groceries,2025-03-30,633.0010000000002,784.99,72.70000000000002,57.68991471086892,46019.172700000025,45286.006148885,6034.172700000016,13556.553057907087
SKU0009,Groceries,2025-03-30,1089.1820000000002,1132.99,62.60000000000001,60.61825215424975,68182.79320000003,68679.87350824343,14972.793200000016,17154.359177131137
SKU0010,Groceries,2025-03-30,606.8480000000002,432.49,67.10000000000001,97.19335057610436,40719.500800000016,42035.15219065938,12537.500800000014,1213.9449486955443
SKU0011,Groceries,2025-03-30,597.5010000000001,705.49,50.50000000000001,43.497990356467945,30173.80050000001,30687.39721658457,3913.8005000000053,8068.442231221239
SKU0012,Groceries,2025-03-30,465.4750000000001,378.49,46.70000000000001,57.51002864269048,21737.68250000001,21766.97074097192,4925.682500000004,1063.3604296033475
SKU0013,Groceries,2025-03-30,363.3040000000001,280.49,69.60000000000001,89.89500619938167,25285.95840000001,25214.650288864566,5797.958400000007,44.048553037697836
SKU0014,Apparel,2025-03-30,588.57,588.99,25.700000000000003,25.678398715183736,15126.249000000003,15124.320059256068,2276.2490000000016,2285.120701664201
SKU0015,Apparel,2025-03-30,2111.963,2105.49,35.2,35.33183196974716,74341.09760000001,74390.81889398293,18021.09760000001,17859.887742387484
SKU0016,Apparel,2025-03-30,2953.4640000000004,2955.99,31.60000000000001,31.56632379500119,93329.46240000003,93309.73747478556,23809.46240000002,23863.825125782943
SKU0017,Apparel,2025-03-30,3547.313,3948.49,23.90000000000001,20.80555914284269,84780.78070000003,82150.54221992292,17860.78070000001,23894.976619963396
SKU0018,Apparel,2025-03-30,2419.9700000000003,2685.99,34.800000000000004,30.576595615853535,84214.95600000002,82128.43005822643,18094.956000000013,24032.898388104713
SKU0019,Apparel,2025-03-30,2090.5240000000003,2052.99,25.800000000000004,26.377259663939245,53935.51920000002,54152.25031747063,15235.519200000012,14586.360821561757
SKU0020,Home & Kitchen,2025-03-30,6754.383000000001,6498.99,22.200000000000003,23.41258792296238,149947.30260000002,152158.17478545327,38947.302600000025,35095.235170641376
SKU0021,Home & Kitchen,2025-03-30,4193.856000000001,5465.99,37.400000000000006,26.362420887537333,156850.21440000006,144096.72894707017,14730.214400000028,43919.529574428314
SKU0022,Home & Kitchen,2025-03-30,4769.56,4202.99,20.700000000000003,24.40432874767004,98729.89200000002,102571.14968316969,32489.892000000014,24477.297690625568
SKU0023,Home & Kitchen,2025-03-30,8295.603000000001,9116.99,32.10000000000001,27.989780296600184,266288.8563000001,255182.5470663009,57638.85630000004,73248.9751383997
SKU0024,Home & Kitchen,2025-03-30,2475.469,2643.99,17.900000000000002,16.469429790326846,44310.89510000001,43545.007671326275,12090.895100000002,13900.03404873795
SKU0025,Home & Kitchen,2025-03-30,1810.1110000000003,1823.49,19.5,19.323506255588587,35297.164500000006,35236.22042200323,7997.164500000006,8183.311664179211
SKU0026,Beauty & Personal Care,2025-03-30,1140.3460000000002,1234.99,55.90000000000001,52.082906364306325,63745.34140000003,64321.86853085467,13435.341400000016,17447.252802978976
SKU0027,Beauty & Personal Care,2025-03-30,573.5620000000001,657.49,48.80000000000001,43.205153556989785,27989.82560000001,28406.956412185213,3589.825600000007,6804.3796336903215
SKU0028,Beauty & Personal Care,2025-03-30,727.9580000000001,867.99,38.0,31.84711449196148,27662.404000000002,27642.976907877644,2962.404000000003,6942.352488102683
SKU0029,Beauty & Personal Care,2025-03-30,2146.0800000000004,2539.99,49.10000000000001,41.53586461290597,105372.52800000003,105500.68075813501,16992.52800000002,30736.12445490428
SKU0030,Beauty & Personal Care,2025-03-30,2614.8640000000005,2799.99,39.8,37.166649275412695,104071.58720000001,104066.24630466278,16511.58720000002,22299.617898754856
SKU0031,Beauty & Personal Care,2025-03-30,453.6860000000001,598.49,52.30000000000001,40.19532718247051,23727.77780000001,24056.501365436776,192.77780000000487,5968.604133325046
SKU0032,Sports & Fitness,2025-03-30,3640.250000000001,3955.49,10.3,9.18376201644774,37494.57500000001,36326.27881843887,6594.57500000001,8774.99276909565
SKU0033,Sports & Fitness,2025-03-30,1213.0640000000003,1208.99,26.1,26.205567831833896,31660.97040000001,31682.269453008863,8170.970400000008,8097.258404358356
SKU0034,Sports & Fitness,2025-03-30,1934.7630000000004,2403.49,28.000000000000007,21.36330310571691,54173.36400000002,51346.48538155953,3773.3640000000114,12892.539791269093
SKU0035,Sports & Fitness,2025-03-30,853.2090000000002,886.49,30.500000000000004,29.150082359600397,26022.87450000001,25841.256510962157,4672.874500000006,5436.198859241878
SKU0036,Sports & Fitness,2025-03-30,3496.4480000000003,3510.99,29.500000000000004,29.344453190381262,103145.21600000001,103028.0817068967,26445.21600000001,26732.50341190542
SKU0037,Sports & Fitness,2025-03-30,597.4250000000002,745.49,34.60000000000001,26.65935952960425,20670.90500000001,19874.28593572467,1640.9050000000068,5211.638194442335
SKU0038,Books & Stationery,2025-03-30,512.0910000000001,467.49,76.30000000000001,84.71016700291611,39072.54330000001,39601.15597219325,4737.54330000001,1481.5808208810035
SKU0039,Books & Stationery,2025-03-30,363.6490000000001,300.49,47.00000000000001,58.49205918566743,17091.503000000008,17576.278864701206,2991.5030000000056,28.66110900097757
SKU0040,Books & Stationery,2025-03-30,512.874,594.99,71.80000000000001,60.48611479062152,36824.353200000005,35988.6334392719,924.3532000000018,5745.576043961139
SKU0041,Books & Stationery,2025-03-30,296.17300000000006,250.49,68.60000000000002,83.00019232741079,20317.46780000001,20790.718176093127,3167.467800000005,40.67009424043204
SKU0042,Books & Stationery,2025-03-30,911.1920000000002,1002.49,67.80000000000001,60.64998247698771,61778.817600000024,60801.00093335541,7538.817600000018,12281.014951765243
SKU0043,Books & Stationery,2025-03-30,729.7560000000002,909.49,60.10000000000001,46.48138449243708,43858.33560000002,42274.3543820266,4793.335600000013,12061.454461942498
SKU0044,Pet Supplies,2025-03-30,1858.01,2125.99,42.60000000000001,36.53526105618508,79151.22600000001,77673.59965283891,10991.226000000002,19217.18196294278
SKU0045,Pet Supplies,2025-03-30,1395.7650000000003,1483.99,40.30000000000001,38.25390855005628,56249.32950000003,56768.41774919802,11919.329500000016,14689.118344136112
SKU0046,Pet Supplies,2025-03-30,557.4910000000001,603.49,57.900000000000006,54.41408424758991,32278.72890000001,32838.35570257804,6223.728900000006,8352.017791162576
SKU0047,Pet Supplies,2025-03-30,440.10300000000007,444.99,50.400000000000006,49.965607782369,22181.191200000005,22234.19580707638,4541.191200000004,4746.233083247232
SKU0048,Pet Supplies,2025-03-30,1091.654,1167.99,48.20000000000001,45.05700693575222,52617.72280000001,52626.13353088924,9237.722800000001,12074.827288712238
SKU0049,Pet Supplies,2025-03-30,2356.9820000000004,2354.99,40.00000000000001,40.03286568118198,94279.28000000003,94276.99835052674,22279.28000000002,22217.84012439918
SKU0001,Electronics,2025-03-31,9981.392000000002,11273.49,22.6,18.806121499961947,225579.45920000004,212010.622668606,44779.45920000004,61561.65066891043
SKU0002,Electronics,2025-03-31,20984.346000000005,24710.99,25.40000000000001,18.34936158242365,533002.3884000003,453430.89056965505,75802.38840000016,123142.38208602932
SKU0003,Electronics,2025-03-31,33778.48400000001,34524.99,4.600000000000001,4.312793992920341,155381.0264000001,148899.16947763483,17381.026400000057,19515.349690024603
SKU0004,Electronics,2025-03-31,14292.767000000003,11765.49,6.800000000000001,9.409320688663474,97190.81560000003,110705.26846926322,35990.81560000003,26021.38227129195
SKU0005,Electronics,2025-03-31,6677.565000000001,8357.49,46.60000000000001,34.0832180620173,311174.5290000001,284850.15412112896,31574.52900000007,80350.84574902516
SKU0006,Electronics,2025-03-31,47814.778000000006,47892.99,34.7,34.528619662871805,1659172.7966000002,1653678.8362277227,201772.7966000002,203476.81038710685
SKU0007,Electronics,2025-03-31,18040.926000000003,15348.99,13.500000000000004,17.7306596910863,243552.5010000001,272147.7182918867,81552.50100000006,59379.8019988511
SKU0008,Groceries,2025-03-31,646.8260000000001,784.99,75.30000000000001,61.16540789443474,48705.99780000002,48014.23354305233,7290.997800000011,14373.25920111322
SKU0009,Groceries,2025-03-31,1097.7400000000002,1132.99,56.10000000000001,54.66945026958344,61583.21400000002,61939.940460935344,13898.214000000014,15470.907731789419
SKU0010,Groceries,2025-03-31,606.982,420.49,62.000000000000014,92.66500078045227,37632.884000000005,38964.706178172375,11592.884,45.40585038242246
SKU0011,Groceries,2025-03-31,600.1010000000001,705.49,51.20000000000001,44.27538779975429,30725.17120000001,31235.843338848656,4101.171200000006,8212.641682976424
SKU0012,Groceries,2025-03-31,455.13000000000005,360.49,52.60000000000001,66.47220087658093,23939.838000000007,23962.563693998658,5003.838000000003,32.57137842952526
SKU0013,Groceries,2025-03-31,362.7320000000001,280.49,78.80000000000001,101.58162854645148,28583.28160000001,28492.630990994177,6519.2816000000075,49.77499798776215
SKU0014,Apparel,2025-03-31,590.519,567.99,38.400000000000006,40.17777816362935,22675.929600000003,22820.576219159833,3475.929600000001,2731.68713734516
SKU0015,Apparel,2025-03-31,2092.6240000000003,2105.49,27.200000000000003,26.99604682775073,56919.37280000001,56839.90663536088,13399.372800000008,13646.231710959712
SKU0016,Apparel,2025-03-31,2950.9360000000006,2955.99,37.0,36.921467010179335,109184.63200000003,109139.48726742,27784.632000000023,27912.259845025466
SKU0017,Apparel,2025-03-31,3514.685000000001,3948.49,34.10000000000001,29.388174050930203,119850.75850000005,116038.91135835739,24370.758500000036,33752.024015752824
SKU0018,Apparel,2025-03-31,2399.3680000000004,2685.99,40.3,35.05480973770659,96694.5304,94156.86840738251,20124.530400000014,27552.729905739998
SKU0019,Apparel,2025-03-31,2088.211,2052.99,27.90000000000001,28.48407462156277,58261.08690000002,58477.520357322144,16411.0869,15751.40842497799
SKU0020,Home & Kitchen,2025-03-31,6717.553000000002,6498.99,18.90000000000001,19.78932089854361,126961.7517000001,128610.59862642594,32461.751700000048,29663.99413370788
SKU0021,Home & Kitchen,2025-03-31,4213.2210000000005,5465.99,34.10000000000001,24.158783090578005,143670.83610000004,132051.66678526846,14090.836100000019,40248.29104107204
SKU0022,Home & Kitchen,2025-03-31,4814.532,4202.99,15.900000000000004,19.017714163225893,76551.05880000003,79931.26245089679,25671.05880000001,19074.577128573936
SKU0023,Home & Kitchen,2025-03-31,8315.079000000002,9116.99,19.100000000000005,16.662134685317763,158818.00890000007,151908.5153046952,34668.00890000004,43604.63985012973
SKU0024,Home & Kitchen,2025-03-31,2473.1450000000004,2643.99,35.10000000000001,32.33010112830483,86807.38950000003,85480.46408222668,23627.38950000002,27286.282051277987
SKU0025,Home & Kitchen,2025-03-31,1792.641,1823.49,31.300000000000004,30.659337829010187,56109.66330000001,55906.99593782179,12289.663300000004,12983.922977207525
SKU0026,Beauty & Personal Care,2025-03-31,1139.6620000000005,1234.99,43.30000000000001,40.30657792391076,49347.36460000004,49778.22067025055,10377.364600000024,13502.300538730866
SKU0027,Beauty & Personal Care,2025-03-31,570.642,657.49,59.400000000000006,52.37604068239602,33896.13480000001,34436.72298826856,4196.134800000003,8248.70264707055
SKU0028,Beauty & Personal Care,2025-03-31,721.2370000000001,867.99,59.20000000000001,49.24563239220077,42697.230400000015,42744.71646010635,4217.230400000006,10735.055405175846
SKU0029,Beauty & Personal Care,2025-03-31,2135.2700000000004,2539.99,46.0,38.708676104588726,98222.42000000001,98319.65021889431,15422.42000000002,28644.033230634603
SKU0030,Beauty & Personal Care,2025-03-31,2635.1650000000004,2799.99,49.000000000000014,46.12700836446499,129123.08500000006,129155.16215041833,21323.08500000003,27675.74374859534
SKU0031,Beauty & Personal Care,2025-03-31,451.3950000000001,598.49,47.80000000000001,36.5401878860196,21576.68100000001,21868.937047903873,66.68100000000459,5425.852499195051
SKU0032,Sports & Fitness,2025-03-31,3672.778000000001,3955.49,9.500000000000002,8.568797543229396,34891.39100000002,33893.79299426844,6391.391000000012,8187.400364580253
SKU0033,Sports & Fitness,2025-03-31,1232.8340000000003,1208.99,27.200000000000003,27.843756002413063,33533.08480000001,33662.82256935737,9053.08480000001,8603.442167185613
SKU0034,Sports & Fitness,2025-03-31,1948.1740000000004,2403.49,38.7,29.86896150605355,75394.33380000002,71789.75029018465,5734.333800000018,18025.61957928825
SKU0035,Sports & Fitness,2025-03-31,853.5620000000001,886.49,28.300000000000004,27.057643485512568,24155.804600000007,23986.330373472036,4345.804600000004,5045.979933613239
SKU0036,Sports & Fitness,2025-03-31,3507.0260000000007,3510.99,28.200000000000003,28.159392544279765,98898.13320000003,98867.3456290408,25578.133200000022,25652.925013913416
SKU0037,Sports & Fitness,2025-03-31,599.6840000000002,703.99,52.2,43.312858848546746,31303.504800000013,30491.819500788424,2593.5048000000106,6669.747134087714
SKU0038,Books & Stationery,2025-03-31,511.4440000000001,450.49,75.50000000000001,87.33283818309803,38614.02200000001,39342.57027310383,4639.022000000006,42.79309070971883
SKU0039,Books & Stationery,2025-03-31,366.085,300.49,43.60000000000001,54.69495419054655,15961.306000000002,16435.286784717333,2881.3059999999996,26.800527553368305
SKU0040,Books & Stationery,2025-03-31,518.2620000000001,560.49,70.60000000000001,64.49764295556626,36589.29720000001,36150.283900165334,1289.2972000000043,3901.462422382204
SKU0041,Books & Stationery,2025-03-31,292.559,250.49,59.80000000000001,71.37482603194353,17495.028200000004,17878.680172741533,2545.028200000002,34.973664755652976
SKU0042,Books & Stationery,2025-03-31,906.4720000000002,1002.49,63.80000000000001,56.72018946922846,57832.91360000002,56861.422741006834,6792.913600000014,11485.271165624072
SKU0043,Books & Stationery,2025-03-31,724.7700000000001,909.49,67.0,51.43018081686632,48559.590000000004,46775.23515113175,5009.5900000000065,13345.617620168641
SKU0044,Pet Supplies,2025-03-31,1844.719,2125.99,55.50000000000001,47.25424751851376,102381.90450000002,100462.05768188505,13581.904500000004,24855.26165226304
SKU0045,Pet Supplies,2025-03-31,1391.0640000000003,1483.99,40.400000000000006,38.23905721898666,56198.98560000002,56746.37852240401,11758.985600000015,14683.415581518688
SKU0046,Pet Supplies,2025-03-31,564.3980000000001,603.49,34.400000000000006,32.62194241206714,19415.291200000007,19687.0160262584,3935.2912000000056,5007.141940828186
SKU0047,Pet Supplies,2025-03-31,435.6390000000001,444.99,41.900000000000006,41.20546059291138,18253.274100000006,18336.017909239636,3588.2741000000055,3914.1067017206524
SKU0048,Pet Supplies,2025-03-31,1103.3570000000002,1167.99,30.300000000000004,28.60723498032965,33431.71710000001,33412.96438467523,6161.717100000007,7666.4529023785435
SKU0049,Pet Supplies,2025-03-31,2390.246,2354.99,42.30000000000001,42.91409009622211,101107.40580000004,101062.2530357021,24967.40580000001,23816.8908625023
